version 2
JvmtiExport can_access_local_variables 0
JvmtiExport can_hotswap_or_post_breakpoint 0
JvmtiExport can_post_on_exceptions 0
# 556 ciObject found
instanceKlass application/DistrictTree
ciInstanceKlass java/lang/Cloneable 1 0 7 100 1 100 1 1 1
instanceKlass java/time/Year
instanceKlass application/SingleMartyrNode
instanceKlass application/MartyrDateTreeNode
instanceKlass application/LocationTreeNode
instanceKlass application/DistrictTreeNode
instanceKlass application/Martyr
instanceKlass java/time/temporal/TemporalQueries$7
instanceKlass java/time/temporal/TemporalQueries$6
instanceKlass java/time/temporal/TemporalQueries$5
instanceKlass java/time/temporal/TemporalQueries$4
instanceKlass java/time/temporal/TemporalQueries$3
instanceKlass java/time/temporal/TemporalQueries$2
instanceKlass java/time/temporal/TemporalQueries$1
instanceKlass java/time/temporal/TemporalQueries
instanceKlass  @bci java/util/regex/Pattern CIRange (II)Ljava/util/regex/Pattern$CharPredicate; 2 <appendix> member <vmtarget> ; # java/util/regex/Pattern$$Lambda+0x0000023c411c6d68
instanceKlass  @bci java/util/regex/Pattern SingleI (II)Ljava/util/regex/Pattern$BmpCharPredicate; 2 <appendix> member <vmtarget> ; # java/util/regex/Pattern$$Lambda+0x0000023c411c6ae0
instanceKlass java/time/format/Parsed
instanceKlass java/time/format/DateTimeParseContext
instanceKlass java/text/ParsePosition
instanceKlass  @bci java/time/LocalDate parse (Ljava/lang/CharSequence;Ljava/time/format/DateTimeFormatter;)Ljava/time/LocalDate; 9 <appendix> argL0 ; # java/time/LocalDate$$Lambda+0x0000023c411c6250
instanceKlass  @bci java/time/format/DateTimeFormatter <clinit> ()V 1075 <appendix> argL0 ; # java/time/format/DateTimeFormatter$$Lambda+0x800000010
instanceKlass  @bci java/time/format/DateTimeFormatter <clinit> ()V 1067 <appendix> argL0 ; # java/time/format/DateTimeFormatter$$Lambda+0x80000000f
instanceKlass java/time/Period
instanceKlass java/time/chrono/ChronoPeriod
instanceKlass java/time/format/DateTimeFormatterBuilder$TextPrinterParser
instanceKlass java/time/format/DateTimeTextProvider$1
instanceKlass java/time/format/DateTimeTextProvider
instanceKlass java/util/AbstractMap$SimpleImmutableEntry
instanceKlass java/time/format/DateTimeTextProvider$LocaleStore
instanceKlass java/time/format/DateTimeFormatterBuilder$InstantPrinterParser
instanceKlass java/time/format/DateTimeFormatterBuilder$StringLiteralPrinterParser
instanceKlass java/time/format/DateTimeFormatterBuilder$ZoneIdPrinterParser
instanceKlass java/time/format/DateTimeFormatterBuilder$OffsetIdPrinterParser
instanceKlass java/time/format/DecimalStyle
instanceKlass java/time/format/DateTimeFormatterBuilder$CompositePrinterParser
instanceKlass java/time/chrono/AbstractChronology
instanceKlass java/time/chrono/Chronology
instanceKlass java/time/format/DateTimeFormatterBuilder$CharLiteralPrinterParser
instanceKlass java/time/format/DateTimeFormatterBuilder$NumberPrinterParser
instanceKlass java/time/format/DateTimeFormatterBuilder$DateTimePrinterParser
instanceKlass java/time/temporal/JulianFields
instanceKlass java/time/temporal/IsoFields
instanceKlass java/time/temporal/ValueRange
instanceKlass java/time/Duration
instanceKlass java/time/temporal/TemporalAmount
instanceKlass java/time/temporal/TemporalUnit
instanceKlass java/time/temporal/TemporalField
instanceKlass  @bci java/time/format/DateTimeFormatterBuilder <clinit> ()V 0 <appendix> argL0 ; # java/time/format/DateTimeFormatterBuilder$$Lambda+0x800000011
instanceKlass java/time/ZoneId
instanceKlass java/time/temporal/TemporalQuery
instanceKlass java/time/format/DateTimeFormatterBuilder
instanceKlass java/time/format/DateTimeFormatter
instanceKlass java/util/regex/Matcher$ImmutableMatchResult
instanceKlass java/nio/channels/spi/AbstractInterruptibleChannel$1
instanceKlass sun/nio/ch/Interruptible
instanceKlass java/text/DigitList
instanceKlass java/text/FieldPosition
instanceKlass java/lang/StringUTF16$CharsSpliterator
instanceKlass java/util/stream/Sink$ChainedInt
instanceKlass  @bci java/util/stream/FindOps$FindSink$OfInt <clinit> ()V 43 <appendix> argL0 ; # java/util/stream/FindOps$FindSink$OfInt$$Lambda+0x800000049
instanceKlass  @bci java/util/stream/FindOps$FindSink$OfInt <clinit> ()V 38 <appendix> argL0 ; # java/util/stream/FindOps$FindSink$OfInt$$Lambda+0x80000004b
instanceKlass  @bci java/util/stream/FindOps$FindSink$OfInt <clinit> ()V 16 <appendix> argL0 ; # java/util/stream/FindOps$FindSink$OfInt$$Lambda+0x80000004a
instanceKlass  @bci java/util/stream/FindOps$FindSink$OfInt <clinit> ()V 11 <appendix> argL0 ; # java/util/stream/FindOps$FindSink$OfInt$$Lambda+0x80000004c
instanceKlass java/util/OptionalInt
instanceKlass java/util/stream/Sink$OfInt
instanceKlass java/util/function/IntConsumer
instanceKlass  @bci java/text/DecimalFormatSymbols findNonFormatChar (Ljava/lang/String;C)C 4 <appendix> argL0 ; # java/text/DecimalFormatSymbols$$Lambda+0x80000000d
instanceKlass java/util/function/IntPredicate
instanceKlass java/util/stream/IntStream
instanceKlass java/lang/StringLatin1$CharsSpliterator
instanceKlass  @bci sun/util/locale/provider/JRELocaleProviderAdapter getDecimalFormatSymbolsProvider ()Ljava/text/spi/DecimalFormatSymbolsProvider; 8 <appendix> member <vmtarget> ; # sun/util/locale/provider/JRELocaleProviderAdapter$$Lambda+0x80000006b
instanceKlass java/text/DecimalFormatSymbols
instanceKlass sun/util/resources/Bundles$2
instanceKlass sun/util/resources/Bundles$CacheKeyReference
instanceKlass  @bci java/util/ResourceBundle$ResourceBundleProviderHelper newResourceBundle (Ljava/lang/Class;)Ljava/util/ResourceBundle; 22 <appendix> member <vmtarget> ; # java/util/ResourceBundle$ResourceBundleProviderHelper$$Lambda+0x800000012
instanceKlass java/util/ArrayList$SubList$1
instanceKlass  @bci sun/util/cldr/CLDRLocaleProviderAdapter applyAliases (Ljava/util/Locale;)Ljava/util/Locale; 4 <appendix> argL0 ; # sun/util/cldr/CLDRLocaleProviderAdapter$$Lambda+0x800000064
instanceKlass sun/util/resources/LocaleData$LocaleDataResourceBundleProvider
instanceKlass java/util/spi/ResourceBundleProvider
instanceKlass sun/util/resources/Bundles$CacheKey
instanceKlass sun/util/resources/Bundles
instanceKlass sun/util/resources/LocaleData$LocaleDataStrategy
instanceKlass sun/util/resources/Bundles$Strategy
instanceKlass sun/util/resources/LocaleData$1
instanceKlass sun/util/resources/LocaleData
instanceKlass sun/util/locale/provider/LocaleResources
instanceKlass java/util/Locale$Builder
instanceKlass sun/util/locale/provider/CalendarDataUtility
instanceKlass sun/util/locale/provider/AvailableLanguageTags
instanceKlass  @bci sun/util/locale/provider/JRELocaleProviderAdapter getNumberFormatProvider ()Ljava/text/spi/NumberFormatProvider; 8 <appendix> member <vmtarget> ; # sun/util/locale/provider/JRELocaleProviderAdapter$$Lambda+0x80000006c
instanceKlass sun/util/resources/cldr/provider/CLDRLocaleDataMetaInfo
instanceKlass  @bci sun/util/cldr/CLDRLocaleProviderAdapter <init> ()V 4 <appendix> argL0 ; # sun/util/cldr/CLDRLocaleProviderAdapter$$Lambda+0x800000066
instanceKlass sun/util/locale/InternalLocaleBuilder$CaseInsensitiveChar
instanceKlass sun/util/locale/InternalLocaleBuilder
instanceKlass sun/util/locale/StringTokenIterator
instanceKlass sun/util/locale/ParseStatus
instanceKlass sun/util/locale/LanguageTag
instanceKlass sun/util/cldr/CLDRBaseLocaleDataMetaInfo
instanceKlass sun/util/locale/provider/LocaleDataMetaInfo
instanceKlass sun/util/locale/provider/ResourceBundleBasedAdapter
instanceKlass sun/util/locale/provider/LocaleProviderAdapter
instanceKlass java/util/spi/LocaleServiceProvider
instanceKlass java/text/Format
instanceKlass sun/util/locale/BaseLocale$Key
instanceKlass java/util/Scanner$PatternLRUCache
instanceKlass  @bci java/util/regex/Pattern and (Ljava/util/regex/Pattern$CharPredicate;Ljava/util/regex/Pattern$CharPredicate;Z)Ljava/util/regex/Pattern$CharPredicate; 14 <appendix> member <vmtarget> ; # java/util/regex/Pattern$$Lambda+0x0000023c411c1840
instanceKlass  @bci java/util/regex/CharPredicates forProperty (Ljava/lang/String;Z)Ljava/util/regex/Pattern$CharPredicate; 2625 <appendix> argL0 ; # java/util/regex/CharPredicates$$Lambda+0x0000023c411c15e8
instanceKlass  @bci java/util/regex/Pattern ALL ()Ljava/util/regex/Pattern$CharPredicate; 0 <appendix> argL0 ; # java/util/regex/Pattern$$Lambda+0x0000023c411c1390
instanceKlass  @bci java/util/regex/CharPredicates forProperty (Ljava/lang/String;Z)Ljava/util/regex/Pattern$CharPredicate; 2705 <appendix> argL0 ; # java/util/regex/CharPredicates$$Lambda+0x0000023c411c1138
instanceKlass java/util/Scanner
instanceKlass com/sun/glass/ui/CommonDialogs$FileChooserResult
instanceKlass com/sun/glass/ui/win/WinCommonDialogs
instanceKlass com/sun/glass/ui/CommonDialogs
instanceKlass com/sun/glass/ui/CommonDialogs$ExtensionFilter
instanceKlass javafx/stage/FileChooser$ExtensionFilter
instanceKlass javafx/stage/FileChooser
instanceKlass  @bci com/sun/javafx/tk/quantum/GlassSceneDnDEventHandler handleDragStart (IIIIILcom/sun/glass/ui/ClipboardAssistance;)V 30 <adapter> ; # java/lang/invoke/LambdaForm$MH+0x0000023c41198c00
# instanceKlass java/lang/invoke/LambdaForm$DMH+0x0000023c41198800
instanceKlass  @bci com/sun/javafx/tk/quantum/GlassSceneDnDEventHandler handleDragStart (IIIIILcom/sun/glass/ui/ClipboardAssistance;)V 30 <appendix> form vmentry <vmtarget> ; # java/lang/invoke/LambdaForm$DMH+0x0000023c41198400
instanceKlass  @bci com/sun/javafx/tk/quantum/GlassSceneDnDEventHandler handleDragStart (IIIIILcom/sun/glass/ui/ClipboardAssistance;)V 30 <appendix> member <vmtarget> ; # com/sun/javafx/tk/quantum/GlassSceneDnDEventHandler$$Lambda+0x0000023c411974c8
instanceKlass  @cpi com/sun/javafx/tk/quantum/GlassSceneDnDEventHandler 191 form vmentry <vmtarget> ; # java/lang/invoke/LambdaForm$DMH+0x0000023c41198000
instanceKlass  @bci com/sun/javafx/tk/quantum/GlassViewEventHandler handleDragStart (Lcom/sun/glass/ui/View;IIIIILcom/sun/glass/ui/ClipboardAssistance;)V 29 <adapter> ; # java/lang/invoke/LambdaForm$MH+0x0000023c41195c00
# instanceKlass java/lang/invoke/LambdaForm$DMH+0x0000023c41195800
instanceKlass  @bci com/sun/javafx/tk/quantum/GlassViewEventHandler handleDragStart (Lcom/sun/glass/ui/View;IIIIILcom/sun/glass/ui/ClipboardAssistance;)V 29 <appendix> form vmentry <vmtarget> ; # java/lang/invoke/LambdaForm$DMH+0x0000023c41195400
instanceKlass  @bci com/sun/javafx/tk/quantum/GlassViewEventHandler handleDragStart (Lcom/sun/glass/ui/View;IIIIILcom/sun/glass/ui/ClipboardAssistance;)V 29 <appendix> member <vmtarget> ; # com/sun/javafx/tk/quantum/GlassViewEventHandler$$Lambda+0x0000023c41196e78
instanceKlass com/sun/javafx/geom/transform/TransformHelper
instanceKlass  @cpi com/sun/javafx/tk/quantum/GlassViewEventHandler 875 form vmentry <vmtarget> ; # java/lang/invoke/LambdaForm$DMH+0x0000023c41195000
instanceKlass  @bci javafx/animation/Animation$1 timePulse (J)V 39 <adapter> ; # java/lang/invoke/LambdaForm$MH+0x0000023c41194c00
instanceKlass  @bci javafx/animation/Animation$1 timePulse (J)V 39 <appendix> form vmentry <vmtarget> ; # java/lang/invoke/LambdaForm$DMH+0x0000023c41194800
instanceKlass  @bci javafx/animation/Animation$1 timePulse (J)V 39 <appendix> member <vmtarget> ; # javafx/animation/Animation$1$$Lambda+0x0000023c41196648
instanceKlass  @bci com/sun/scenario/animation/AnimationPulse$PulseData <clinit> ()V 56 <appendix> argL0 ; # com/sun/scenario/animation/AnimationPulse$PulseData$$Lambda+0x0000023c41196430
instanceKlass  @bci com/sun/scenario/animation/AnimationPulse$PulseData <clinit> ()V 48 <appendix> argL0 ; # com/sun/scenario/animation/AnimationPulse$PulseData$$Lambda+0x0000023c41196218
instanceKlass  @bci com/sun/scenario/animation/AnimationPulse$PulseData <clinit> ()V 40 <appendix> argL0 ; # com/sun/scenario/animation/AnimationPulse$PulseData$$Lambda+0x0000023c41196000
instanceKlass  @bci com/sun/scenario/animation/AnimationPulse$PulseData <clinit> ()V 32 <appendix> argL0 ; # com/sun/scenario/animation/AnimationPulse$PulseData$$Lambda+0x0000023c41193d18
instanceKlass  @bci com/sun/scenario/animation/AnimationPulse$PulseData <clinit> ()V 24 <appendix> argL0 ; # com/sun/scenario/animation/AnimationPulse$PulseData$$Lambda+0x0000023c41193b00
instanceKlass  @bci com/sun/scenario/animation/AnimationPulse$PulseData <clinit> ()V 16 <appendix> argL0 ; # com/sun/scenario/animation/AnimationPulse$PulseData$$Lambda+0x0000023c411938e8
instanceKlass  @bci com/sun/scenario/animation/AnimationPulse$PulseData <clinit> ()V 8 <appendix> argL0 ; # com/sun/scenario/animation/AnimationPulse$PulseData$$Lambda+0x0000023c411936d0
instanceKlass  @bci com/sun/scenario/animation/AnimationPulse$PulseData <clinit> ()V 0 <appendix> argL0 ; # com/sun/scenario/animation/AnimationPulse$PulseData$$Lambda+0x0000023c411934b8
instanceKlass  @cpi com/sun/scenario/animation/AnimationPulse$PulseData 164 form vmentry <vmtarget> ; # java/lang/invoke/LambdaForm$DMH+0x0000023c41194400
# instanceKlass java/lang/invoke/LambdaForm$DMH+0x0000023c41194000
instanceKlass com/sun/scenario/animation/AnimationPulse$PulseData
instanceKlass com/sun/scenario/animation/AnimationPulse$PulseData$Accessor
instanceKlass com/sun/scenario/animation/AnimationPulse$AnimationPulseHolder
instanceKlass com/sun/scenario/animation/AnimationPulse
instanceKlass com/sun/scenario/animation/AnimationPulseMBean
instanceKlass javafx/animation/Animation$7
instanceKlass javafx/animation/KeyValue
instanceKlass  @bci javafx/scene/Scene$ClickCounter start (DD)V 67 <appendix> member <vmtarget> ; # javafx/scene/Scene$ClickCounter$$Lambda+0x0000023c41191e78
instanceKlass com/sun/scenario/animation/shared/InterpolationInterval
instanceKlass com/sun/scenario/animation/shared/ClipInterpolator
instanceKlass  @bci com/sun/scenario/animation/shared/TimelineClipCore <clinit> ()V 0 <appendix> argL0 ; # com/sun/scenario/animation/shared/TimelineClipCore$$Lambda+0x0000023c41190f68
instanceKlass javafx/animation/KeyFrame
instanceKlass com/sun/scenario/animation/shared/TimelineClipCore
instanceKlass com/sun/scenario/animation/shared/ClipEnvelope
instanceKlass javafx/animation/Animation$1
instanceKlass javafx/util/Duration
instanceKlass com/sun/scenario/animation/shared/AnimationAccessor
instanceKlass javafx/animation/Animation
instanceKlass com/sun/javafx/tk/TKDragSourceListener
instanceKlass javafx/scene/input/Clipboard
instanceKlass javafx/scene/Scene$DnDGesture
instanceKlass com/sun/glass/ui/win/WinClipboardDelegate
instanceKlass com/sun/glass/ui/Clipboard
instanceKlass  @bci java/util/stream/Collectors toList ()Ljava/util/stream/Collector; 14 <appendix> argL0 ; # java/util/stream/Collectors$$Lambda+0x0000023c411c0840
instanceKlass  @bci java/util/stream/Collectors toList ()Ljava/util/stream/Collector; 9 <appendix> argL0 ; # java/util/stream/Collectors$$Lambda+0x0000023c411c0618
instanceKlass  @bci java/util/stream/Collectors toList ()Ljava/util/stream/Collector; 4 <appendix> argL0 ; # java/util/stream/Collectors$$Lambda+0x0000023c411c0400
instanceKlass  @bci com/sun/javafx/scene/control/inputmap/InputMap lookup (Ljavafx/event/Event;Z)Ljava/util/List; 82 <appendix> argL0 ; # com/sun/javafx/scene/control/inputmap/InputMap$$Lambda+0x0000023c41189ae8
instanceKlass com/sun/prism/shader/Solid_TextureSecondPassLCD_Loader
instanceKlass com/sun/prism/shader/Solid_TextureFirstPassLCD_Loader
instanceKlass java/lang/FdLibm
instanceKlass java/lang/FdLibm$Atan2
instanceKlass com/sun/prism/shader/Texture_LinearGradient_PAD_Loader
instanceKlass com/sun/prism/impl/ps/PaintHelper
instanceKlass com/sun/javafx/geom/Path2D$Iterator
instanceKlass com/sun/prism/paint/Stop
instanceKlass com/sun/javafx/image/impl/BaseByteToByteConverter
instanceKlass com/sun/javafx/image/impl/ByteGray$Accessor
instanceKlass com/sun/javafx/image/BytePixelAccessor
instanceKlass com/sun/javafx/image/ByteToBytePixelConverter
instanceKlass com/sun/javafx/image/BytePixelSetter
instanceKlass com/sun/javafx/image/impl/ByteGray
instanceKlass com/sun/marlin/MaskMarlinAlphaConsumer
instanceKlass com/sun/marlin/ArrayCacheConst
instanceKlass com/sun/marlin/Helpers
instanceKlass com/sun/prism/impl/shape/DMarlinPrismUtils
instanceKlass com/sun/marlin/Dasher$LengthIterator
instanceKlass com/sun/marlin/Dasher
instanceKlass com/sun/marlin/Stroker
instanceKlass  @bci com/sun/marlin/OffHeapArray <init> (Ljava/lang/Object;J)V 52 <appendix> member <vmtarget> ; # com/sun/marlin/OffHeapArray$$Lambda+0x0000023c41187550
instanceKlass com/sun/marlin/RendererContext$RendererSharedMemory
instanceKlass com/sun/marlin/IntArrayCache$Reference
instanceKlass com/sun/marlin/Helpers$IndexStack
instanceKlass com/sun/marlin/TransformingPathConsumer2D$PathClipFilter
instanceKlass com/sun/marlin/ByteArrayCache$Reference
instanceKlass com/sun/marlin/DoubleArrayCache$Reference
instanceKlass com/sun/marlin/Helpers$PolyStack
instanceKlass com/sun/marlin/TransformingPathConsumer2D$ClosedPathDetector
instanceKlass com/sun/marlin/TransformingPathConsumer2D$PathTracer
instanceKlass com/sun/marlin/TransformingPathConsumer2D$DeltaTransformFilter
instanceKlass com/sun/marlin/TransformingPathConsumer2D$DeltaScaleFilter
instanceKlass com/sun/marlin/TransformingPathConsumer2D$Path2DWrapper
instanceKlass com/sun/marlin/TransformingPathConsumer2D
instanceKlass com/sun/marlin/TransformingPathConsumer2D$CurveClipSplitter
instanceKlass com/sun/marlin/TransformingPathConsumer2D$CurveBasicMonotonizer
instanceKlass com/sun/marlin/ByteArrayCache
instanceKlass com/sun/marlin/DoubleArrayCache
instanceKlass com/sun/marlin/IntArrayCache
instanceKlass com/sun/marlin/PathSimplifier
instanceKlass com/sun/marlin/CollinearSimplifier
instanceKlass com/sun/marlin/Curve
instanceKlass jdk/internal/math/DoubleToDecimal
instanceKlass  @bci com/sun/marlin/DMarlinRenderingEngine logSettings (Ljava/lang/String;)V 447 <appendix> form vmentry <vmtarget> ; # java/lang/invoke/LambdaForm$MH+0x0000023c41184800
instanceKlass jdk/internal/reflect/FieldAccessor
# instanceKlass java/lang/invoke/LambdaForm$MH+0x0000023c41184400
instanceKlass sun/misc/Unsafe
instanceKlass com/sun/marlin/OffHeapArray$1
instanceKlass com/sun/marlin/OffHeapArray
instanceKlass jdk/internal/math/MathUtils
instanceKlass jdk/internal/math/FloatToDecimal
instanceKlass  @bci com/sun/marlin/DMarlinRenderingEngine logSettings (Ljava/lang/String;)V 272 <appendix> form vmentry <vmtarget> ; # java/lang/invoke/LambdaForm$MH+0x0000023c41184000
instanceKlass  @bci com/sun/marlin/MarlinProperties getDouble (Ljava/lang/String;DDD)D 4 <appendix> member <vmtarget> ; # com/sun/marlin/MarlinProperties$$Lambda+0x0000023c411821b0
instanceKlass com/sun/marlin/Version
instanceKlass jdk/internal/ref/CleanerImpl$InnocuousThreadFactory
instanceKlass  @bci com/sun/marlin/MarlinProperties getString (Ljava/lang/String;Ljava/lang/String;)Ljava/lang/String; 2 <appendix> member <vmtarget> ; # com/sun/marlin/MarlinProperties$$Lambda+0x0000023c41181d90
instanceKlass com/sun/marlin/FloatMath
instanceKlass  @bci com/sun/marlin/MarlinProperties getInteger (Ljava/lang/String;III)I 1 <appendix> member <vmtarget> ; # com/sun/marlin/MarlinProperties$$Lambda+0x0000023c41181970
instanceKlass com/sun/marlin/MarlinUtils
instanceKlass com/sun/marlin/Renderer
instanceKlass com/sun/marlin/MarlinRenderer
instanceKlass com/sun/marlin/DPathConsumer2D
instanceKlass java/util/concurrent/ConcurrentLinkedQueue$Node
instanceKlass  @bci com/sun/marlin/DMarlinRenderingEngine <clinit> ()V 6 <appendix> argL0 ; # com/sun/marlin/DMarlinRenderingEngine$$Lambda+0x0000023c41180a60
instanceKlass  @bci com/sun/marlin/MarlinProperties getBoolean (Ljava/lang/String;Ljava/lang/String;)Z 2 <appendix> member <vmtarget> ; # com/sun/marlin/MarlinProperties$$Lambda+0x0000023c41180840
instanceKlass com/sun/marlin/MarlinProperties
instanceKlass com/sun/util/reentrant/ReentrantContext
instanceKlass com/sun/util/reentrant/ReentrantContextProvider
instanceKlass com/sun/marlin/DMarlinRenderingEngine
instanceKlass com/sun/marlin/MarlinConst
instanceKlass com/sun/marlin/MarlinAlphaConsumer
instanceKlass com/sun/openpisces/AlphaConsumer
instanceKlass com/sun/prism/impl/shape/DMarlinRasterizer
instanceKlass com/sun/prism/impl/shape/ShapeUtil$1
instanceKlass com/sun/prism/impl/shape/ShapeRasterizer
instanceKlass com/sun/prism/impl/shape/ShapeUtil
instanceKlass com/sun/prism/shader/Solid_TextureRGB_Loader
instanceKlass com/sun/prism/impl/ps/BaseShaderContext$1
instanceKlass com/sun/prism/MultiTexture
instanceKlass javafx/util/Pair
instanceKlass com/sun/prism/d3d/D3DTexture$1
# instanceKlass java/lang/invoke/LambdaForm$MH+0x0000023c4117ac00
# instanceKlass java/lang/invoke/LambdaForm$MH+0x0000023c4117a800
instanceKlass  @bci com/sun/prism/impl/BufferUtil nativeOrder (Ljava/nio/ByteBuffer;)V 12 <appendix> argL0 ; # com/sun/prism/impl/BufferUtil$$Lambda+0x0000023c4117e388
instanceKlass com/sun/prism/impl/BufferUtil
instanceKlass com/sun/prism/impl/packrect/Level
instanceKlass com/sun/prism/impl/shape/MaskData
instanceKlass com/sun/javafx/font/directwrite/D2D1_POINT_2F
instanceKlass com/sun/javafx/font/directwrite/D2D1_PIXEL_FORMAT
instanceKlass com/sun/javafx/font/directwrite/D2D1_RENDER_TARGET_PROPERTIES
instanceKlass  @bci com/sun/javafx/font/directwrite/DWFactory getWICFactory ()Lcom/sun/javafx/font/directwrite/IWICImagingFactory; 36 <appendix> argL0 ; # com/sun/javafx/font/directwrite/DWFactory$$Lambda+0x0000023c4117ca78
instanceKlass com/sun/prism/impl/GlyphCache$GlyphData
instanceKlass com/sun/prism/shader/Texture_Color_Loader
instanceKlass com/sun/prism/impl/packrect/RectanglePacker
instanceKlass com/sun/prism/impl/GlyphCache
instanceKlass com/sun/javafx/font/directwrite/DWRITE_MATRIX
instanceKlass com/sun/prism/PrinterGraphics
instanceKlass com/sun/prism/d3d/D3DContext$1
instanceKlass  @bci jdk/internal/reflect/DirectMethodHandleAccessor invokeImpl (Ljava/lang/Object;[Ljava/lang/Object;)Ljava/lang/Object; 72 <adapter> ; # java/lang/invoke/LambdaForm$MH+0x0000023c4117a400
# instanceKlass java/lang/invoke/LambdaForm$MH+0x0000023c4117a000
# instanceKlass java/lang/invoke/LambdaForm$MH+0x0000023c41179c00
# instanceKlass java/lang/invoke/LambdaForm$MH+0x0000023c41179800
instanceKlass com/sun/prism/shader/FillPgram_Color_Loader
instanceKlass  @bci com/sun/marlin/DMarlinRenderingEngine logSettings (Ljava/lang/String;)V 68 <appendix> form vmentry <vmtarget> ; # java/lang/invoke/LambdaForm$MH+0x0000023c41179400
# instanceKlass java/lang/invoke/LambdaForm$MH+0x0000023c41179000
instanceKlass  @bci com/sun/marlin/DMarlinRenderingEngine logSettings (Ljava/lang/String;)V 68 <appendix> argL3 form vmentry <vmtarget> ; # java/lang/invoke/LambdaForm$MH+0x0000023c41178c00
# instanceKlass java/lang/invoke/LambdaForm$MH+0x0000023c41178800
# instanceKlass java/lang/invoke/LambdaForm$MH+0x0000023c41178400
# instanceKlass java/lang/invoke/LambdaForm$MH+0x0000023c41178000
instanceKlass  @bci com/sun/prism/d3d/D3DResourceFactory createStockShader (Ljava/lang/String;)Lcom/sun/prism/ps/Shader; 16 <appendix> member <vmtarget> ; # com/sun/prism/d3d/D3DResourceFactory$$Lambda+0x0000023c41176f10
instanceKlass com/sun/javafx/geom/transform/Affine3D$1
instanceKlass com/sun/prism/impl/BaseGraphicsResource
instanceKlass  @bci com/sun/prism/impl/ps/BaseShaderGraphics <clinit> ()V 30 <appendix> argL0 ; # com/sun/prism/impl/ps/BaseShaderGraphics$$Lambda+0x0000023c41175aa0
instanceKlass com/sun/javafx/geom/PathIterator
instanceKlass com/sun/prism/impl/Disposer$Target
instanceKlass com/sun/prism/impl/Disposer
instanceKlass com/sun/prism/impl/PrismTrace
instanceKlass com/sun/prism/d3d/D3DResource$D3DRecord
instanceKlass com/sun/prism/impl/Disposer$Record
instanceKlass  @bci javafx/scene/Node buildEventDispatchChain (Ljavafx/event/EventDispatchChain;)Ljavafx/event/EventDispatchChain; 9 <appendix> member <vmtarget> ; # javafx/scene/Node$$Lambda+0x0000023c41173278
instanceKlass com/sun/prism/impl/BaseTexture
instanceKlass com/sun/prism/d3d/D3DContextSource
instanceKlass java/util/EnumMap$EnumMapIterator
instanceKlass com/sun/prism/ReadbackRenderTarget
instanceKlass com/sun/prism/d3d/D3DRenderTarget
instanceKlass com/sun/javafx/scene/input/PickResultChooser
instanceKlass com/sun/javafx/geom/PickRay
instanceKlass com/sun/prism/impl/BaseResourcePool$WeakLinkedList
instanceKlass  @bci com/sun/prism/impl/BaseResourcePool <clinit> ()V 110 <appendix> argL0 ; # com/sun/prism/impl/BaseResourcePool$$Lambda+0x0000023c41170e70
instanceKlass com/sun/javafx/scene/input/InputEventUtils
instanceKlass  @bci com/sun/prism/impl/BaseResourcePool <clinit> ()V 92 <appendix> argL0 ; # com/sun/prism/impl/BaseResourcePool$$Lambda+0x0000023c41170a58
instanceKlass  @bci com/sun/prism/impl/BaseResourcePool <clinit> ()V 74 <appendix> argL0 ; # com/sun/prism/impl/BaseResourcePool$$Lambda+0x0000023c41170840
instanceKlass javafx/scene/input/PickResult
instanceKlass  @bci com/sun/prism/impl/BaseResourcePool <clinit> ()V 56 <appendix> argL0 ; # com/sun/prism/impl/BaseResourcePool$$Lambda+0x0000023c41170420
instanceKlass javafx/scene/input/MouseEvent$Flags
instanceKlass  @bci com/sun/prism/impl/BaseResourcePool <clinit> ()V 38 <appendix> argL0 ; # com/sun/prism/impl/BaseResourcePool$$Lambda+0x0000023c41170208
instanceKlass  @bci com/sun/prism/impl/BaseResourcePool <clinit> ()V 20 <appendix> argL0 ; # com/sun/prism/impl/BaseResourcePool$$Lambda+0x0000023c4116cc00
instanceKlass  @cpi com/sun/prism/impl/BaseResourcePool 452 form vmentry <vmtarget> ; # java/lang/invoke/LambdaForm$DMH+0x0000023c4116c800
instanceKlass  @bci com/sun/javafx/tk/quantum/GlassViewEventHandler handleMouseEvent (Lcom/sun/glass/ui/View;JIIIIIIIZZ)V 98 <appendix> member <vmtarget> ; # com/sun/javafx/tk/quantum/GlassViewEventHandler$$Lambda+0x0000023c4116dbf8
instanceKlass com/sun/prism/impl/ManagedResource
instanceKlass com/sun/prism/impl/BaseResourcePool$Predicate
instanceKlass com/sun/prism/impl/BaseResourcePool
instanceKlass com/sun/glass/ui/Size
instanceKlass com/sun/javafx/tk/quantum/CursorUtils$1
instanceKlass com/sun/javafx/tk/quantum/CursorUtils
instanceKlass  @bci com/sun/javafx/tk/quantum/ViewScene setCursor (Ljava/lang/Object;)V 7 <appendix> member <vmtarget> ; # com/sun/javafx/tk/quantum/ViewScene$$Lambda+0x0000023c4116f320
instanceKlass com/sun/javafx/cursor/CursorFrame
instanceKlass javafx/scene/Cursor
instanceKlass com/sun/prism/image/CompoundImage
instanceKlass com/sun/javafx/util/TempState
# instanceKlass java/lang/invoke/LambdaForm$MH+0x0000023c4116c400
instanceKlass com/sun/javafx/scene/traversal/TabOrderHelper
instanceKlass  @bci com/sun/javafx/tk/Toolkit runPulse (Lcom/sun/javafx/tk/TKPulseListener;Ljava/security/AccessControlContext;)V 15 <appendix> member <vmtarget> ; # com/sun/javafx/tk/Toolkit$$Lambda+0x0000023c4116b200
instanceKlass com/sun/javafx/tk/quantum/PixelUtils
instanceKlass com/sun/javafx/image/impl/IntArgbPre$Accessor
instanceKlass com/sun/javafx/image/impl/IntArgbPre
instanceKlass com/sun/javafx/image/impl/IntArgb$Accessor
instanceKlass com/sun/javafx/image/IntPixelAccessor
instanceKlass com/sun/javafx/image/IntToBytePixelConverter
instanceKlass com/sun/javafx/image/IntPixelSetter
instanceKlass com/sun/javafx/image/IntPixelGetter
instanceKlass com/sun/javafx/image/impl/IntArgb
instanceKlass com/sun/javafx/image/PixelSetter
instanceKlass com/sun/javafx/image/impl/BaseByteToIntConverter
instanceKlass com/sun/javafx/image/ByteToIntPixelConverter
instanceKlass com/sun/javafx/image/PixelConverter
instanceKlass com/sun/javafx/image/impl/ByteRgb$Getter
instanceKlass com/sun/javafx/image/BytePixelGetter
instanceKlass com/sun/javafx/image/impl/ByteRgb
instanceKlass com/sun/javafx/iio/common/SmoothMinifier
instanceKlass com/sun/javafx/iio/common/PushbroomScaler
instanceKlass com/sun/javafx/iio/common/ScalerFactory
instanceKlass  @bci com/sun/javafx/tk/Toolkit notifyWindowListeners (Ljava/util/List;)V 74 <appendix> member <vmtarget> ; # com/sun/javafx/tk/Toolkit$$Lambda+0x0000023c41168220
instanceKlass  @bci com/sun/javafx/tk/quantum/WindowStage setVisible (Z)V 102 <appendix> form vmentry <vmtarget> ; # java/lang/invoke/LambdaForm$DMH+0x0000023c4116c000
instanceKlass  @bci com/sun/javafx/tk/quantum/WindowStage setVisible (Z)V 102 <appendix> member <vmtarget> ; # com/sun/javafx/tk/quantum/WindowStage$$Lambda+0x0000023c41168000
instanceKlass  @bci com/sun/javafx/tk/quantum/GlassViewEventHandler$ViewEventNotification run ()Ljava/lang/Void; 298 <appendix> member <vmtarget> ; # com/sun/javafx/tk/quantum/GlassViewEventHandler$ViewEventNotification$$Lambda+0x0000023c41165d20
instanceKlass javafx/scene/text/Text$10
instanceKlass com/sun/javafx/font/directwrite/DWRITE_GLYPH_RUN
instanceKlass com/sun/javafx/font/directwrite/RECT
instanceKlass com/sun/javafx/font/directwrite/D2D1_MATRIX_3X2_F
instanceKlass com/sun/javafx/font/directwrite/D2D1_COLOR_F
instanceKlass com/sun/javafx/font/directwrite/DWGlyph
instanceKlass com/sun/javafx/font/Glyph
instanceKlass com/sun/javafx/font/directwrite/DWRITE_GLYPH_METRICS
instanceKlass com/sun/javafx/text/TextLine
instanceKlass com/sun/javafx/font/CMap
instanceKlass com/sun/javafx/font/PrismMetrics
instanceKlass com/sun/javafx/text/LayoutCache
instanceKlass com/sun/javafx/text/ScriptMapper
# instanceKlass java/lang/invoke/LambdaForm$MH+0x0000023c41164c00
# instanceKlass java/lang/invoke/LambdaForm$MH+0x0000023c41164800
# instanceKlass java/lang/invoke/LambdaForm$MH+0x0000023c41164400
# instanceKlass java/lang/invoke/LambdaForm$DMH+0x0000023c41164000
instanceKlass jdk/internal/icu/text/BidiLine
instanceKlass jdk/internal/icu/text/UTF16
instanceKlass jdk/internal/foreign/MemorySessionImpl
instanceKlass java/lang/foreign/MemorySegment$Scope
instanceKlass jdk/internal/icu/impl/Trie2$UTrie2Header
instanceKlass jdk/internal/icu/impl/Trie2$1
instanceKlass jdk/internal/icu/impl/Trie2$ValueMapper
instanceKlass jdk/internal/icu/impl/Trie2
instanceKlass jdk/internal/icu/impl/UBiDiProps$IsAcceptable
instanceKlass jdk/internal/icu/impl/ICUBinary$Authenticate
instanceKlass  @bci jdk/internal/module/SystemModuleFinders$SystemModuleReader open (Ljava/lang/String;)Ljava/util/Optional; 6 <appendix> member <vmtarget> ; # jdk/internal/module/SystemModuleFinders$SystemModuleReader$$Lambda+0x0000023c4107ab60
instanceKlass jdk/internal/icu/impl/ICUBinary$1
instanceKlass jdk/internal/icu/impl/ICUBinary
instanceKlass jdk/internal/icu/impl/UBiDiProps
instanceKlass jdk/internal/icu/text/BidiBase$Point
instanceKlass jdk/internal/icu/text/BidiBase$InsertPoints
instanceKlass jdk/internal/icu/text/BidiRun
instanceKlass jdk/internal/icu/text/BidiBase$ImpTabPair
instanceKlass jdk/internal/icu/text/BidiBase
instanceKlass java/text/Bidi
instanceKlass com/sun/javafx/text/TextRun
instanceKlass com/sun/javafx/scene/control/behavior/TextBinding
instanceKlass javafx/scene/Parent$5
instanceKlass javafx/scene/control/SkinBase$StyleableProperties
instanceKlass com/sun/javafx/scene/control/Logging
instanceKlass  @bci javafx/scene/control/skin/ButtonSkin <init> (Ljavafx/scene/control/Button;)V 110 <appendix> member <vmtarget> ; # javafx/scene/control/skin/ButtonSkin$$Lambda+0x0000023c411617e0
instanceKlass  @bci javafx/scene/control/skin/ButtonSkin <init> (Ljavafx/scene/control/Button;)V 96 <appendix> member <vmtarget> ; # javafx/scene/control/skin/ButtonSkin$$Lambda+0x0000023c411615b0
instanceKlass  @bci javafx/scene/control/skin/ButtonSkin <init> (Ljavafx/scene/control/Button;)V 82 <appendix> member <vmtarget> ; # javafx/scene/control/skin/ButtonSkin$$Lambda+0x0000023c41161380
instanceKlass  @bci javafx/scene/control/skin/ButtonSkin <init> (Ljavafx/scene/control/Button;)V 68 <appendix> member <vmtarget> ; # javafx/scene/control/skin/ButtonSkin$$Lambda+0x0000023c41161150
instanceKlass  @bci com/sun/javafx/scene/control/behavior/ButtonBehavior <init> (Ljavafx/scene/control/ButtonBase;)V 225 <appendix> argL0 ; # com/sun/javafx/scene/control/behavior/ButtonBehavior$$Lambda+0x0000023c41160f08
instanceKlass  @bci com/sun/javafx/scene/control/behavior/ButtonBehavior <init> (Ljavafx/scene/control/ButtonBase;)V 220 <appendix> member <vmtarget> ; # com/sun/javafx/scene/control/behavior/ButtonBehavior$$Lambda+0x0000023c41160ce8
instanceKlass  @bci com/sun/javafx/scene/control/behavior/ButtonBehavior <init> (Ljavafx/scene/control/ButtonBase;)V 190 <appendix> argL0 ; # com/sun/javafx/scene/control/behavior/ButtonBehavior$$Lambda+0x0000023c41160aa0
instanceKlass  @bci com/sun/javafx/scene/control/behavior/ButtonBehavior <init> (Ljavafx/scene/control/ButtonBase;)V 185 <appendix> member <vmtarget> ; # com/sun/javafx/scene/control/behavior/ButtonBehavior$$Lambda+0x0000023c41160880
instanceKlass  @bci com/sun/javafx/scene/control/behavior/ButtonBehavior <init> (Ljavafx/scene/control/ButtonBase;)V 155 <appendix> member <vmtarget> ; # com/sun/javafx/scene/control/behavior/ButtonBehavior$$Lambda+0x0000023c41160660
instanceKlass  @bci com/sun/javafx/scene/control/behavior/ButtonBehavior <init> (Ljavafx/scene/control/ButtonBase;)V 136 <appendix> member <vmtarget> ; # com/sun/javafx/scene/control/behavior/ButtonBehavior$$Lambda+0x0000023c41160440
instanceKlass  @bci com/sun/javafx/scene/control/behavior/ButtonBehavior <init> (Ljavafx/scene/control/ButtonBase;)V 117 <appendix> member <vmtarget> ; # com/sun/javafx/scene/control/behavior/ButtonBehavior$$Lambda+0x0000023c41160220
instanceKlass  @bci com/sun/javafx/scene/control/behavior/ButtonBehavior <init> (Ljavafx/scene/control/ButtonBase;)V 98 <appendix> member <vmtarget> ; # com/sun/javafx/scene/control/behavior/ButtonBehavior$$Lambda+0x0000023c41160000
instanceKlass  @bci com/sun/javafx/scene/control/behavior/ButtonBehavior <init> (Ljavafx/scene/control/ButtonBase;)V 79 <appendix> member <vmtarget> ; # com/sun/javafx/scene/control/behavior/ButtonBehavior$$Lambda+0x0000023c4115cc58
instanceKlass  @bci com/sun/javafx/scene/control/behavior/ButtonBehavior <init> (Ljavafx/scene/control/ButtonBase;)V 57 <appendix> member <vmtarget> ; # com/sun/javafx/scene/control/behavior/ButtonBehavior$$Lambda+0x0000023c4115ca38
instanceKlass  @bci com/sun/javafx/scene/control/inputmap/InputMap addMapping (Lcom/sun/javafx/scene/control/inputmap/InputMap$Mapping;)V 23 <appendix> argL0 ; # com/sun/javafx/scene/control/inputmap/InputMap$$Lambda+0x0000023c4115c800
instanceKlass  @bci com/sun/javafx/scene/control/inputmap/InputMap addEventHandler (Ljavafx/event/EventType;)V 20 <appendix> member <vmtarget> ; # com/sun/javafx/scene/control/inputmap/InputMap$$Lambda+0x0000023c4115dc88
instanceKlass  @bci com/sun/javafx/scene/control/inputmap/InputMap addEventHandler (Ljavafx/event/EventType;)V 5 <appendix> argL0 ; # com/sun/javafx/scene/control/inputmap/InputMap$$Lambda+0x0000023c4115da50
instanceKlass  @bci com/sun/javafx/scene/control/behavior/FocusTraversalInputMap <clinit> ()V 387 <appendix> argL0 ; # com/sun/javafx/scene/control/behavior/FocusTraversalInputMap$$Lambda+0x0000023c4115d648
instanceKlass  @bci com/sun/javafx/scene/control/behavior/FocusTraversalInputMap <clinit> ()V 350 <appendix> argL0 ; # com/sun/javafx/scene/control/behavior/FocusTraversalInputMap$$Lambda+0x0000023c4115d430
instanceKlass  @bci com/sun/javafx/scene/control/behavior/FocusTraversalInputMap <clinit> ()V 310 <appendix> argL0 ; # com/sun/javafx/scene/control/behavior/FocusTraversalInputMap$$Lambda+0x0000023c4115d218
instanceKlass  @bci com/sun/javafx/scene/control/behavior/FocusTraversalInputMap <clinit> ()V 270 <appendix> argL0 ; # com/sun/javafx/scene/control/behavior/FocusTraversalInputMap$$Lambda+0x0000023c4115d000
instanceKlass  @bci com/sun/javafx/scene/control/behavior/FocusTraversalInputMap <clinit> ()V 230 <appendix> argL0 ; # com/sun/javafx/scene/control/behavior/FocusTraversalInputMap$$Lambda+0x0000023c4115fd38
instanceKlass  @bci com/sun/javafx/scene/control/behavior/FocusTraversalInputMap <clinit> ()V 190 <appendix> argL0 ; # com/sun/javafx/scene/control/behavior/FocusTraversalInputMap$$Lambda+0x0000023c4115fb20
instanceKlass  @bci com/sun/javafx/scene/control/behavior/FocusTraversalInputMap <clinit> ()V 150 <appendix> argL0 ; # com/sun/javafx/scene/control/behavior/FocusTraversalInputMap$$Lambda+0x0000023c4115f908
instanceKlass  @bci com/sun/javafx/scene/control/behavior/FocusTraversalInputMap <clinit> ()V 116 <appendix> argL0 ; # com/sun/javafx/scene/control/behavior/FocusTraversalInputMap$$Lambda+0x0000023c4115f6f0
instanceKlass  @bci com/sun/javafx/scene/control/behavior/FocusTraversalInputMap <clinit> ()V 92 <appendix> argL0 ; # com/sun/javafx/scene/control/behavior/FocusTraversalInputMap$$Lambda+0x0000023c4115f4d8
instanceKlass  @bci com/sun/javafx/scene/control/behavior/FocusTraversalInputMap <clinit> ()V 68 <appendix> argL0 ; # com/sun/javafx/scene/control/behavior/FocusTraversalInputMap$$Lambda+0x0000023c4115f2c0
instanceKlass  @bci com/sun/javafx/scene/control/behavior/FocusTraversalInputMap <clinit> ()V 44 <appendix> argL0 ; # com/sun/javafx/scene/control/behavior/FocusTraversalInputMap$$Lambda+0x0000023c4115f0a8
instanceKlass com/sun/javafx/scene/control/inputmap/KeyBinding
instanceKlass  @bci com/sun/javafx/scene/control/behavior/FocusTraversalInputMap <clinit> ()V 20 <appendix> argL0 ; # com/sun/javafx/scene/control/behavior/FocusTraversalInputMap$$Lambda+0x0000023c4115e850
instanceKlass com/sun/javafx/scene/control/inputmap/InputMap$Mapping
instanceKlass com/sun/javafx/scene/control/behavior/FocusTraversalInputMap
instanceKlass  @bci com/sun/javafx/scene/control/inputmap/InputMap <init> (Ljavafx/scene/Node;)V 108 <appendix> member <vmtarget> ; # com/sun/javafx/scene/control/inputmap/InputMap$$Lambda+0x0000023c4115e000
instanceKlass  @bci com/sun/javafx/scene/control/inputmap/InputMap <init> (Ljavafx/scene/Node;)V 86 <appendix> member <vmtarget> ; # com/sun/javafx/scene/control/inputmap/InputMap$$Lambda+0x0000023c4115bc28
instanceKlass com/sun/javafx/scene/control/inputmap/InputMap
instanceKlass  @bci com/sun/javafx/scene/control/behavior/ButtonBehavior <init> (Ljavafx/scene/control/ButtonBase;)V 7 <appendix> member <vmtarget> ; # com/sun/javafx/scene/control/behavior/ButtonBehavior$$Lambda+0x0000023c4115b3e8
instanceKlass  @bci javafx/scene/control/skin/ButtonSkin <init> (Ljavafx/scene/control/Button;)V 27 <appendix> member <vmtarget> ; # javafx/scene/control/skin/ButtonSkin$$Lambda+0x0000023c4115b1c8
instanceKlass  @bci javafx/scene/control/skin/ButtonSkin <init> (Ljavafx/scene/control/Button;)V 17 <appendix> member <vmtarget> ; # javafx/scene/control/skin/ButtonSkin$$Lambda+0x0000023c4115afa8
instanceKlass  @bci javafx/scene/control/skin/ButtonSkin <init> (Ljavafx/scene/control/Button;)V 7 <appendix> member <vmtarget> ; # javafx/scene/control/skin/ButtonSkin$$Lambda+0x0000023c4115ad88
instanceKlass  @bci javafx/scene/control/skin/LabeledSkinBase <init> (Ljavafx/scene/control/Labeled;)V 294 <appendix> member <vmtarget> ; # javafx/scene/control/skin/LabeledSkinBase$$Lambda+0x0000023c4115ab58
instanceKlass  @bci javafx/scene/control/skin/LabeledSkinBase <init> (Ljavafx/scene/control/Labeled;)V 280 <appendix> member <vmtarget> ; # javafx/scene/control/skin/LabeledSkinBase$$Lambda+0x0000023c4115a928
instanceKlass  @bci javafx/scene/control/skin/LabeledSkinBase <init> (Ljavafx/scene/control/Labeled;)V 266 <appendix> member <vmtarget> ; # javafx/scene/control/skin/LabeledSkinBase$$Lambda+0x0000023c4115a6f8
instanceKlass  @bci javafx/scene/control/skin/LabeledSkinBase <init> (Ljavafx/scene/control/Labeled;)V 252 <appendix> member <vmtarget> ; # javafx/scene/control/skin/LabeledSkinBase$$Lambda+0x0000023c4115a4c8
instanceKlass  @bci javafx/scene/control/skin/LabeledSkinBase <init> (Ljavafx/scene/control/Labeled;)V 238 <appendix> member <vmtarget> ; # javafx/scene/control/skin/LabeledSkinBase$$Lambda+0x0000023c4115a298
instanceKlass  @bci javafx/scene/control/skin/LabeledSkinBase <init> (Ljavafx/scene/control/Labeled;)V 224 <appendix> argL0 ; # javafx/scene/control/skin/LabeledSkinBase$$Lambda+0x0000023c4115a070
instanceKlass  @bci javafx/scene/control/skin/LabeledSkinBase <init> (Ljavafx/scene/control/Labeled;)V 211 <appendix> member <vmtarget> ; # javafx/scene/control/skin/LabeledSkinBase$$Lambda+0x0000023c41159e40
instanceKlass  @bci javafx/scene/control/skin/LabeledSkinBase <init> (Ljavafx/scene/control/Labeled;)V 197 <appendix> member <vmtarget> ; # javafx/scene/control/skin/LabeledSkinBase$$Lambda+0x0000023c41159c10
instanceKlass  @bci javafx/scene/control/skin/LabeledSkinBase <init> (Ljavafx/scene/control/Labeled;)V 183 <appendix> member <vmtarget> ; # javafx/scene/control/skin/LabeledSkinBase$$Lambda+0x0000023c411599e0
instanceKlass  @bci javafx/scene/control/skin/LabeledSkinBase <init> (Ljavafx/scene/control/Labeled;)V 169 <appendix> member <vmtarget> ; # javafx/scene/control/skin/LabeledSkinBase$$Lambda+0x0000023c411597b0
instanceKlass  @bci javafx/scene/control/skin/LabeledSkinBase <init> (Ljavafx/scene/control/Labeled;)V 155 <appendix> member <vmtarget> ; # javafx/scene/control/skin/LabeledSkinBase$$Lambda+0x0000023c41159580
instanceKlass  @bci javafx/scene/control/skin/LabeledSkinBase <init> (Ljavafx/scene/control/Labeled;)V 141 <appendix> member <vmtarget> ; # javafx/scene/control/skin/LabeledSkinBase$$Lambda+0x0000023c41159350
instanceKlass  @bci javafx/scene/control/skin/LabeledSkinBase <init> (Ljavafx/scene/control/Labeled;)V 127 <appendix> member <vmtarget> ; # javafx/scene/control/skin/LabeledSkinBase$$Lambda+0x0000023c41159120
instanceKlass  @bci javafx/scene/control/skin/LabeledSkinBase <init> (Ljavafx/scene/control/Labeled;)V 113 <appendix> member <vmtarget> ; # javafx/scene/control/skin/LabeledSkinBase$$Lambda+0x0000023c41158d00
instanceKlass  @bci javafx/scene/control/skin/LabeledSkinBase <init> (Ljavafx/scene/control/Labeled;)V 99 <appendix> member <vmtarget> ; # javafx/scene/control/skin/LabeledSkinBase$$Lambda+0x0000023c41158ad0
instanceKlass  @bci javafx/scene/control/skin/LabeledSkinBase <init> (Ljavafx/scene/control/Labeled;)V 85 <appendix> member <vmtarget> ; # javafx/scene/control/skin/LabeledSkinBase$$Lambda+0x0000023c411588a0
instanceKlass  @bci com/sun/javafx/scene/control/LambdaMultiplePropertyChangeListenerHandler registerChangeListener (Ljavafx/beans/value/ObservableValue;Ljava/util/function/Consumer;)V 38 <appendix> argL0 ; # com/sun/javafx/scene/control/LambdaMultiplePropertyChangeListenerHandler$$Lambda+0x0000023c41158678
instanceKlass  @bci com/sun/javafx/scene/control/LambdaMultiplePropertyChangeListenerHandler <init> ()V 89 <appendix> member <vmtarget> ; # com/sun/javafx/scene/control/LambdaMultiplePropertyChangeListenerHandler$$Lambda+0x0000023c41158458
instanceKlass  @bci com/sun/javafx/scene/control/LambdaMultiplePropertyChangeListenerHandler <init> ()V 53 <appendix> member <vmtarget> ; # com/sun/javafx/scene/control/LambdaMultiplePropertyChangeListenerHandler$$Lambda+0x0000023c41158238
instanceKlass  @bci java/time/format/DateTimeFormatterBuilder <clinit> ()V 0 <bsm> form vmentry <vmtarget> ; # java/lang/invoke/LambdaForm$DMH+0x0000023c4115c000
instanceKlass java/lang/invoke/MethodHandle$1
instanceKlass javafx/beans/value/WeakChangeListener
instanceKlass  @bci com/sun/javafx/scene/control/LambdaMultiplePropertyChangeListenerHandler <init> ()V 17 <appendix> member <vmtarget> ; # com/sun/javafx/scene/control/LambdaMultiplePropertyChangeListenerHandler$$Lambda+0x0000023c41157c88
instanceKlass  @bci com/sun/javafx/scene/control/LambdaMultiplePropertyChangeListenerHandler <clinit> ()V 0 <appendix> argL0 ; # com/sun/javafx/scene/control/LambdaMultiplePropertyChangeListenerHandler$$Lambda+0x0000023c41157a60
instanceKlass com/sun/javafx/scene/control/LambdaMultiplePropertyChangeListenerHandler
instanceKlass  @bci javafx/scene/control/skin/LabeledSkinBase <init> (Ljavafx/scene/control/Labeled;)V 71 <appendix> member <vmtarget> ; # javafx/scene/control/skin/LabeledSkinBase$$Lambda+0x0000023c41157628
instanceKlass javafx/beans/property/DoublePropertyBase$Listener
instanceKlass javafx/beans/property/BooleanPropertyBase$Listener
instanceKlass javafx/beans/property/ObjectPropertyBase$Listener
instanceKlass javafx/beans/value/ObservableIntegerValue
instanceKlass javafx/beans/value/WritableIntegerValue
instanceKlass javafx/scene/text/Text$TextAttribute
instanceKlass  @bci javafx/scene/control/skin/LabeledSkinBase <init> (Ljavafx/scene/control/Labeled;)V 26 <appendix> member <vmtarget> ; # javafx/scene/control/skin/LabeledSkinBase$$Lambda+0x0000023c4114de60
instanceKlass  @bci javafx/scene/control/SkinBase <clinit> ()V 0 <appendix> argL0 ; # javafx/scene/control/SkinBase$$Lambda+0x0000023c4114dc48
instanceKlass javafx/beans/value/ChangeListener
instanceKlass com/sun/javafx/scene/control/behavior/BehaviorBase
instanceKlass javafx/scene/control/SkinBase
instanceKlass javafx/scene/paint/Stop
instanceKlass javafx/scene/layout/BackgroundFill
instanceKlass com/sun/javafx/css/StyleCacheEntry
instanceKlass javafx/css/Style
instanceKlass javafx/css/Match
instanceKlass com/sun/javafx/css/CalculatedValue
instanceKlass com/sun/javafx/css/StyleCacheEntry$Key
instanceKlass com/sun/javafx/css/StyleCache
instanceKlass javafx/scene/Node$20
instanceKlass  @bci com/sun/javafx/tk/quantum/GlassWindowEventHandler handleWindowEvent (Lcom/sun/glass/ui/Window;JI)V 12 <appendix> member <vmtarget> ; # com/sun/javafx/tk/quantum/GlassWindowEventHandler$$Lambda+0x0000023c4114a078
instanceKlass  @bci com/sun/javafx/tk/quantum/GlassViewEventHandler handleViewEvent (Lcom/sun/glass/ui/View;JI)V 45 <appendix> member <vmtarget> ; # com/sun/javafx/tk/quantum/GlassViewEventHandler$$Lambda+0x0000023c41149e58
instanceKlass jdk/jfr/FlightRecorder
instanceKlass  @bci com/sun/javafx/logging/PulseLogger isPulseLoggingRequested ()Z 0 <appendix> argL0 ; # com/sun/javafx/logging/PulseLogger$$Lambda+0x0000023c41149338
instanceKlass com/sun/javafx/logging/PrintLogger$PulseData
instanceKlass  @bci com/sun/javafx/logging/PrintLogger <clinit> ()V 18 <appendix> argL0 ; # com/sun/javafx/logging/PrintLogger$$Lambda+0x0000023c41148f18
instanceKlass  @bci com/sun/javafx/logging/PrintLogger <clinit> ()V 0 <appendix> argL0 ; # com/sun/javafx/logging/PrintLogger$$Lambda+0x0000023c41148d00
instanceKlass com/sun/javafx/logging/Logger
instanceKlass com/sun/javafx/logging/PulseLogger
instanceKlass  @bci com/sun/javafx/tk/quantum/WindowStage setScene (Lcom/sun/javafx/tk/TKScene;)V 40 <appendix> member <vmtarget> ; # com/sun/javafx/tk/quantum/WindowStage$$Lambda+0x0000023c411481f0
instanceKlass com/sun/javafx/geom/DirtyRegionContainer
instanceKlass com/sun/javafx/geom/DirtyRegionPool
instanceKlass com/sun/javafx/sg/prism/NodePath
instanceKlass javafx/scene/Scene$InputMethodRequestsDelegate
instanceKlass com/sun/javafx/scene/input/ExtendedInputMethodRequests
instanceKlass javafx/scene/Scene$DropTargetListener
instanceKlass com/sun/scenario/effect/impl/state/AccessHelper
instanceKlass  @bci com/sun/scenario/effect/Effect <clinit> ()V 4 <appendix> argL0 ; # com/sun/scenario/effect/Effect$$Lambda+0x0000023c41142ff0
instanceKlass com/sun/scenario/effect/impl/state/AccessHelper$StateAccessor
instanceKlass com/sun/javafx/geom/Rectangle
instanceKlass com/sun/javafx/geom/Point2D
instanceKlass com/sun/prism/paint/Paint
instanceKlass com/sun/scenario/effect/Effect
instanceKlass javafx/scene/Scene$ScenePeerPaintListener
instanceKlass javafx/scene/Scene$ScenePeerListener
instanceKlass  @bci com/sun/javafx/tk/quantum/GlassScene setSecurityContext (Ljava/security/AccessControlContext;)V 22 <appendix> argL0 ; # com/sun/javafx/tk/quantum/GlassScene$$Lambda+0x0000023c41145e40
instanceKlass com/sun/javafx/tk/quantum/SwipeGestureRecognizer$CenterComputer
instanceKlass com/sun/javafx/tk/quantum/SwipeGestureRecognizer$MultiTouchTracker
instanceKlass com/sun/javafx/tk/quantum/SwipeGestureRecognizer
instanceKlass com/sun/javafx/tk/quantum/GestureRecognizers
instanceKlass com/sun/javafx/tk/quantum/GlassSceneDnDEventHandler
instanceKlass com/sun/javafx/tk/quantum/GlassViewEventHandler$ViewEventNotification
instanceKlass com/sun/javafx/tk/quantum/GlassViewEventHandler$MouseEventNotification
instanceKlass com/sun/javafx/tk/quantum/GlassViewEventHandler$KeyEventNotification
instanceKlass  @bci com/sun/javafx/tk/quantum/GlassViewEventHandler <clinit> ()V 0 <appendix> argL0 ; # com/sun/javafx/tk/quantum/GlassViewEventHandler$$Lambda+0x0000023c41144608
instanceKlass com/sun/javafx/tk/quantum/GestureRecognizer
instanceKlass com/sun/javafx/tk/quantum/GlassTouchEventListener
instanceKlass  @bci com/sun/glass/ui/View <clinit> ()V 0 <appendix> argL0 ; # com/sun/glass/ui/View$$Lambda+0x0000023c41144000
instanceKlass com/sun/prism/PresentableState
instanceKlass com/sun/javafx/tk/quantum/ViewPainter
instanceKlass com/sun/glass/ui/View$EventHandler
instanceKlass com/sun/glass/ui/ClipboardAssistance
instanceKlass javafx/application/Platform
instanceKlass  @bci com/sun/glass/ui/GestureSupport createTouchCountListener ()Lcom/sun/glass/ui/TouchInputSupport$TouchCountListener; 4 <appendix> member <vmtarget> ; # com/sun/glass/ui/GestureSupport$$Lambda+0x0000023c4113c7c0
instanceKlass  @cpi com/sun/glass/ui/GestureSupport 204 form vmentry <vmtarget> ; # java/lang/invoke/LambdaForm$DMH+0x0000023c41140000
instanceKlass com/sun/glass/ui/TouchInputSupport$TouchCountListener
instanceKlass com/sun/glass/ui/TouchInputSupport
instanceKlass com/sun/glass/ui/GestureSupport$GestureState
instanceKlass com/sun/glass/ui/GestureSupport
instanceKlass com/sun/glass/ui/win/WinGestureSupport
instanceKlass com/sun/javafx/tk/quantum/WindowStage$1
instanceKlass  @bci com/sun/javafx/tk/quantum/GlassStage lambda$doIntersectionPrivilege$1 (Ljava/security/AccessControlContext;)Ljava/security/AccessControlContext; 0 <appendix> argL0 ; # com/sun/javafx/tk/quantum/GlassStage$$Lambda+0x0000023c4113b0f8
instanceKlass  @bci com/sun/javafx/tk/quantum/GlassStage doIntersectionPrivilege (Ljava/security/PrivilegedAction;Ljava/security/AccessControlContext;Ljava/security/AccessControlContext;)Ljava/security/AccessControlContext; 1 <appendix> member <vmtarget> ; # com/sun/javafx/tk/quantum/GlassStage$$Lambda+0x0000023c4113aed8
instanceKlass  @bci com/sun/javafx/tk/quantum/GlassStage setSecurityContext (Ljava/security/AccessControlContext;)V 22 <appendix> argL0 ; # com/sun/javafx/tk/quantum/GlassStage$$Lambda+0x0000023c4113acc0
instanceKlass java/util/ResourceBundle$3
instanceKlass javafx/scene/input/KeyCombination$Modifier
instanceKlass com/sun/glass/ui/Window$EventHandler
instanceKlass com/sun/javafx/tk/quantum/GlassStage
instanceKlass com/sun/javafx/event/EventUtil
instanceKlass  @bci javafx/scene/Scene$KeyHandler <init> (Ljavafx/scene/Scene;)V 11 <appendix> member <vmtarget> ; # javafx/scene/Scene$KeyHandler$$Lambda+0x0000023c411388e0
instanceKlass javafx/scene/Scene$KeyHandler
instanceKlass com/sun/javafx/util/WeakReferenceQueue
instanceKlass com/sun/javafx/scene/transform/TransformUtils
instanceKlass java/util/LinkedList$Node
instanceKlass javafx/scene/Node$NodeTransformation
instanceKlass  @bci javafx/scene/Camera <init> ()V 115 <appendix> member <vmtarget> ; # javafx/scene/Camera$$Lambda+0x0000023c41132a80
instanceKlass javafx/scene/ParallelCamera$1
instanceKlass javafx/scene/Camera$1
instanceKlass com/sun/javafx/scene/ParallelCameraHelper$ParallelCameraAccessor
instanceKlass com/sun/javafx/scene/CameraHelper$CameraAccessor
instanceKlass com/sun/javafx/logging/PlatformLogger$1
instanceKlass javafx/scene/layout/BorderWidths
instanceKlass com/sun/javafx/scene/layout/region/BorderImageSlices
instanceKlass javafx/scene/layout/Border
instanceKlass javafx/scene/layout/BackgroundSize
instanceKlass javafx/scene/layout/BackgroundPosition
instanceKlass com/sun/javafx/scene/layout/region/RepeatStruct
instanceKlass javafx/scene/layout/CornerRadii
instanceKlass javafx/scene/layout/Background
instanceKlass javafx/scene/layout/Region$StyleableProperties
instanceKlass javafx/scene/control/Control$StyleableProperties
instanceKlass javafx/scene/control/Labeled$StyleableProperties
instanceKlass com/sun/javafx/css/StyleManager$Cache$Key
instanceKlass javafx/scene/image/ImageView$StyleableProperties
instanceKlass com/sun/javafx/css/StyleCache$Key
instanceKlass javafx/scene/CssStyleHelper$CacheContainer
instanceKlass javafx/css/converter/CursorConverter$Holder
instanceKlass javafx/scene/Node$StyleableProperties
instanceKlass javafx/scene/shape/Shape$StyleableProperties
instanceKlass javafx/scene/text/Text$StyleableProperties
instanceKlass  @bci com/sun/javafx/css/StyleMap <clinit> ()V 30 <appendix> argL0 ; # com/sun/javafx/css/StyleMap$$Lambda+0x0000023c41120468
instanceKlass com/sun/javafx/css/CascadingStyle
instanceKlass com/sun/javafx/css/StyleMap
instanceKlass com/sun/javafx/css/StyleManager$Cache
instanceKlass java/util/TimSort
instanceKlass java/util/Arrays$LegacyMergeSort
instanceKlass com/sun/javafx/css/StyleManager$Key
instanceKlass java/lang/Package$VersionInfo
instanceKlass  @bci java/lang/ClassLoader definePackage (Ljava/lang/String;Ljava/lang/Module;)Ljava/lang/Package; 73 <appendix> member <vmtarget> ; # java/lang/ClassLoader$$Lambda+0x0000023c410776c0
instanceKlass  @bci com/sun/javafx/css/StyleManager findMatchingStyles (Ljavafx/scene/Node;Ljavafx/scene/SubScene;[Ljava/util/Set;)Lcom/sun/javafx/css/StyleMap; 251 <appendix> argL0 ; # com/sun/javafx/css/StyleManager$$Lambda+0x0000023c4111f930
instanceKlass com/sun/javafx/css/StyleManager$CacheContainer
instanceKlass javafx/css/converter/FontConverter$FontStyleConverter$Holder
instanceKlass javafx/css/converter/FontConverter$Holder
instanceKlass sun/util/logging/PlatformLogger$ConfigurableBridge$LoggerConfiguration
instanceKlass java/util/logging/LogManager$4
instanceKlass  @bci java/util/logging/Level$KnownLevel findByName (Ljava/lang/String;Ljava/util/function/Function;)Ljava/util/Optional; 29 <appendix> argL0 ; # java/util/logging/Level$KnownLevel$$Lambda+0x800000025
instanceKlass java/util/ArrayList$ArrayListSpliterator
instanceKlass  @bci java/util/logging/Level findLevel (Ljava/lang/String;)Ljava/util/logging/Level; 13 <appendix> argL0 ; # java/util/logging/Level$$Lambda+0x800000013
instanceKlass java/util/Hashtable$Enumerator
instanceKlass java/util/logging/LogManager$LoggerContext$1
instanceKlass java/util/logging/LogManager$VisitedLoggers
instanceKlass java/util/logging/Logger$ConfigurationData
instanceKlass java/util/logging/Logger$LoggerBundle
instanceKlass java/util/logging/Handler
instanceKlass java/util/logging/Logger
instanceKlass java/util/logging/LogManager$2
instanceKlass java/util/logging/LogManager$LoggingProviderAccess
instanceKlass java/util/logging/LogManager$LogNode
instanceKlass java/util/logging/LogManager$LoggerContext
instanceKlass java/util/logging/LogManager$1
instanceKlass  @bci java/util/logging/Level$KnownLevel add (Ljava/util/logging/Level;)V 49 <appendix> argL0 ; # java/util/logging/Level$KnownLevel$$Lambda+0x800000024
instanceKlass  @bci java/util/logging/Level$KnownLevel add (Ljava/util/logging/Level;)V 19 <appendix> argL0 ; # java/util/logging/Level$KnownLevel$$Lambda+0x800000023
instanceKlass java/util/logging/Level
instanceKlass java/util/logging/LogManager
instanceKlass jdk/internal/logger/BootstrapLogger$BootstrapExecutors
instanceKlass jdk/internal/logger/BootstrapLogger$RedirectedLoggers
instanceKlass java/util/ServiceLoader$ProviderImpl
instanceKlass java/util/ServiceLoader$Provider
instanceKlass java/util/ServiceLoader$1
instanceKlass sun/util/logging/internal/LoggingProviderImpl$LogManagerAccess
instanceKlass java/util/concurrent/CopyOnWriteArrayList$COWIterator
instanceKlass jdk/internal/loader/URLClassPath$1
instanceKlass java/lang/CompoundEnumeration
instanceKlass jdk/internal/loader/BuiltinClassLoader$1
instanceKlass java/util/Collections$EmptyEnumeration
instanceKlass java/util/ServiceLoader$3
instanceKlass java/util/ServiceLoader$2
instanceKlass java/util/ServiceLoader$LazyClassPathLookupIterator
instanceKlass java/util/Spliterators$1Adapter
instanceKlass java/util/Spliterators$ArraySpliterator
instanceKlass java/util/ServiceLoader$ModuleServicesLookupIterator
instanceKlass java/util/ServiceLoader
instanceKlass jdk/internal/logger/BootstrapLogger$DetectBackend$1
instanceKlass jdk/internal/logger/BootstrapLogger$DetectBackend
instanceKlass jdk/internal/logger/BootstrapLogger
instanceKlass sun/util/logging/PlatformLogger$ConfigurableBridge
instanceKlass sun/util/logging/PlatformLogger$Bridge
instanceKlass java/io/FilePermission$1
instanceKlass jdk/internal/access/JavaIOFilePermissionAccess
instanceKlass jdk/internal/logger/LoggerFinderLoader
instanceKlass  @bci java/lang/System$LoggerFinder accessProvider ()Ljava/lang/System$LoggerFinder; 8 <appendix> argL0 ; # java/lang/System$LoggerFinder$$Lambda+0x0000023c41075b90
instanceKlass jdk/internal/logger/DefaultLoggerFinder$1
instanceKlass java/lang/System$LoggerFinder
instanceKlass jdk/internal/logger/LazyLoggers$LazyLoggerFactories
instanceKlass jdk/internal/logger/LazyLoggers$1
instanceKlass jdk/internal/logger/LazyLoggers
instanceKlass com/sun/javafx/logging/PlatformLogger
instanceKlass java/lang/System$Logger
instanceKlass com/sun/javafx/util/Logging
instanceKlass javafx/scene/CssStyleHelper
instanceKlass javafx/scene/Scene$ClickCounter
instanceKlass javafx/scene/Scene$ClickGenerator
instanceKlass javafx/scene/Scene$MouseHandler$1
instanceKlass com/sun/javafx/event/EventQueue
instanceKlass javafx/scene/Scene$MouseHandler
instanceKlass com/sun/javafx/scene/traversal/TraversalEngine$BaseEngineContext
instanceKlass com/sun/javafx/scene/traversal/ContainerTabOrder
instanceKlass com/sun/javafx/scene/traversal/Algorithm
instanceKlass com/sun/javafx/scene/traversal/TraversalContext
instanceKlass javafx/scene/Scene$TouchMap
instanceKlass javafx/scene/Scene$TouchGesture
instanceKlass javafx/scene/Scene$TargetWrapper
instanceKlass javafx/scene/Scene$ScenePulseListener
instanceKlass javafx/scene/SceneAntialiasing
instanceKlass  @bci javafx/scene/Scene <clinit> ()V 76 <appendix> argL0 ; # javafx/scene/Scene$$Lambda+0x0000023c41119b00
instanceKlass com/sun/javafx/scene/SceneHelper
instanceKlass javafx/scene/Scene$2
instanceKlass javafx/scene/input/InputMethodRequests
instanceKlass com/sun/javafx/tk/TKDropTargetListener
instanceKlass com/sun/javafx/tk/TKScenePaintListener
instanceKlass com/sun/javafx/tk/TKSceneListener
instanceKlass com/sun/javafx/scene/SceneHelper$SceneAccessor
instanceKlass com/sun/javafx/perf/PerformanceTracker$SceneAccessor
instanceKlass com/sun/javafx/scene/traversal/TraversalEngine
instanceKlass  @bci com/sun/javafx/binding/ExpressionHelperBase trim (I[Ljava/lang/Object;)I 0 <appendix> argL0 ; # com/sun/javafx/binding/ExpressionHelperBase$$Lambda+0x0000023c4110d718
instanceKlass  @bci application/Driver firstScreen (Ljavafx/stage/Stage;)Ljavafx/scene/layout/Pane; 453 <appendix> member <vmtarget> ; # application/Driver$$Lambda+0x0000023c4110c670
instanceKlass javafx/css/CssMetaData
instanceKlass  @bci application/Driver firstScreen (Ljavafx/stage/Stage;)Ljavafx/scene/layout/Pane; 343 <appendix> member <vmtarget> ; # application/Driver$$Lambda+0x0000023c4110c000
instanceKlass  @bci application/Driver firstScreen (Ljavafx/stage/Stage;)Ljavafx/scene/layout/Pane; 293 <appendix> member <vmtarget> ; # application/Driver$$Lambda+0x0000023c41107bc8
instanceKlass  @bci application/Driver firstScreen (Ljavafx/stage/Stage;)Ljavafx/scene/layout/Pane; 243 <appendix> member <vmtarget> ; # application/Driver$$Lambda+0x0000023c411079a8
instanceKlass  @bci application/Driver firstScreen (Ljavafx/stage/Stage;)Ljavafx/scene/layout/Pane; 193 <appendix> member <vmtarget> ; # application/Driver$$Lambda+0x0000023c41107788
instanceKlass javafx/event/WeakEventHandler
instanceKlass com/sun/javafx/event/CompositeEventHandler$EventProcessorRecord
instanceKlass com/sun/javafx/event/CompositeEventHandler
instanceKlass javafx/event/EventType
instanceKlass  @bci javafx/event/Event <clinit> ()V 0 <appendix> argL0 ; # javafx/event/Event$$Lambda+0x0000023c41105890
instanceKlass  @bci javafx/scene/control/Control <clinit> ()V 35 <appendix> argL0 ; # javafx/scene/control/Control$$Lambda+0x0000023c41105678
instanceKlass  @cpi com/sun/javafx/scene/control/behavior/FocusTraversalInputMap 210 form vmentry <vmtarget> ; # java/lang/invoke/LambdaForm$DMH+0x0000023c41108000
instanceKlass javafx/event/EventHandler
instanceKlass java/util/EventListener
instanceKlass com/sun/javafx/css/StyleManager$RefList
instanceKlass javafx/css/converter/FontConverter$FontWeightConverter$Holder
instanceKlass javafx/css/converter/StringConverter$Holder
instanceKlass javafx/css/converter/FontConverter$FontSizeConverter$Holder
instanceKlass javafx/css/converter/EffectConverter$Holder
instanceKlass javafx/scene/effect/Effect
instanceKlass com/sun/javafx/scene/layout/region/Margins
instanceKlass com/sun/javafx/scene/layout/region/Margins$Holder
instanceKlass javafx/css/converter/BooleanConverter$Holder
instanceKlass javafx/css/converter/SizeConverter$Holder
instanceKlass javafx/css/converter/InsetsConverter$Holder
instanceKlass com/sun/javafx/css/SelectorPartitioning$Slot
instanceKlass com/sun/javafx/css/SelectorPartitioning$Partition
instanceKlass javafx/css/converter/PaintConverter$Holder
instanceKlass javafx/css/converter/StopConverter$Holder
instanceKlass javafx/css/converter/LadderConverter$Holder
instanceKlass javafx/css/converter/DeriveColorConverter$Holder
instanceKlass javafx/css/converter/URLConverter$Holder
instanceKlass javafx/css/StyleConverter
instanceKlass javafx/css/Size
instanceKlass javafx/css/ParsedValue
instanceKlass javafx/css/Declaration
instanceKlass javafx/css/Rule$Observables
instanceKlass  @bci com/sun/javafx/css/SelectorPartitioning <clinit> ()V 28 <appendix> argL0 ; # com/sun/javafx/css/SelectorPartitioning$$Lambda+0x0000023c410f5a08
instanceKlass com/sun/javafx/css/SelectorPartitioning$PartitionKey
instanceKlass com/sun/javafx/css/SelectorPartitioning
instanceKlass com/sun/javafx/css/StyleManager$StylesheetContainer
instanceKlass java/util/AbstractList$SubList$1
instanceKlass javafx/collections/ModifiableObservableListBase$SubObservableList
instanceKlass javafx/css/StyleClass
instanceKlass javafx/css/Selector
instanceKlass javafx/css/Rule
instanceKlass javafx/css/StyleConverter$StringStore
instanceKlass sun/net/www/protocol/jar/JarFileFactory
instanceKlass sun/net/www/protocol/jar/URLJarFile$URLJarFileCloseController
instanceKlass javafx/css/Stylesheet
# instanceKlass java/lang/invoke/LambdaForm$MH+0x0000023c410f4400
# instanceKlass java/lang/invoke/LambdaForm$MH+0x0000023c410f4000
instanceKlass javafx/geometry/Point2D
instanceKlass com/sun/javafx/scene/control/skin/Utils
instanceKlass  @bci com/sun/javafx/css/StyleManager loadStylesheetUnPrivileged (Ljava/lang/String;)Ljavafx/css/Stylesheet; 7 <appendix> member <vmtarget> ; # com/sun/javafx/css/StyleManager$$Lambda+0x0000023c410f10c0
instanceKlass com/sun/javafx/css/StyleManager$ImageCache
instanceKlass com/sun/javafx/css/StyleManager$InstanceHolder
instanceKlass com/sun/javafx/css/StyleManager
instanceKlass  @bci com/sun/javafx/application/PlatformImpl _setPlatformUserAgentStylesheet (Ljava/lang/String;)V 370 <appendix> member <vmtarget> ; # com/sun/javafx/application/PlatformImpl$$Lambda+0x0000023c410f0890
instanceKlass  @bci com/sun/javafx/application/PlatformImpl _setAccessibilityTheme (Ljava/lang/String;)V 0 <appendix> argL0 ; # com/sun/javafx/application/PlatformImpl$$Lambda+0x0000023c410f0678
instanceKlass  @bci com/sun/glass/ui/win/WinApplication getHighContrastScheme (Ljava/lang/String;)Ljava/lang/String; 11 <appendix> member <vmtarget> ; # com/sun/glass/ui/win/WinApplication$$Lambda+0x0000023c410f0438
instanceKlass java/util/Collections$SynchronizedCollection
instanceKlass java/util/Properties$EntrySet
instanceKlass java/io/Reader
instanceKlass  @bci java/util/ResourceBundle$ResourceBundleProviderHelper loadPropertyResourceBundle (Ljava/lang/Module;Ljava/lang/Module;Ljava/lang/String;Ljava/util/Locale;)Ljava/util/ResourceBundle; 14 <appendix> member <vmtarget> ; # java/util/ResourceBundle$ResourceBundleProviderHelper$$Lambda+0x0000023c410705f8
instanceKlass java/security/Security$1
instanceKlass jdk/internal/access/JavaSecurityPropertiesAccess
instanceKlass java/util/concurrent/ConcurrentHashMap$MapEntry
instanceKlass java/util/Properties$LineReader
instanceKlass  @bci java/security/Security <clinit> ()V 9 <appendix> argL0 ; # java/security/Security$$Lambda+0x80000000b
instanceKlass java/security/Security
instanceKlass sun/security/util/SecurityProperties
instanceKlass sun/security/util/FilePermCompat
instanceKlass sun/security/util/SecurityConstants
instanceKlass  @bci java/util/ResourceBundle$ResourceBundleProviderHelper loadResourceBundle (Ljava/lang/Module;Ljava/lang/Module;Ljava/lang/String;Ljava/util/Locale;)Ljava/util/ResourceBundle; 13 <appendix> member <vmtarget> ; # java/util/ResourceBundle$ResourceBundleProviderHelper$$Lambda+0x0000023c4106f4d8
instanceKlass java/util/ResourceBundle$ResourceBundleProviderHelper
instanceKlass java/util/ResourceBundle$CacheKeyReference
instanceKlass java/util/ResourceBundle$CacheKey
instanceKlass  @bci java/util/ResourceBundle getLoader (Ljava/lang/Module;)Ljava/lang/ClassLoader; 6 <appendix> member <vmtarget> ; # java/util/ResourceBundle$$Lambda+0x0000023c4106ec50
instanceKlass sun/util/locale/LocaleObjectCache
instanceKlass java/util/ResourceBundle$Control
instanceKlass java/util/ResourceBundle$1
instanceKlass jdk/internal/access/JavaUtilResourceBundleAccess
instanceKlass java/util/ResourceBundle
instanceKlass com/sun/javafx/tk/quantum/QuantumToolkit$6
instanceKlass com/sun/javafx/application/PlatformImpl$2
instanceKlass  @bci com/sun/javafx/application/PlatformImpl _setPlatformUserAgentStylesheet (Ljava/lang/String;)V 8 <appendix> argL0 ; # com/sun/javafx/application/PlatformImpl$$Lambda+0x0000023c410ef040
instanceKlass javafx/scene/control/Control$1
instanceKlass javafx/scene/control/Skin
instanceKlass com/sun/javafx/scene/control/ControlHelper$ControlAccessor
instanceKlass javafx/scene/control/Skinnable
instanceKlass com/sun/javafx/collections/VetoableListDecorator$ModCountAccessorImpl
instanceKlass com/sun/javafx/collections/VetoableListDecorator$VetoableIteratorDecorator
instanceKlass com/sun/prism/Image$Serial
instanceKlass com/sun/prism/Image$1
instanceKlass javafx/scene/image/PixelFormat
instanceKlass com/sun/javafx/image/PixelGetter
instanceKlass com/sun/prism/Image$Accessor
instanceKlass com/sun/prism/Image
instanceKlass java/io/FileInputStream$1
instanceKlass com/sun/javafx/iio/ImageFrame
instanceKlass com/sun/javafx/iio/ImageMetadata
instanceKlass com/sun/javafx/iio/jpeg/JPEGImageLoader$Lock
instanceKlass  @bci com/sun/javafx/iio/jpeg/JPEGImageLoader <clinit> ()V 16 <appendix> argL0 ; # com/sun/javafx/iio/jpeg/JPEGImageLoader$$Lambda+0x0000023c410e06d8
instanceKlass com/sun/javafx/iio/common/ImageLoaderImpl
instanceKlass sun/net/www/MessageHeader
instanceKlass java/net/URLConnection
instanceKlass com/sun/javafx/iio/common/ImageTools
instanceKlass com/sun/javafx/iio/ImageFormatDescription$Signature
instanceKlass com/sun/javafx/iio/common/ImageDescriptor
instanceKlass com/sun/javafx/iio/bmp/BMPImageLoaderFactory
instanceKlass com/sun/javafx/iio/png/PNGImageLoaderFactory
instanceKlass com/sun/javafx/iio/jpeg/JPEGImageLoaderFactory
instanceKlass com/sun/javafx/iio/ImageFormatDescription
instanceKlass com/sun/javafx/iio/ImageLoader
instanceKlass com/sun/javafx/iio/gif/GIFImageLoaderFactory
instanceKlass com/sun/javafx/iio/ImageLoaderFactory
instanceKlass com/sun/javafx/iio/ImageStorage
instanceKlass com/sun/javafx/tk/quantum/PrismImageLoader2$PrismLoadListener
instanceKlass com/sun/javafx/iio/ImageLoadListener
instanceKlass com/sun/javafx/tk/quantum/PrismImageLoader2
instanceKlass com/sun/javafx/util/DataURI
instanceKlass javafx/scene/image/ImageView$1
instanceKlass com/sun/javafx/scene/ImageViewHelper$ImageViewAccessor
instanceKlass com/sun/javafx/font/FallbackResource
instanceKlass com/sun/javafx/font/PrismFontFactory$TTFilter
instanceKlass  @bci com/sun/javafx/font/PrismFontFactory populateFontFileNameMapGeneric (Ljava/lang/String;)V 12 <appendix> member <vmtarget> ; # com/sun/javafx/font/PrismFontFactory$$Lambda+0x0000023c410d1b38
instanceKlass java/util/Collections$3
instanceKlass jdk/internal/jimage/ImageLocation
instanceKlass jdk/internal/jimage/decompressor/Decompressor
instanceKlass jdk/internal/jimage/ImageStringsReader
instanceKlass jdk/internal/jimage/ImageStrings
instanceKlass jdk/internal/jimage/ImageHeader
# instanceKlass java/lang/invoke/LambdaForm$MH+0x0000023c410d9400
# instanceKlass java/lang/invoke/LambdaForm$MH+0x0000023c410d9000
# instanceKlass java/lang/invoke/LambdaForm$DMH+0x0000023c410d8c00
# instanceKlass java/lang/invoke/LambdaForm$DMH+0x0000023c410d8800
# instanceKlass java/lang/invoke/LambdaForm$DMH+0x0000023c410d8400
instanceKlass java/lang/invoke/MethodHandleImpl$ArrayAccessor
instanceKlass java/lang/invoke/MethodHandleImpl$LoopClauses
instanceKlass java/lang/invoke/MethodHandleImpl$CasesHolder
# instanceKlass java/lang/invoke/LambdaForm$MH+0x0000023c410d8000
# instanceKlass java/lang/invoke/LambdaForm$MH+0x0000023c410d7c00
# instanceKlass java/lang/invoke/LambdaForm$MH+0x0000023c410d7800
# instanceKlass java/lang/invoke/LambdaForm$MH+0x0000023c410d7400
# instanceKlass java/lang/invoke/LambdaForm$DMH+0x0000023c410d7000
# instanceKlass java/lang/invoke/LambdaForm$MH+0x0000023c410d6c00
# instanceKlass java/lang/invoke/LambdaForm$MH+0x0000023c410d6800
# instanceKlass java/lang/invoke/LambdaForm$BMH+0x0000023c410d6400
# instanceKlass java/lang/invoke/LambdaForm$DMH+0x0000023c410d6000
# instanceKlass java/lang/invoke/LambdaForm$MH+0x0000023c410d5c00
# instanceKlass java/lang/invoke/LambdaForm$DMH+0x0000023c410d5800
# instanceKlass java/lang/invoke/LambdaForm$MH+0x0000023c410d5400
# instanceKlass java/lang/invoke/LambdaForm$DMH+0x0000023c410d5000
instanceKlass java/lang/invoke/ClassSpecializer$Factory$1Var
# instanceKlass java/lang/invoke/LambdaForm$DMH+0x0000023c410d4c00
instanceKlass sun/invoke/util/ValueConversions$1
instanceKlass sun/invoke/util/ValueConversions$WrapperCache
# instanceKlass java/lang/invoke/LambdaForm$DMH+0x0000023c410d4800
instanceKlass sun/nio/ch/Util$4
instanceKlass sun/nio/ch/FileChannelImpl$Unmapper
instanceKlass jdk/internal/access/foreign/UnmapperProxy
instanceKlass  @bci jdk/internal/misc/ExtendedMapMode <clinit> ()V 0 <appendix> argL0 ; # jdk/internal/misc/ExtendedMapMode$$Lambda+0x0000023c4106b398
instanceKlass jdk/internal/misc/ExtendedMapMode
# instanceKlass java/lang/invoke/LambdaForm$MH+0x0000023c410d4400
# instanceKlass java/lang/invoke/LambdaForm$MH+0x0000023c410d4000
instanceKlass java/lang/foreign/MemorySegment
instanceKlass java/lang/foreign/Arena
instanceKlass java/lang/foreign/SegmentAllocator
instanceKlass java/nio/channels/FileChannel$MapMode
instanceKlass java/nio/channels/FileLock
instanceKlass jdk/internal/jimage/BasicImageReader$2
instanceKlass sun/nio/fs/WindowsChannelFactory$2
instanceKlass jdk/internal/jimage/NativeImageBuffer$1
instanceKlass jdk/internal/jimage/NativeImageBuffer
instanceKlass jdk/internal/jimage/BasicImageReader$1
instanceKlass jdk/internal/jimage/BasicImageReader
instanceKlass jdk/internal/jimage/ImageReader
instanceKlass jdk/internal/jimage/ImageReaderFactory$1
instanceKlass java/nio/file/FileSystems$DefaultFileSystemHolder$1
instanceKlass java/nio/file/FileSystems$DefaultFileSystemHolder
instanceKlass java/nio/file/Paths
instanceKlass jdk/internal/jimage/ImageReaderFactory
instanceKlass jdk/internal/module/SystemModuleFinders$SystemImage
instanceKlass jdk/internal/module/SystemModuleFinders$SystemModuleReader
instanceKlass jdk/internal/loader/BuiltinClassLoader$2
instanceKlass java/security/PrivilegedExceptionAction
instanceKlass javafx/scene/Scene
instanceKlass com/sun/javafx/font/Disposer$1
instanceKlass com/sun/javafx/font/Disposer
instanceKlass com/sun/javafx/font/CompositeStrikeDisposer
instanceKlass com/sun/javafx/font/Metrics
instanceKlass com/sun/javafx/font/CompositeStrike
instanceKlass com/sun/javafx/font/FontStrikeDesc
instanceKlass com/sun/javafx/font/PrismCompositeFontResource
instanceKlass com/sun/javafx/font/PrismFontFile$DirectoryEntry
instanceKlass com/sun/javafx/font/FontFileReader$Buffer
instanceKlass  @bci com/sun/javafx/font/FontFileReader openFile ()Z 11 <appendix> member <vmtarget> ; # com/sun/javafx/font/FontFileReader$$Lambda+0x0000023c410cbcc0
instanceKlass com/sun/javafx/font/FontFileReader
instanceKlass com/sun/javafx/font/PrismFontStrike
instanceKlass com/sun/javafx/font/DisposerRecord
instanceKlass  @bci com/sun/javafx/font/PrismFontFactory createFontResource (Ljava/lang/String;Ljava/lang/String;IZZZZ)Lcom/sun/javafx/font/PrismFontFile; 2 <appendix> form vmentry <vmtarget> ; # java/lang/invoke/LambdaForm$MH+0x0000023c410ce400
# instanceKlass java/lang/invoke/LambdaForm$MH+0x0000023c410ce000
instanceKlass  @bci com/sun/javafx/font/PrismFontFactory createFontResource (Ljava/lang/String;Ljava/lang/String;IZZZZ)Lcom/sun/javafx/font/PrismFontFile; 2 <appendix> argL3 form vmentry <vmtarget> ; # java/lang/invoke/LambdaForm$MH+0x0000023c410cdc00
# instanceKlass java/lang/invoke/LambdaForm$MH+0x0000023c410cd800
# instanceKlass java/lang/invoke/LambdaForm$MH+0x0000023c410cd400
# instanceKlass java/lang/invoke/LambdaForm$MH+0x0000023c410cd000
# instanceKlass java/lang/invoke/LambdaForm$MH+0x0000023c410ccc00
instanceKlass  @bci com/sun/javafx/font/PrismFontFactory createFontResource (Ljava/lang/String;Ljava/lang/String;IZZZZ)Lcom/sun/javafx/font/PrismFontFile; 2 <appendix> argL1 form vmentry <vmtarget> ; # java/lang/invoke/LambdaForm$MH+0x0000023c410cc800
# instanceKlass java/lang/invoke/LambdaForm$MH+0x0000023c410cc400
# instanceKlass java/lang/invoke/LambdaForm$MH+0x0000023c410cc000
# instanceKlass java/lang/invoke/LambdaForm$MH+0x0000023c410b8400
instanceKlass com/sun/javafx/font/WindowsFontMap$FamilyDescription
instanceKlass com/sun/javafx/font/WindowsFontMap
instanceKlass com/sun/javafx/font/PrismFont
instanceKlass com/sun/javafx/font/CharToGlyphMapper
instanceKlass com/sun/javafx/font/FontStrike
instanceKlass com/sun/javafx/font/LogicalFont
instanceKlass com/sun/javafx/font/CompositeFontResource
instanceKlass com/sun/javafx/font/directwrite/IUnknown
instanceKlass  @bci com/sun/javafx/font/directwrite/OS <clinit> ()V 0 <appendix> argL0 ; # com/sun/javafx/font/directwrite/OS$$Lambda+0x0000023c410c8ee8
instanceKlass com/sun/javafx/font/directwrite/OS
instanceKlass com/sun/javafx/text/GlyphLayout
instanceKlass com/sun/javafx/font/PrismFontFile
instanceKlass com/sun/javafx/font/FontConstants
instanceKlass com/sun/javafx/scene/text/FontHelper
instanceKlass javafx/scene/text/Font$1
instanceKlass com/sun/javafx/scene/text/FontHelper$FontAccessor
instanceKlass javafx/scene/text/Font
instanceKlass  @bci com/sun/javafx/font/PrismFontFactory <clinit> ()V 59 <appendix> member <vmtarget> ; # com/sun/javafx/font/PrismFontFactory$$Lambda+0x0000023c410c7708
instanceKlass java/io/FilenameFilter
instanceKlass com/sun/javafx/font/FontResource
instanceKlass com/sun/javafx/font/PGFont
instanceKlass com/sun/javafx/font/PrismFontFactory
instanceKlass java/text/CharacterIterator
instanceKlass com/sun/javafx/scene/text/TextLine
instanceKlass com/sun/javafx/scene/text/GlyphList
instanceKlass com/sun/javafx/text/PrismTextLayout
instanceKlass com/sun/javafx/scene/text/TextLayout
instanceKlass com/sun/javafx/text/PrismTextLayoutFactory
instanceKlass  @bci javafx/scene/text/Text <init> ()V 64 <appendix> member <vmtarget> ; # javafx/scene/text/Text$$Lambda+0x0000023c410c5e40
instanceKlass  @bci javafx/scene/text/Text <init> ()V 37 <appendix> member <vmtarget> ; # javafx/scene/text/Text$$Lambda+0x0000023c410c59e0
instanceKlass javafx/beans/WeakInvalidationListener
instanceKlass javafx/scene/paint/Paint$1
instanceKlass com/sun/javafx/tk/Toolkit$PaintAccessor
instanceKlass javafx/scene/text/Text$1
instanceKlass javafx/scene/shape/Shape$1
instanceKlass com/sun/javafx/scene/text/TextSpan
instanceKlass com/sun/javafx/scene/shape/TextHelper$TextAccessor
instanceKlass com/sun/javafx/scene/shape/ShapeHelper$ShapeAccessor
instanceKlass com/sun/javafx/beans/event/AbstractNotifyListener
instanceKlass javafx/geometry/Insets
instanceKlass  @bci javafx/scene/layout/Region <init> ()V 6 <appendix> member <vmtarget> ; # javafx/scene/layout/Region$$Lambda+0x0000023c410bf550
instanceKlass javafx/collections/SetChangeListener
instanceKlass  @bci javafx/scene/Node <init> ()V 73 <appendix> member <vmtarget> ; # javafx/scene/Node$$Lambda+0x0000023c410b7360
instanceKlass  @bci javafx/scene/Node <init> ()V 63 <appendix> member <vmtarget> ; # javafx/scene/Node$$Lambda+0x0000023c410b7140
instanceKlass javafx/scene/layout/Pane$1
instanceKlass com/sun/javafx/geom/Vec2d
instanceKlass javafx/scene/layout/Region$1
instanceKlass javafx/scene/Parent$1
instanceKlass  @bci javafx/scene/PropertyHelper getBooleanProperty (Ljava/lang/String;)Z 1 <appendix> member <vmtarget> ; # javafx/scene/PropertyHelper$$Lambda+0x0000023c410b5a28
instanceKlass javafx/scene/PropertyHelper
instanceKlass  @bci javafx/scene/Node <clinit> ()V 105 <appendix> argL0 ; # javafx/scene/Node$$Lambda+0x0000023c410b5610
instanceKlass  @cpi javafx/scene/Node 3268 form vmentry <vmtarget> ; # java/lang/invoke/LambdaForm$DMH+0x0000023c410b8000
instanceKlass com/sun/javafx/scene/BoundsAccessor
instanceKlass javafx/collections/SetChangeListener$Change
instanceKlass com/sun/javafx/css/BitSet
instanceKlass javafx/css/PseudoClass
instanceKlass javafx/geometry/Point3D
instanceKlass com/sun/javafx/scene/transform/TransformHelper
instanceKlass javafx/scene/transform/Transform$1
instanceKlass com/sun/javafx/scene/transform/TransformHelper$TransformAccessor
instanceKlass javafx/scene/transform/Transform
instanceKlass com/sun/javafx/scene/NodeHelper
instanceKlass javafx/scene/Node$1
instanceKlass com/sun/javafx/scene/layout/PaneHelper$PaneAccessor
instanceKlass com/sun/javafx/scene/layout/RegionHelper$RegionAccessor
instanceKlass com/sun/javafx/sg/prism/NGNode
instanceKlass com/sun/javafx/scene/ParentHelper$ParentAccessor
instanceKlass com/sun/glass/ui/Accessible$EventHandler
instanceKlass javafx/css/StyleableProperty
instanceKlass com/sun/javafx/scene/NodeHelper$NodeAccessor
instanceKlass  @bci com/sun/javafx/collections/VetoableListDecorator <init> (Ljavafx/collections/ObservableList;)V 14 <appendix> member <vmtarget> ; # com/sun/javafx/collections/VetoableListDecorator$$Lambda+0x0000023c4109fb60
instanceKlass  @bci com/sun/javafx/collections/TrackableObservableList <init> ()V 13 <appendix> member <vmtarget> ; # com/sun/javafx/collections/TrackableObservableList$$Lambda+0x0000023c4109f940
instanceKlass com/sun/javafx/collections/VetoableListDecorator$ModCountAccessor
instanceKlass com/sun/javafx/collections/VetoableListDecorator
instanceKlass com/sun/javafx/event/EventDispatchChainImpl
instanceKlass javafx/event/EventDispatchChain
instanceKlass com/sun/javafx/event/BasicEventDispatcher
instanceKlass javafx/event/EventDispatcher
instanceKlass java/util/EventObject
instanceKlass javafx/beans/binding/NumberBinding
instanceKlass javafx/stage/Window$TKBoundsConfigurator
instanceKlass com/sun/javafx/tk/TKPulseListener
instanceKlass javafx/stage/Stage$2
instanceKlass javafx/stage/Stage$1
instanceKlass com/sun/javafx/stage/WindowHelper
instanceKlass javafx/stage/Window$1
instanceKlass javafx/beans/binding/StringExpression
instanceKlass javafx/beans/value/ObservableStringValue
instanceKlass javafx/beans/value/WritableStringValue
instanceKlass com/sun/javafx/stage/WindowPeerListener
instanceKlass com/sun/javafx/tk/TKStageListener
instanceKlass com/sun/javafx/stage/StagePeerListener$StageAccessor
instanceKlass com/sun/javafx/stage/StageHelper$StageAccessor
instanceKlass com/sun/javafx/stage/WindowHelper$WindowAccessor
instanceKlass javafx/beans/value/WritableDoubleValue
instanceKlass javafx/beans/value/WritableNumberValue
instanceKlass  @bci com/sun/javafx/application/LauncherImpl launchApplication1 (Ljava/lang/Class;Ljava/lang/Class;[Ljava/lang/String;)V 415 <appendix> member <vmtarget> ; # com/sun/javafx/application/LauncherImpl$$Lambda+0x0000023c4108cf40
instanceKlass  @bci com/sun/javafx/application/PlatformImpl setApplicationName (Ljava/lang/Class;)V 1 <appendix> member <vmtarget> ; # com/sun/javafx/application/PlatformImpl$$Lambda+0x0000023c4108cd20
instanceKlass application/LinkedListMartyr
instanceKlass application/MartyrDateTree
instanceKlass application/LocationTree
instanceKlass application/DistrictTree
instanceKlass  @bci com/sun/javafx/application/LauncherImpl launchApplication1 (Ljava/lang/Class;Ljava/lang/Class;[Ljava/lang/String;)V 303 <appendix> member <vmtarget> ; # com/sun/javafx/application/LauncherImpl$$Lambda+0x0000023c4108c238
instanceKlass com/sun/javafx/application/LauncherImpl$1
instanceKlass  @bci com/sun/javafx/tk/quantum/WindowStage setScene (Lcom/sun/javafx/tk/TKScene;)V 40 <appendix> form vmentry <vmtarget> ; # java/lang/invoke/LambdaForm$DMH+0x0000023c41088c00
instanceKlass  @bci com/sun/javafx/application/LauncherImpl launchApplication (Ljava/lang/Class;Ljava/lang/Class;[Ljava/lang/String;)V 109 <appendix> member <vmtarget> ; # com/sun/javafx/application/LauncherImpl$$Lambda+0x0000023c41083d20
instanceKlass  @bci com/sun/javafx/application/LauncherImpl launchApplication (Ljava/lang/Class;[Ljava/lang/String;)V 8 <appendix> argL0 ; # com/sun/javafx/application/LauncherImpl$$Lambda+0x0000023c41087de0
instanceKlass java/lang/StackTraceElement$HashedModules
# instanceKlass java/lang/invoke/LambdaForm$MH+0x0000023c41088800
# instanceKlass java/lang/invoke/LambdaForm$MH+0x0000023c41088400
# instanceKlass java/lang/invoke/LambdaForm$MH+0x0000023c41088000
instanceKlass java/time/LocalDate
instanceKlass java/time/chrono/ChronoLocalDate
instanceKlass java/time/temporal/TemporalAdjuster
instanceKlass java/time/temporal/Temporal
instanceKlass java/time/temporal/TemporalAccessor
instanceKlass javafx/stage/Window
instanceKlass javafx/scene/Node
instanceKlass javafx/css/Styleable
instanceKlass javafx/event/EventTarget
# instanceKlass java/lang/invoke/LambdaForm$MH+0x0000023c41085800
# instanceKlass java/lang/invoke/LambdaForm$MH+0x0000023c41085400
# instanceKlass java/lang/invoke/LambdaForm$MH+0x0000023c41085000
instanceKlass java/lang/annotation/Target
# instanceKlass java/lang/invoke/LambdaForm$MH+0x0000023c41084c00
instanceKlass java/lang/reflect/Proxy$ProxyBuilder$1
instanceKlass jdk/internal/org/objectweb/asm/Edge
instanceKlass  @bci java/lang/reflect/ProxyGenerator addProxyMethod (Ljava/lang/reflect/Method;Ljava/lang/Class;)V 23 <appendix> argL0 ; # java/lang/reflect/ProxyGenerator$$Lambda+0x0000023c41067bc8
instanceKlass  @bci java/lang/reflect/ProxyGenerator addProxyMethod (Ljava/lang/reflect/ProxyGenerator$ProxyMethod;)V 10 <appendix> argL0 ; # java/lang/reflect/ProxyGenerator$$Lambda+0x0000023c41067990
instanceKlass java/lang/reflect/ProxyGenerator$ProxyMethod
instanceKlass  @bci java/lang/reflect/Proxy getLoader (Ljava/lang/Module;)Ljava/lang/ClassLoader; 6 <appendix> member <vmtarget> ; # java/lang/reflect/Proxy$$Lambda+0x0000023c41067250
instanceKlass  @bci java/lang/WeakPairMap computeIfAbsent (Ljava/lang/Object;Ljava/lang/Object;Ljava/util/function/BiFunction;)Ljava/lang/Object; 18 <appendix> member <vmtarget> ; # java/lang/WeakPairMap$$Lambda+0x0000023c41066e08
instanceKlass  @bci java/lang/Module implAddExportsOrOpens (Ljava/lang/String;Ljava/lang/Module;ZZ)V 145 <appendix> argL0 ; # java/lang/Module$$Lambda+0x0000023c41066be0
instanceKlass  @bci java/lang/reflect/Proxy$ProxyBuilder getDynamicModule (Ljava/lang/ClassLoader;)Ljava/lang/Module; 4 <appendix> argL0 ; # java/lang/reflect/Proxy$ProxyBuilder$$Lambda+0x0000023c410662a8
instanceKlass java/util/LinkedHashMap$LinkedHashIterator
instanceKlass java/lang/PublicMethods
instanceKlass java/util/Collections$1
instanceKlass java/lang/reflect/Proxy$ProxyBuilder
instanceKlass  @bci java/lang/reflect/Proxy getProxyConstructor (Ljava/lang/Class;Ljava/lang/ClassLoader;[Ljava/lang/Class;)Ljava/lang/reflect/Constructor; 35 <appendix> argL0 ; # java/lang/reflect/Proxy$$Lambda+0x0000023c41065008
instanceKlass java/lang/reflect/Proxy
instanceKlass sun/reflect/annotation/AnnotationInvocationHandler
instanceKlass java/lang/reflect/InvocationHandler
instanceKlass sun/reflect/annotation/AnnotationParser$1
instanceKlass sun/reflect/annotation/ExceptionProxy
instanceKlass java/lang/annotation/Inherited
instanceKlass java/lang/annotation/Retention
instanceKlass sun/reflect/annotation/AnnotationType$1
instanceKlass sun/reflect/annotation/AnnotationType
instanceKlass java/lang/reflect/GenericArrayType
instanceKlass sun/reflect/generics/visitor/Reifier
instanceKlass sun/reflect/generics/visitor/TypeTreeVisitor
instanceKlass sun/reflect/generics/factory/CoreReflectionFactory
instanceKlass sun/reflect/generics/factory/GenericsFactory
instanceKlass sun/reflect/generics/scope/AbstractScope
instanceKlass sun/reflect/generics/scope/Scope
instanceKlass sun/reflect/generics/tree/ClassTypeSignature
instanceKlass sun/reflect/generics/tree/SimpleClassTypeSignature
instanceKlass sun/reflect/generics/tree/FieldTypeSignature
instanceKlass sun/reflect/generics/tree/BaseType
instanceKlass sun/reflect/generics/tree/TypeSignature
instanceKlass sun/reflect/generics/tree/ReturnType
instanceKlass sun/reflect/generics/tree/TypeArgument
instanceKlass sun/reflect/generics/tree/TypeTree
instanceKlass sun/reflect/generics/tree/Tree
instanceKlass sun/reflect/generics/parser/SignatureParser
instanceKlass  @bci com/sun/javafx/application/PlatformImpl lambda$runLater$11 (Ljava/lang/Runnable;Ljava/security/AccessControlContext;)V 1 <appendix> member <vmtarget> ; # com/sun/javafx/application/PlatformImpl$$Lambda+0x0000023c41083438
instanceKlass com/sun/scenario/animation/AbstractPrimaryTimer$MainLoop
instanceKlass com/sun/scenario/DelayedRunnable
instanceKlass com/sun/glass/ui/InvokeLaterDispatcher$Future
instanceKlass com/sun/scenario/animation/shared/TimerReceiver
instanceKlass java/util/concurrent/LinkedBlockingDeque$Node
instanceKlass com/sun/scenario/animation/shared/PulseReceiver
instanceKlass  @bci com/sun/javafx/application/PlatformImpl runLater (Ljava/lang/Runnable;Z)V 68 <appendix> member <vmtarget> ; # com/sun/javafx/application/PlatformImpl$$Lambda+0x0000023c410823e8
instanceKlass com/sun/javafx/animation/TickCalculation
instanceKlass  @bci com/sun/javafx/application/PlatformImpl runAndWait (Ljava/lang/Runnable;Z)V 43 <appendix> member <vmtarget> ; # com/sun/javafx/application/PlatformImpl$$Lambda+0x0000023c41081fc8
instanceKlass  @bci com/sun/javafx/application/LauncherImpl launchApplicationWithArgs (Lcom/sun/javafx/application/ModuleAccess;Ljava/lang/String;Ljava/lang/String;[Ljava/lang/String;)V 55 <appendix> form vmentry <vmtarget> ; # java/lang/invoke/LambdaForm$DMH+0x0000023c41084800
instanceKlass  @bci com/sun/scenario/animation/AbstractPrimaryTimer <clinit> ()V 16 <appendix> argL0 ; # com/sun/scenario/animation/AbstractPrimaryTimer$$Lambda+0x0000023c41081db0
instanceKlass  @bci com/sun/javafx/application/LauncherImpl launchApplicationWithArgs (Lcom/sun/javafx/application/ModuleAccess;Ljava/lang/String;Ljava/lang/String;[Ljava/lang/String;)V 55 <appendix> member <vmtarget> ; # com/sun/javafx/application/LauncherImpl$$Lambda+0x0000023c41081b90
instanceKlass  @cpi com/sun/javafx/application/LauncherImpl 874 form vmentry <vmtarget> ; # java/lang/invoke/LambdaForm$DMH+0x0000023c41084400
instanceKlass com/sun/scenario/Settings
instanceKlass java/util/AbstractList$Itr
instanceKlass javafx/collections/ListChangeBuilder$SubChange
instanceKlass javafx/geometry/Rectangle2D
instanceKlass  @bci javafx/stage/Screen <clinit> ()V 29 <appendix> argL0 ; # javafx/stage/Screen$$Lambda+0x0000023c41081308
instanceKlass  @cpi javafx/stage/Screen 277 form vmentry <vmtarget> ; # java/lang/invoke/LambdaForm$DMH+0x0000023c41084000
instanceKlass com/sun/javafx/tk/TKScreenConfigurationListener
instanceKlass com/sun/javafx/binding/ExpressionHelperBase
instanceKlass javafx/collections/WeakListChangeListener
instanceKlass javafx/beans/WeakListener
instanceKlass  @bci javafx/collections/FXCollections$UnmodifiableObservableListImpl <init> (Ljavafx/collections/ObservableList;)V 11 <appendix> member <vmtarget> ; # javafx/collections/FXCollections$UnmodifiableObservableListImpl$$Lambda+0x0000023c41080000
instanceKlass javafx/collections/ListChangeListener
instanceKlass javafx/collections/ListChangeBuilder
instanceKlass javafx/collections/ListChangeListener$Change
instanceKlass javafx/util/Callback
instanceKlass com/sun/javafx/collections/SortableList
instanceKlass javafx/collections/FXCollections$EmptyObservableList$1
instanceKlass javafx/collections/ObservableFloatArray
instanceKlass javafx/collections/ObservableIntegerArray
instanceKlass javafx/collections/ObservableArray
instanceKlass javafx/collections/ObservableSet
instanceKlass javafx/collections/ObservableList
instanceKlass javafx/collections/ObservableMap
instanceKlass javafx/collections/FXCollections
instanceKlass javafx/stage/Screen
instanceKlass  @bci com/sun/javafx/tk/quantum/QuantumToolkit runToolkit ()V 55 <appendix> member <vmtarget> ; # com/sun/javafx/tk/quantum/QuantumToolkit$$Lambda+0x0000023c4103a200
instanceKlass  @bci com/sun/javafx/tk/quantum/QuantumToolkit runToolkit ()V 45 <appendix> member <vmtarget> ; # com/sun/javafx/tk/quantum/QuantumToolkit$$Lambda+0x0000023c41039fe0
instanceKlass com/sun/prism/impl/ps/BaseShaderContext$State
instanceKlass com/sun/javafx/geom/Vec3d
instanceKlass com/sun/prism/impl/VertexBuffer
instanceKlass com/sun/javafx/geom/BaseBounds
instanceKlass com/sun/javafx/geom/transform/GeneralTransform3D
instanceKlass com/sun/javafx/geom/transform/BaseTransform
instanceKlass com/sun/javafx/geom/transform/CanTransformVec3d
instanceKlass com/sun/prism/MaskTextureGraphics
instanceKlass com/sun/prism/ReadbackGraphics
instanceKlass com/sun/prism/ps/ShaderGraphics
instanceKlass com/sun/prism/impl/BaseGraphics
instanceKlass com/sun/prism/RectShadowGraphics
instanceKlass com/sun/prism/Graphics
instanceKlass com/sun/prism/impl/BaseContext
instanceKlass com/sun/prism/ps/Shader
instanceKlass com/sun/prism/Presentable
instanceKlass com/sun/prism/MeshView
instanceKlass com/sun/prism/RTTexture
instanceKlass com/sun/prism/RenderTarget
instanceKlass com/sun/prism/Surface
instanceKlass com/sun/prism/Texture
instanceKlass com/sun/prism/Mesh
instanceKlass com/sun/prism/PhongMaterial
instanceKlass com/sun/prism/Material
instanceKlass com/sun/prism/impl/TextureResourcePool
instanceKlass com/sun/prism/impl/ResourcePool
instanceKlass com/sun/prism/shape/ShapeRep
instanceKlass java/util/concurrent/Executors$RunnableAdapter
instanceKlass java/util/concurrent/FutureTask$WaitNode
instanceKlass  @bci com/sun/javafx/tk/quantum/QuantumRenderer createResourceFactory ()V 16 <appendix> argL0 ; # com/sun/javafx/tk/quantum/QuantumRenderer$$Lambda+0x0000023c410311c8
instanceKlass  @bci com/sun/javafx/tk/quantum/QuantumRenderer createResourceFactory ()V 10 <appendix> member <vmtarget> ; # com/sun/javafx/tk/quantum/QuantumRenderer$$Lambda+0x0000023c41030fa8
instanceKlass java/util/concurrent/FutureTask
instanceKlass java/util/Arrays$ArrayItr
instanceKlass  @bci com/sun/glass/ui/Screen <clinit> ()V 4 <appendix> argL0 ; # com/sun/glass/ui/Screen$$Lambda+0x0000023c41030870
instanceKlass  @bci com/sun/glass/ui/win/WinApplication lambda$runLoop$4 (ILjava/lang/Runnable;)Ljava/lang/Thread; 7 <appendix> member <vmtarget> ; # com/sun/glass/ui/win/WinApplication$$Lambda+0x0000023c41030650
instanceKlass  @cpi com/sun/glass/ui/win/WinApplication 503 form vmentry <vmtarget> ; # java/lang/invoke/LambdaForm$DMH+0x0000023c41034c00
instanceKlass  @bci com/sun/glass/ui/win/WinApplication runLoop (Ljava/lang/Runnable;)V 58 <adapter> ; # java/lang/invoke/LambdaForm$MH+0x0000023c41034800
# instanceKlass java/lang/invoke/LambdaForm$DMH+0x0000023c41034400
instanceKlass  @bci com/sun/glass/ui/win/WinApplication runLoop (Ljava/lang/Runnable;)V 58 <appendix> form vmentry <vmtarget> ; # java/lang/invoke/LambdaForm$DMH+0x0000023c41034000
instanceKlass  @bci com/sun/glass/ui/win/WinApplication runLoop (Ljava/lang/Runnable;)V 58 <appendix> member <vmtarget> ; # com/sun/glass/ui/win/WinApplication$$Lambda+0x0000023c41030430
instanceKlass  @bci com/sun/glass/ui/win/WinApplication getDesiredAwarenesslevel ()I 8 <appendix> argL0 ; # com/sun/glass/ui/win/WinApplication$$Lambda+0x0000023c41030218
instanceKlass  @bci com/sun/glass/ui/win/WinApplication runLoop (Ljava/lang/Runnable;)V 0 <appendix> argL0 ; # com/sun/glass/ui/win/WinApplication$$Lambda+0x0000023c41030000
instanceKlass  @bci com/sun/glass/ui/Application run (Ljava/lang/Runnable;)V 29 <appendix> member <vmtarget> ; # com/sun/glass/ui/Application$$Lambda+0x0000023c41028d28
instanceKlass java/util/concurrent/BlockingDeque
instanceKlass  @bci com/sun/glass/ui/win/WinApplication <init> ()V 4 <appendix> argL0 ; # com/sun/glass/ui/win/WinApplication$$Lambda+0x0000023c41028800
instanceKlass java/lang/ProcessEnvironment$CheckedEntry
instanceKlass java/lang/ProcessEnvironment$CheckedEntrySet$1
instanceKlass java/lang/ProcessEnvironment$EntryComparator
instanceKlass java/lang/ProcessEnvironment$NameComparator
instanceKlass com/sun/glass/ui/win/WinApplication$1
instanceKlass com/sun/glass/ui/View
instanceKlass com/sun/glass/ui/Timer
instanceKlass com/sun/glass/ui/Pixels
instanceKlass com/sun/glass/ui/Window
instanceKlass com/sun/glass/ui/GlassRobot
instanceKlass com/sun/glass/ui/Cursor
instanceKlass com/sun/glass/ui/Accessible
instanceKlass com/sun/glass/ui/delegate/MenuDelegate
instanceKlass com/sun/glass/ui/delegate/ClipboardDelegate
instanceKlass com/sun/glass/ui/delegate/MenuBarDelegate
instanceKlass com/sun/glass/ui/delegate/MenuItemDelegate
instanceKlass com/sun/glass/ui/InvokeLaterDispatcher$InvokeLaterSubmitter
instanceKlass  @bci com/sun/glass/ui/Platform determinePlatform ()Ljava/lang/String; 6 <appendix> argL0 ; # com/sun/glass/ui/Platform$$Lambda+0x0000023c4102ef40
instanceKlass com/sun/glass/ui/Platform
instanceKlass com/sun/glass/ui/PlatformFactory
instanceKlass  @bci com/sun/javafx/tk/quantum/QuantumToolkit startup (Ljava/lang/Runnable;)V 16 <appendix> member <vmtarget> ; # com/sun/javafx/tk/quantum/QuantumToolkit$$Lambda+0x0000023c4102e8f8
instanceKlass  @bci com/sun/javafx/application/PlatformImpl startup (Ljava/lang/Runnable;Z)V 231 <appendix> member <vmtarget> ; # com/sun/javafx/application/PlatformImpl$$Lambda+0x0000023c4102e6d8
instanceKlass java/lang/Shutdown$Lock
instanceKlass java/lang/Shutdown
instanceKlass java/lang/ApplicationShutdownHooks$1
instanceKlass java/lang/ApplicationShutdownHooks
instanceKlass  @bci com/sun/javafx/tk/quantum/QuantumToolkit init ()Z 37 <appendix> member <vmtarget> ; # com/sun/javafx/tk/quantum/QuantumToolkit$$Lambda+0x0000023c4102e4b8
instanceKlass  @bci com/sun/javafx/tk/quantum/PaintCollector <clinit> ()V 16 <appendix> argL0 ; # com/sun/javafx/tk/quantum/PaintCollector$$Lambda+0x0000023c4102e228
instanceKlass  @cpi com/sun/scenario/animation/shared/TimelineClipCore 204 form vmentry <vmtarget> ; # java/lang/invoke/LambdaForm$DMH+0x0000023c41028400
instanceKlass com/sun/javafx/tk/quantum/GlassScene
instanceKlass com/sun/javafx/tk/TKScene
instanceKlass com/sun/javafx/tk/quantum/PaintCollector
instanceKlass com/sun/javafx/tk/CompletionListener
instanceKlass java/util/concurrent/ForkJoinPool$2
instanceKlass jdk/internal/access/JavaUtilConcurrentFJPAccess
instanceKlass java/util/concurrent/ForkJoinPool$DefaultForkJoinWorkerThreadFactory
instanceKlass java/util/concurrent/ForkJoinTask
instanceKlass java/util/concurrent/ForkJoinPool$WorkQueue
instanceKlass java/util/concurrent/ForkJoinPool$ForkJoinWorkerThreadFactory
instanceKlass  @bci com/sun/glass/ui/Application <clinit> ()V 4 <appendix> argL0 ; # com/sun/glass/ui/Application$$Lambda+0x0000023c4102d650
instanceKlass com/sun/glass/ui/Application
instanceKlass com/sun/glass/ui/View$Capability
instanceKlass com/sun/glass/ui/Screen
instanceKlass com/sun/prism/impl/BaseResourceFactory
instanceKlass com/sun/prism/ps/ShaderFactory
instanceKlass  @bci com/sun/prism/d3d/D3DPipeline <clinit> ()V 0 <appendix> argL0 ; # com/sun/prism/d3d/D3DPipeline$$Lambda+0x0000023c41026b10
instanceKlass com/sun/prism/ResourceFactory
instanceKlass com/sun/prism/GraphicsResource
instanceKlass  @bci com/sun/marlin/DMarlinRenderingEngine logSettings (Ljava/lang/String;)V 68 <appendix> argL2 form vmentry <vmtarget> ; # java/lang/invoke/LambdaForm$MH+0x0000023c41028000
instanceKlass com/sun/javafx/font/FontFactory
instanceKlass com/sun/prism/GraphicsPipeline
instanceKlass  @bci com/sun/javafx/tk/quantum/QuantumRenderer$QuantumThreadFactory lambda$newThread$1 (Lcom/sun/javafx/tk/quantum/QuantumRenderer$PipelineRunnable;)Ljava/lang/Thread; 31 <appendix> argL0 ; # com/sun/javafx/tk/quantum/QuantumRenderer$QuantumThreadFactory$$Lambda+0x0000023c41023c28
instanceKlass  @cpi com/sun/javafx/tk/quantum/QuantumRenderer$QuantumThreadFactory 156 form vmentry <vmtarget> ; # java/lang/invoke/LambdaForm$DMH+0x0000023c41025c00
instanceKlass  @bci com/sun/marlin/DMarlinRenderingEngine logSettings (Ljava/lang/String;)V 88 <appendix> form vmentry <vmtarget> ; # java/lang/invoke/LambdaForm$MH+0x0000023c41025800
instanceKlass  @bci com/sun/marlin/DMarlinRenderingEngine logSettings (Ljava/lang/String;)V 88 <appendix> argL3 form vmentry <vmtarget> ; # java/lang/invoke/LambdaForm$MH+0x0000023c41025400
# instanceKlass java/lang/invoke/LambdaForm$MH+0x0000023c41025000
# instanceKlass java/lang/invoke/LambdaForm$MH+0x0000023c41024c00
instanceKlass  @bci com/sun/marlin/DMarlinRenderingEngine logSettings (Ljava/lang/String;)V 88 <appendix> argL1 form vmentry <vmtarget> ; # java/lang/invoke/LambdaForm$MH+0x0000023c41024800
# instanceKlass java/lang/invoke/LambdaForm$MH+0x0000023c41024400
instanceKlass java/lang/Thread$ThreadNumbering
instanceKlass  @bci com/sun/javafx/tk/quantum/QuantumRenderer$QuantumThreadFactory newThread (Ljava/lang/Runnable;)Ljava/lang/Thread; 19 <appendix> member <vmtarget> ; # com/sun/javafx/tk/quantum/QuantumRenderer$QuantumThreadFactory$$Lambda+0x0000023c41023a08
instanceKlass com/sun/javafx/tk/quantum/QuantumRenderer$PipelineRunnable
instanceKlass com/sun/javafx/tk/quantum/QuantumRenderer$QuantumThreadFactory
instanceKlass jdk/internal/vm/ThreadContainers
instanceKlass jdk/internal/vm/StackableScope
instanceKlass java/util/concurrent/Executors$DefaultThreadFactory
instanceKlass java/util/concurrent/Executors
instanceKlass java/util/concurrent/LinkedBlockingQueue$Node
instanceKlass java/util/concurrent/atomic/AtomicReference
instanceKlass  @bci com/sun/javafx/tk/quantum/QuantumRenderer <clinit> ()V 16 <appendix> argL0 ; # com/sun/javafx/tk/quantum/QuantumRenderer$$Lambda+0x0000023c41023390
instanceKlass java/util/concurrent/ThreadPoolExecutor$AbortPolicy
instanceKlass java/util/concurrent/RejectedExecutionHandler
instanceKlass java/util/concurrent/RunnableFuture
instanceKlass java/util/concurrent/Future
instanceKlass java/util/concurrent/BlockingQueue
instanceKlass java/util/concurrent/AbstractExecutorService
instanceKlass java/util/concurrent/ExecutorService
instanceKlass java/util/concurrent/Executor
instanceKlass  @bci com/sun/javafx/tk/quantum/GlassSystemMenu <init> ()V 16 <appendix> member <vmtarget> ; # com/sun/javafx/tk/quantum/GlassSystemMenu$$Lambda+0x0000023c41022d50
instanceKlass  @cpi com/sun/javafx/scene/control/inputmap/InputMap 467 form vmentry <vmtarget> ; # java/lang/invoke/LambdaForm$DMH+0x0000023c41024000
instanceKlass javafx/scene/input/KeyCombination
instanceKlass com/sun/glass/ui/MenuItem$Callback
instanceKlass com/sun/glass/ui/Menu$EventHandler
instanceKlass com/sun/javafx/menu/MenuItemBase
instanceKlass com/sun/javafx/tk/quantum/GlassSystemMenu
instanceKlass java/util/Collections$SynchronizedMap
instanceKlass  @bci com/sun/prism/impl/PrismSettings <clinit> ()V 0 <appendix> argL0 ; # com/sun/prism/impl/PrismSettings$$Lambda+0x0000023c41021640
instanceKlass com/sun/prism/impl/PrismSettings
instanceKlass com/sun/javafx/tk/quantum/PerformanceTrackerHelper$1
instanceKlass com/sun/javafx/tk/quantum/PerformanceTrackerHelper
instanceKlass com/sun/javafx/tk/quantum/QuantumToolkit$PulseTask
instanceKlass com/sun/javafx/geom/PathConsumer2D
instanceKlass com/sun/javafx/geom/Shape
instanceKlass com/sun/prism/BasicStroke
instanceKlass com/sun/javafx/tk/quantum/QuantumToolkit$3
instanceKlass  @bci com/sun/javafx/tk/quantum/QuantumToolkit <clinit> ()V 149 <appendix> argL0 ; # com/sun/javafx/tk/quantum/QuantumToolkit$$Lambda+0x0000023c4101b648
instanceKlass  @bci com/sun/javafx/tk/quantum/QuantumToolkit <clinit> ()V 132 <appendix> argL0 ; # com/sun/javafx/tk/quantum/QuantumToolkit$$Lambda+0x0000023c4101b430
instanceKlass  @bci com/sun/javafx/tk/quantum/QuantumToolkit <clinit> ()V 115 <appendix> argL0 ; # com/sun/javafx/tk/quantum/QuantumToolkit$$Lambda+0x0000023c4101b218
instanceKlass  @bci com/sun/javafx/tk/quantum/QuantumToolkit <clinit> ()V 98 <appendix> argL0 ; # com/sun/javafx/tk/quantum/QuantumToolkit$$Lambda+0x0000023c4101b000
instanceKlass  @bci com/sun/javafx/tk/quantum/QuantumToolkit <clinit> ()V 84 <appendix> argL0 ; # com/sun/javafx/tk/quantum/QuantumToolkit$$Lambda+0x0000023c4101fdd8
instanceKlass  @bci com/sun/javafx/tk/quantum/QuantumToolkit <clinit> ()V 67 <appendix> argL0 ; # com/sun/javafx/tk/quantum/QuantumToolkit$$Lambda+0x0000023c4101fbc0
instanceKlass  @bci com/sun/javafx/tk/quantum/QuantumToolkit <clinit> ()V 50 <appendix> argL0 ; # com/sun/javafx/tk/quantum/QuantumToolkit$$Lambda+0x0000023c4101f9a8
instanceKlass  @bci com/sun/javafx/tk/quantum/QuantumToolkit <clinit> ()V 33 <appendix> argL0 ; # com/sun/javafx/tk/quantum/QuantumToolkit$$Lambda+0x0000023c4101f790
instanceKlass  @bci com/sun/javafx/tk/quantum/QuantumToolkit <clinit> ()V 16 <appendix> argL0 ; # com/sun/javafx/tk/quantum/QuantumToolkit$$Lambda+0x0000023c4101f578
instanceKlass com/sun/glass/ui/Screen$EventHandler
instanceKlass com/sun/javafx/runtime/async/AbstractAsyncOperation
instanceKlass java/util/concurrent/Callable
instanceKlass com/sun/javafx/runtime/async/AsyncOperation
instanceKlass com/sun/scenario/animation/AbstractPrimaryTimer
instanceKlass com/sun/scenario/effect/FilterContext
instanceKlass com/sun/javafx/tk/FontLoader
instanceKlass com/sun/javafx/tk/TKSystemMenu
instanceKlass com/sun/scenario/effect/Filterable
instanceKlass com/sun/scenario/effect/LockableResource
instanceKlass javafx/scene/shape/PathElement
instanceKlass com/sun/javafx/scene/text/TextLayoutFactory
instanceKlass com/sun/javafx/tk/PlatformImage
instanceKlass com/sun/javafx/tk/TKStage
instanceKlass com/sun/glass/ui/Application$EventHandler
instanceKlass com/sun/javafx/tk/ImageLoader
instanceKlass com/sun/javafx/tk/ScreenConfigurationAccessor
instanceKlass com/sun/javafx/perf/PerformanceTracker
instanceKlass  @bci com/sun/javafx/font/PrismFontFactory getJDKFontDir ()Ljava/lang/String; 13 <appendix> form vmentry <vmtarget> ; # java/lang/invoke/LambdaForm$MH+0x0000023c4101a000
# instanceKlass java/lang/invoke/LambdaForm$MH+0x0000023c41019c00
instanceKlass  @bci com/sun/javafx/font/PrismFontFactory getJDKFontDir ()Ljava/lang/String; 13 <appendix> argL3 form vmentry <vmtarget> ; # java/lang/invoke/LambdaForm$MH+0x0000023c41019800
# instanceKlass java/lang/invoke/LambdaForm$MH+0x0000023c41019400
# instanceKlass java/lang/invoke/LambdaForm$MH+0x0000023c41019000
# instanceKlass java/lang/invoke/LambdaForm$MH+0x0000023c41018c00
# instanceKlass java/lang/invoke/LambdaForm$MH+0x0000023c41018800
instanceKlass  @bci com/sun/javafx/font/PrismFontFactory getJDKFontDir ()Ljava/lang/String; 13 <appendix> argL1 form vmentry <vmtarget> ; # java/lang/invoke/LambdaForm$MH+0x0000023c41018400
# instanceKlass java/lang/invoke/LambdaForm$MH+0x0000023c41018000
# instanceKlass java/lang/invoke/LambdaForm$MH+0x0000023c41017c00
# instanceKlass java/lang/invoke/LambdaForm$MH+0x0000023c41017800
instanceKlass java/nio/charset/CoderResult
instanceKlass java/lang/Readable
instanceKlass  @bci com/sun/javafx/font/LogicalFont <init> (Ljava/lang/String;ZZ)V 96 <appendix> form vmentry <vmtarget> ; # java/lang/invoke/LambdaForm$MH+0x0000023c41017400
# instanceKlass java/lang/invoke/LambdaForm$MH+0x0000023c41017000
instanceKlass  @bci com/sun/javafx/font/LogicalFont <init> (Ljava/lang/String;ZZ)V 96 <appendix> argL3 form vmentry <vmtarget> ; # java/lang/invoke/LambdaForm$MH+0x0000023c41016c00
instanceKlass java/lang/invoke/MethodHandles$1
# instanceKlass java/lang/invoke/LambdaForm$MH+0x0000023c41016800
# instanceKlass java/lang/invoke/LambdaForm$MH+0x0000023c41016400
# instanceKlass java/lang/invoke/LambdaForm$MH+0x0000023c41016000
# instanceKlass java/lang/invoke/LambdaForm$MH+0x0000023c41015c00
instanceKlass  @bci com/sun/javafx/font/LogicalFont <init> (Ljava/lang/String;ZZ)V 96 <appendix> argL1 form vmentry <vmtarget> ; # java/lang/invoke/LambdaForm$MH+0x0000023c41015800
instanceKlass  @bci com/sun/marlin/DMarlinRenderingEngine logSettings (Ljava/lang/String;)V 68 <appendix> argL1 form vmentry <vmtarget> ; # java/lang/invoke/LambdaForm$MH+0x0000023c41015400
# instanceKlass java/lang/invoke/LambdaForm$MH+0x0000023c41015000
# instanceKlass java/lang/invoke/LambdaForm$MH+0x0000023c41014c00
# instanceKlass java/lang/invoke/LambdaForm$MH+0x0000023c41014800
instanceKlass java/lang/Long$LongCache
# instanceKlass java/lang/invoke/LambdaForm$MH+0x0000023c41014400
instanceKlass sun/net/www/ParseUtil
instanceKlass java/lang/StackStreamFactory$FrameBuffer
instanceKlass java/lang/StackStreamFactory
instanceKlass  @bci com/sun/glass/utils/NativeLibLoader loadLibrary (Ljava/lang/String;)V 10 <appendix> argL0 ; # com/sun/glass/utils/NativeLibLoader$$Lambda+0x0000023c41012468
instanceKlass  @bci com/sun/glass/utils/NativeLibLoader <clinit> ()V 28 <appendix> argL0 ; # com/sun/glass/utils/NativeLibLoader$$Lambda+0x0000023c41012250
instanceKlass com/sun/glass/utils/NativeLibLoader
instanceKlass jdk/internal/math/FloatingDecimal$ASCIIToBinaryBuffer
instanceKlass jdk/internal/math/FloatingDecimal$PreparedASCIIToBinaryBuffer
instanceKlass jdk/internal/math/FloatingDecimal$ASCIIToBinaryConverter
instanceKlass jdk/internal/math/FloatingDecimal$BinaryToASCIIBuffer
instanceKlass jdk/internal/math/FloatingDecimal$ExceptionalBinaryToASCIIBuffer
instanceKlass jdk/internal/math/FloatingDecimal$BinaryToASCIIConverter
instanceKlass jdk/internal/math/FloatingDecimal
instanceKlass  @bci com/sun/javafx/PlatformUtil <clinit> ()V 72 <appendix> argL0 ; # com/sun/javafx/PlatformUtil$$Lambda+0x0000023c41011e38
instanceKlass  @bci com/sun/javafx/PlatformUtil <clinit> ()V 56 <appendix> argL0 ; # com/sun/javafx/PlatformUtil$$Lambda+0x0000023c41011c20
instanceKlass  @bci com/sun/javafx/PlatformUtil <clinit> ()V 37 <appendix> argL0 ; # com/sun/javafx/PlatformUtil$$Lambda+0x0000023c41011a08
instanceKlass  @bci com/sun/javafx/PlatformUtil <clinit> ()V 18 <appendix> argL0 ; # com/sun/javafx/PlatformUtil$$Lambda+0x0000023c410117f0
instanceKlass com/sun/javafx/PlatformUtil
instanceKlass  @bci com/sun/marlin/TransformingPathConsumer2D$PathTracer <init> (Ljava/lang/String;)V 6 <appendix> form vmentry <vmtarget> ; # java/lang/invoke/LambdaForm$MH+0x0000023c41014000
instanceKlass com/sun/javafx/runtime/VersionInfo
instanceKlass  @bci com/sun/javafx/tk/Toolkit getToolkit ()Lcom/sun/javafx/tk/Toolkit; 10 <appendix> argL0 ; # com/sun/javafx/tk/Toolkit$$Lambda+0x0000023c410111d8
instanceKlass  @bci java/util/regex/Pattern DOT ()Ljava/util/regex/Pattern$CharPredicate; 0 <appendix> argL0 ; # java/util/regex/Pattern$$Lambda+0x0000023c41055228
instanceKlass  @bci java/util/regex/CharPredicates ctype (I)Ljava/util/regex/Pattern$CharPredicate; 1 <appendix> member <vmtarget> ; # java/util/regex/CharPredicates$$Lambda+0x0000023c41054fa0
instanceKlass javafx/scene/image/Image$1
instanceKlass javafx/scene/image/PixelReader
instanceKlass javafx/beans/binding/NumberExpressionBase
instanceKlass javafx/beans/binding/NumberExpression
instanceKlass javafx/beans/value/ObservableDoubleValue
instanceKlass javafx/beans/value/ObservableNumberValue
instanceKlass com/sun/javafx/tk/Toolkit$ImageAccessor
instanceKlass javafx/geometry/Bounds
instanceKlass com/sun/javafx/util/Utils
instanceKlass javafx/scene/image/Image
instanceKlass  @bci com/sun/javafx/tk/Toolkit <clinit> ()V 14 <appendix> argL0 ; # com/sun/javafx/tk/Toolkit$$Lambda+0x0000023c4100d120
instanceKlass javafx/animation/Interpolatable
instanceKlass javafx/scene/paint/Paint
instanceKlass com/sun/javafx/tk/TKClipboard
instanceKlass com/sun/javafx/tk/Toolkit
instanceKlass com/sun/javafx/application/PlatformImpl$1
instanceKlass  @bci com/sun/javafx/application/PlatformImpl startup (Ljava/lang/Runnable;Z)V 142 <appendix> argL0 ; # com/sun/javafx/application/PlatformImpl$$Lambda+0x0000023c4100bf90
instanceKlass  @bci com/sun/javafx/application/PlatformImpl <clinit> ()V 176 <appendix> argL0 ; # com/sun/javafx/application/PlatformImpl$$Lambda+0x0000023c4100bd78
instanceKlass  @bci com/sun/javafx/application/PlatformImpl <clinit> ()V 159 <appendix> argL0 ; # com/sun/javafx/application/PlatformImpl$$Lambda+0x0000023c4100bb60
instanceKlass javafx/beans/InvalidationListener
instanceKlass javafx/beans/value/WritableObjectValue
instanceKlass javafx/beans/binding/Binding
instanceKlass javafx/beans/binding/ObjectExpression
instanceKlass javafx/beans/value/ObservableObjectValue
instanceKlass com/sun/javafx/tk/TKListener
instanceKlass javafx/beans/binding/BooleanExpression
instanceKlass javafx/beans/value/ObservableBooleanValue
instanceKlass javafx/beans/value/WritableBooleanValue
instanceKlass javafx/beans/property/Property
instanceKlass javafx/beans/value/WritableValue
instanceKlass javafx/beans/property/ReadOnlyProperty
instanceKlass javafx/beans/value/ObservableValue
instanceKlass javafx/beans/Observable
instanceKlass com/sun/javafx/application/PlatformImpl
instanceKlass  @bci com/sun/javafx/application/LauncherImpl startToolkit ()V 21 <appendix> member <vmtarget> ; # com/sun/javafx/application/LauncherImpl$$Lambda+0x0000023c41002c48
instanceKlass  @cpi javafx/scene/control/skin/LabeledSkinBase 847 form vmentry <vmtarget> ; # java/lang/invoke/LambdaForm$DMH+0x0000023c41005800
instanceKlass java/util/concurrent/CountDownLatch
# instanceKlass java/lang/invoke/LambdaForm$MH+0x0000023c41005400
# instanceKlass java/lang/invoke/LambdaForm$MH+0x0000023c41005000
instanceKlass java/lang/reflect/AnnotatedType
instanceKlass java/lang/reflect/TypeVariable
instanceKlass  @bci jdk/internal/reflect/DirectMethodHandleAccessor invokeImpl (Ljava/lang/Object;[Ljava/lang/Object;Ljava/lang/Class;)Ljava/lang/Object; 79 <adapter> ; # java/lang/invoke/LambdaForm$MH+0x0000023c41004c00
# instanceKlass java/lang/invoke/LambdaForm$MH+0x0000023c41004800
# instanceKlass java/lang/invoke/LambdaForm$MH+0x0000023c41004400
# instanceKlass java/lang/invoke/LambdaForm$MH+0x0000023c41004000
instanceKlass java/util/TreeMap$PrivateEntryIterator
instanceKlass java/util/TreeMap$Entry
instanceKlass java/lang/invoke/LambdaFormEditor$1
instanceKlass java/util/NavigableMap
instanceKlass java/util/SortedMap
instanceKlass  @bci com/sun/marlin/RendererContext createContext ()Lcom/sun/marlin/RendererContext; 13 <appendix> form vmentry <vmtarget> ; # java/lang/invoke/LambdaForm$MH+0x0000023c41003c00
# instanceKlass java/lang/invoke/LambdaForm$MH+0x0000023c41003800
instanceKlass  @cpi com/sun/javafx/scene/control/LambdaMultiplePropertyChangeListenerHandler 209 form vmentry <vmtarget> ; # java/lang/invoke/LambdaForm$DMH+0x0000023c41003400
instanceKlass  @cpi com/sun/javafx/application/LauncherImpl 899 form vmentry <vmtarget> ; # java/lang/invoke/LambdaForm$DMH+0x0000023c41003000
instanceKlass java/util/concurrent/atomic/AtomicBoolean
instanceKlass  @bci com/sun/javafx/application/LauncherImpl <clinit> ()V 0 <appendix> argL0 ; # com/sun/javafx/application/LauncherImpl$$Lambda+0x0000023c41002a30
instanceKlass jdk/internal/misc/PreviewFeatures
instanceKlass jdk/internal/misc/MethodFinder
instanceKlass javafx/application/Preloader$PreloaderNotification
instanceKlass com/sun/javafx/application/ModuleAccess
instanceKlass com/sun/javafx/application/PlatformImpl$FinishListener
instanceKlass javafx/application/Application$Parameters
instanceKlass com/sun/javafx/application/LauncherImpl
instanceKlass sun/launcher/LauncherHelper$FXHelper
instanceKlass java/lang/NamedPackage
instanceKlass javafx/application/Application
instanceKlass java/util/concurrent/locks/ReentrantReadWriteLock$WriteLock
instanceKlass java/util/concurrent/locks/ReentrantReadWriteLock$ReadLock
instanceKlass java/util/concurrent/locks/ReentrantReadWriteLock
instanceKlass java/util/concurrent/locks/ReadWriteLock
instanceKlass jdk/internal/module/ModuleReferences$SafeCloseModuleReader
instanceKlass java/security/SecureClassLoader$DebugHolder
instanceKlass java/security/Permission
instanceKlass java/security/Guard
instanceKlass java/security/PermissionCollection
instanceKlass java/security/SecureClassLoader$1
instanceKlass sun/net/util/URLUtil
instanceKlass jdk/internal/module/Resources
instanceKlass jdk/internal/module/ModulePatcher$PatchedModuleReader
instanceKlass jdk/internal/module/ModuleReferences$ExplodedModuleReader
instanceKlass jdk/internal/loader/BuiltinClassLoader$5
instanceKlass sun/launcher/LauncherHelper
instanceKlass jdk/internal/vm/PostVMInitHook$1
instanceKlass jdk/internal/util/EnvUtils
instanceKlass jdk/internal/vm/PostVMInitHook$2
instanceKlass jdk/internal/vm/PostVMInitHook
instanceKlass java/lang/invoke/StringConcatFactory
instanceKlass jdk/internal/module/ModuleBootstrap$SafeModuleFinder
instanceKlass java/lang/ModuleLayer$Controller
instanceKlass java/util/concurrent/CopyOnWriteArrayList
instanceKlass jdk/internal/module/ServicesCatalog$ServiceProvider
instanceKlass jdk/internal/loader/AbstractClassLoaderValue$Memoizer
instanceKlass sun/net/util/IPAddressUtil$MASKS
instanceKlass sun/net/util/IPAddressUtil
instanceKlass jdk/internal/module/ModuleLoaderMap$Modules
instanceKlass jdk/internal/module/ModuleLoaderMap$Mapper
instanceKlass jdk/internal/module/ModuleLoaderMap
instanceKlass java/lang/module/ResolvedModule
instanceKlass java/util/SequencedSet
instanceKlass java/lang/ModuleLayer
instanceKlass java/util/stream/ForEachOps$ForEachOp
instanceKlass java/util/stream/ForEachOps
instanceKlass  @bci java/lang/module/ModuleFinder$2 findAll ()Ljava/util/Set; 50 <appendix> member <vmtarget> ; # java/lang/module/ModuleFinder$2$$Lambda+0x800000006
instanceKlass  @bci java/lang/module/ModuleFinder$2 findAll ()Ljava/util/Set; 38 <appendix> argL0 ; # java/lang/module/ModuleFinder$2$$Lambda+0x800000007
instanceKlass java/util/WeakHashMap$HashIterator
instanceKlass  @bci jdk/internal/module/ModulePath jarPackages (Ljava/util/jar/JarFile;)Ljava/util/Set; 35 <appendix> argL0 ; # jdk/internal/module/ModulePath$$Lambda+0x0000023c4104f4b8
instanceKlass  @bci jdk/internal/module/ModulePath jarPackages (Ljava/util/jar/JarFile;)Ljava/util/Set; 25 <appendix> member <vmtarget> ; # jdk/internal/module/ModulePath$$Lambda+0x0000023c4104f278
instanceKlass  @bci jdk/internal/module/ModulePath jarPackages (Ljava/util/jar/JarFile;)Ljava/util/Set; 14 <appendix> argL0 ; # jdk/internal/module/ModulePath$$Lambda+0x0000023c4104f040
instanceKlass  @bci jdk/internal/module/ModulePath jarPackages (Ljava/util/jar/JarFile;)Ljava/util/Set; 4 <appendix> argL0 ; # jdk/internal/module/ModulePath$$Lambda+0x0000023c4104edf8
instanceKlass  @bci jdk/internal/module/ModulePath readJar (Ljava/nio/file/Path;)Ljava/lang/module/ModuleReference; 99 <appendix> member <vmtarget> ; # jdk/internal/module/ModulePath$$Lambda+0x0000023c4104ebd8
instanceKlass java/io/RandomAccessFile$1
instanceKlass  @bci jdk/internal/module/ModuleReferences newJarModule (Ljdk/internal/module/ModuleInfo$Attributes;Ljdk/internal/module/ModulePatcher;Ljava/nio/file/Path;)Ljava/lang/module/ModuleReference; 18 <appendix> member <vmtarget> ; # jdk/internal/module/ModuleReferences$$Lambda+0x800000062
instanceKlass  @bci jdk/internal/module/ModuleReferences newJarModule (Ljdk/internal/module/ModuleInfo$Attributes;Ljdk/internal/module/ModulePatcher;Ljava/nio/file/Path;)Ljava/lang/module/ModuleReference; 9 <appendix> member <vmtarget> ; # jdk/internal/module/ModuleReferences$$Lambda+0x800000063
instanceKlass  @bci jdk/internal/module/ModulePath deriveModuleDescriptor (Ljava/util/jar/JarFile;)Ljava/lang/module/ModuleDescriptor; 373 <appendix> argL0 ; # jdk/internal/module/ModulePath$$Lambda+0x0000023c4104e9a0
instanceKlass  @bci jdk/internal/module/ModulePath deriveModuleDescriptor (Ljava/util/jar/JarFile;)Ljava/lang/module/ModuleDescriptor; 363 <appendix> member <vmtarget> ; # jdk/internal/module/ModulePath$$Lambda+0x80000005e
instanceKlass  @bci java/lang/module/ModuleDescriptor$Builder packages (Ljava/util/Set;)Ljava/lang/module/ModuleDescriptor$Builder; 17 <appendix> argL0 ; # java/lang/module/ModuleDescriptor$Builder$$Lambda+0x800000002
instanceKlass  @bci jdk/internal/module/ModulePath deriveModuleDescriptor (Ljava/util/jar/JarFile;)Ljava/lang/module/ModuleDescriptor; 324 <appendix> argL0 ; # jdk/internal/module/ModulePath$$Lambda+0x800000058
instanceKlass  @bci jdk/internal/module/ModulePath deriveModuleDescriptor (Ljava/util/jar/JarFile;)Ljava/lang/module/ModuleDescriptor; 314 <appendix> member <vmtarget> ; # jdk/internal/module/ModulePath$$Lambda+0x80000005b
instanceKlass java/util/HashMap$HashMapSpliterator
instanceKlass  @bci java/util/stream/Collectors partitioningBy (Ljava/util/function/Predicate;Ljava/util/stream/Collector;)Ljava/util/stream/Collector; 33 <appendix> member <vmtarget> ; # java/util/stream/Collectors$$Lambda+0x800000048
instanceKlass  @bci java/util/stream/Collectors partitioningBy (Ljava/util/function/Predicate;Ljava/util/stream/Collector;)Ljava/util/stream/Collector; 25 <appendix> member <vmtarget> ; # java/util/stream/Collectors$$Lambda+0x800000045
instanceKlass  @bci java/util/stream/Collectors partitioningBy (Ljava/util/function/Predicate;Ljava/util/stream/Collector;)Ljava/util/stream/Collector; 9 <appendix> member <vmtarget> ; # java/util/stream/Collectors$$Lambda+0x800000040
instanceKlass  @bci jdk/internal/module/ModulePath deriveModuleDescriptor (Ljava/util/jar/JarFile;)Ljava/lang/module/ModuleDescriptor; 255 <appendix> argL0 ; # jdk/internal/module/ModulePath$$Lambda+0x800000061
instanceKlass  @bci jdk/internal/module/ModulePath deriveModuleDescriptor (Ljava/util/jar/JarFile;)Ljava/lang/module/ModuleDescriptor; 245 <appendix> argL0 ; # jdk/internal/module/ModulePath$$Lambda+0x800000060
instanceKlass  @bci jdk/internal/module/ModulePath deriveModuleDescriptor (Ljava/util/jar/JarFile;)Ljava/lang/module/ModuleDescriptor; 235 <appendix> argL0 ; # jdk/internal/module/ModulePath$$Lambda+0x80000005a
instanceKlass  @bci jdk/internal/module/ModulePath deriveModuleDescriptor (Ljava/util/jar/JarFile;)Ljava/lang/module/ModuleDescriptor; 225 <appendix> argL0 ; # jdk/internal/module/ModulePath$$Lambda+0x80000005f
instanceKlass  @bci java/util/zip/ZipFile jarStream ()Ljava/util/stream/Stream; 25 <appendix> member <vmtarget> ; # java/util/zip/ZipFile$$Lambda+0x800000051
instanceKlass java/util/function/IntFunction
instanceKlass java/util/Spliterators$AbstractSpliterator
instanceKlass java/util/regex/ASCII
instanceKlass java/util/regex/IntHashSet
instanceKlass java/util/regex/Matcher
instanceKlass java/util/regex/MatchResult
instanceKlass  @bci java/util/regex/Pattern negate (Ljava/util/regex/Pattern$CharPredicate;)Ljava/util/regex/Pattern$CharPredicate; 1 <appendix> member <vmtarget> ; # java/util/regex/Pattern$$Lambda+0x800000032
instanceKlass  @bci java/util/regex/Pattern union (Ljava/util/regex/Pattern$CharPredicate;Ljava/util/regex/Pattern$CharPredicate;Z)Ljava/util/regex/Pattern$CharPredicate; 6 <appendix> member <vmtarget> ; # java/util/regex/Pattern$$Lambda+0x800000033
instanceKlass  @bci java/util/regex/Pattern Range (II)Ljava/util/regex/Pattern$CharPredicate; 23 <appendix> member <vmtarget> ; # java/util/regex/Pattern$$Lambda+0x80000002b
instanceKlass java/util/regex/Pattern$BitClass
instanceKlass java/util/regex/Pattern$TreeInfo
instanceKlass  @bci java/util/regex/CharPredicates ASCII_DIGIT ()Ljava/util/regex/Pattern$BmpCharPredicate; 0 <appendix> argL0 ; # java/util/regex/CharPredicates$$Lambda+0x800000026
instanceKlass java/util/regex/CharPredicates
instanceKlass  @bci java/util/regex/Pattern Single (I)Ljava/util/regex/Pattern$BmpCharPredicate; 1 <appendix> member <vmtarget> ; # java/util/regex/Pattern$$Lambda+0x80000002a
instanceKlass java/util/regex/Pattern$BmpCharPredicate
instanceKlass java/util/regex/Pattern$CharPredicate
instanceKlass java/util/regex/Pattern$Node
instanceKlass java/util/regex/Pattern
instanceKlass jdk/internal/module/ModulePath$Patterns
instanceKlass java/util/SequencedMap
instanceKlass java/util/jar/Attributes
instanceKlass java/util/jar/JarVerifier
instanceKlass sun/security/action/GetIntegerAction
instanceKlass sun/security/util/Debug
instanceKlass sun/security/util/SignatureFileVerifier
instanceKlass java/util/zip/ZipFile$InflaterCleanupAction
instanceKlass java/util/zip/Inflater$InflaterZStreamRef
instanceKlass java/util/zip/Inflater
instanceKlass java/util/zip/ZipEntry
instanceKlass java/util/zip/ZipFile$2
instanceKlass jdk/internal/perf/PerfCounter$CoreCounters
instanceKlass sun/util/locale/LocaleUtils
instanceKlass sun/util/locale/BaseLocale
instanceKlass java/util/Locale
instanceKlass java/nio/file/attribute/FileTime
instanceKlass java/util/zip/ZipUtils
instanceKlass java/util/zip/ZipFile$Source$End
instanceKlass java/io/RandomAccessFile$2
instanceKlass jdk/internal/access/JavaIORandomAccessFileAccess
instanceKlass java/io/RandomAccessFile
instanceKlass java/io/DataOutput
instanceKlass java/util/zip/ZipFile$Source$Key
instanceKlass java/util/zip/ZipFile$Source
instanceKlass java/util/zip/ZipCoder
instanceKlass java/util/zip/ZipFile$CleanableResource
instanceKlass  @bci java/lang/module/ModuleFinder$2 find (Ljava/lang/String;)Ljava/util/Optional; 62 <appendix> member <vmtarget> ; # java/lang/module/ModuleFinder$2$$Lambda+0x800000005
instanceKlass java/net/URI$Parser
instanceKlass sun/nio/fs/WindowsUriSupport
instanceKlass  @bci jdk/internal/module/ModuleReferences newExplodedModule (Ljdk/internal/module/ModuleInfo$Attributes;Ljdk/internal/module/ModulePatcher;Ljava/nio/file/Path;)Ljava/lang/module/ModuleReference; 1 <appendix> member <vmtarget> ; # jdk/internal/module/ModuleReferences$$Lambda+0x0000023c4104d420
instanceKlass java/lang/module/ModuleReader
instanceKlass jdk/internal/module/ModuleReferences
instanceKlass jdk/internal/module/ModuleInfo$Attributes
instanceKlass java/util/Collections$UnmodifiableCollection$1
instanceKlass java/util/stream/Streams
instanceKlass java/util/stream/Stream$Builder
instanceKlass java/util/stream/Streams$AbstractStreamBuilderImpl
instanceKlass jdk/internal/module/Checks
instanceKlass java/util/StringJoiner
instanceKlass sun/nio/fs/BasicFileAttributesHolder
instanceKlass java/util/stream/ReduceOps$AccumulatingSink
instanceKlass java/util/stream/ReduceOps$Box
instanceKlass java/util/stream/ReduceOps$ReduceOp
instanceKlass java/util/stream/ReduceOps
instanceKlass  @bci java/util/stream/Collectors castingIdentity ()Ljava/util/function/Function; 0 <appendix> argL0 ; # java/util/stream/Collectors$$Lambda+0x800000043
instanceKlass  @bci java/util/stream/Collectors toSet ()Ljava/util/stream/Collector; 14 <appendix> argL0 ; # java/util/stream/Collectors$$Lambda+0x800000041
instanceKlass java/util/function/BinaryOperator
instanceKlass  @bci java/util/stream/Collectors toSet ()Ljava/util/stream/Collector; 9 <appendix> argL0 ; # java/util/stream/Collectors$$Lambda+0x80000003a
instanceKlass java/util/function/BiConsumer
instanceKlass  @bci java/util/stream/Collectors toSet ()Ljava/util/stream/Collector; 4 <appendix> argL0 ; # java/util/stream/Collectors$$Lambda+0x800000046
instanceKlass java/util/stream/Collector
instanceKlass java/util/Collections$UnmodifiableCollection
instanceKlass java/util/stream/Collectors
instanceKlass  @bci jdk/internal/module/ModulePath explodedPackages (Ljava/nio/file/Path;)Ljava/util/Set; 57 <appendix> argL0 ; # jdk/internal/module/ModulePath$$Lambda+0x800000059
instanceKlass  @bci jdk/internal/module/ModulePath explodedPackages (Ljava/nio/file/Path;)Ljava/util/Set; 47 <appendix> member <vmtarget> ; # jdk/internal/module/ModulePath$$Lambda+0x0000023c4104c8b0
instanceKlass  @bci jdk/internal/module/ModulePath explodedPackages (Ljava/nio/file/Path;)Ljava/util/Set; 35 <appendix> member <vmtarget> ; # jdk/internal/module/ModulePath$$Lambda+0x0000023c4104c670
instanceKlass  @cpi com/sun/javafx/scene/control/LambdaMultiplePropertyChangeListenerHandler 221 form vmentry <vmtarget> ; # java/lang/invoke/LambdaForm$DMH+0x0000023c41001400
instanceKlass  @bci java/nio/file/Files find (Ljava/nio/file/Path;ILjava/util/function/BiPredicate;[Ljava/nio/file/FileVisitOption;)Ljava/util/stream/Stream; 57 <appendix> argL0 ; # java/nio/file/Files$$Lambda+0x0000023c4104c438
instanceKlass  @bci java/nio/file/Files find (Ljava/nio/file/Path;ILjava/util/function/BiPredicate;[Ljava/nio/file/FileVisitOption;)Ljava/util/stream/Stream; 47 <appendix> member <vmtarget> ; # java/nio/file/Files$$Lambda+0x0000023c4104c1e8
instanceKlass  @bci java/nio/file/Files find (Ljava/nio/file/Path;ILjava/util/function/BiPredicate;[Ljava/nio/file/FileVisitOption;)Ljava/util/stream/Stream; 33 <appendix> member <vmtarget> ; # java/nio/file/Files$$Lambda+0x0000023c4104bfc8
instanceKlass  @cpi java/nio/file/Files 1117 form vmentry <vmtarget> ; # java/lang/invoke/LambdaForm$DMH+0x0000023c41001000
instanceKlass java/util/Spliterators$IteratorSpliterator
instanceKlass java/nio/file/FileTreeWalker$Event
instanceKlass sun/nio/fs/WindowsDirectoryStream$WindowsDirectoryIterator
instanceKlass java/nio/file/FileTreeWalker$DirectoryNode
instanceKlass sun/nio/fs/WindowsDirectoryStream
instanceKlass java/nio/file/DirectoryStream
instanceKlass java/nio/file/Files$AcceptAllFilter
instanceKlass java/nio/file/DirectoryStream$Filter
instanceKlass java/nio/file/FileTreeWalker
instanceKlass java/nio/file/FileTreeIterator
instanceKlass  @bci jdk/internal/module/ModulePath explodedPackages (Ljava/nio/file/Path;)Ljava/util/Set; 15 <appendix> member <vmtarget> ; # jdk/internal/module/ModulePath$$Lambda+0x0000023c4104a0a0
instanceKlass  @cpi jdk/internal/module/ModulePath 982 form vmentry <vmtarget> ; # java/lang/invoke/LambdaForm$DMH+0x0000023c41000c00
instanceKlass java/util/function/BiPredicate
instanceKlass java/lang/module/ModuleDescriptor$Builder
instanceKlass jdk/internal/module/ModuleInfo$ConstantPool$Entry
instanceKlass jdk/internal/module/ModuleInfo$ConstantPool
instanceKlass java/lang/invoke/VarHandle$AccessDescriptor
instanceKlass java/lang/invoke/VarForm
instanceKlass java/lang/invoke/VarHandleGuards
instanceKlass java/lang/ClassValue$Version
instanceKlass java/lang/ClassValue$Identity
instanceKlass java/lang/ClassValue
instanceKlass java/lang/invoke/VarHandles
instanceKlass jdk/internal/util/ByteArray
instanceKlass sun/nio/ch/IOStatus
instanceKlass sun/nio/ch/Util$BufferCache
instanceKlass sun/nio/ch/Util
instanceKlass sun/nio/ch/NativeThread
instanceKlass jdk/internal/module/ModuleInfo$CountingDataInput
instanceKlass java/io/DataInput
instanceKlass jdk/internal/module/ModuleInfo
instanceKlass  @bci jdk/internal/module/ModulePath readExplodedModule (Ljava/nio/file/Path;)Ljava/lang/module/ModuleReference; 30 <appendix> member <vmtarget> ; # jdk/internal/module/ModulePath$$Lambda+0x0000023c41047aa8
instanceKlass java/nio/channels/NetworkChannel
instanceKlass sun/nio/ch/SelChImpl
instanceKlass sun/nio/ch/Streams
instanceKlass java/nio/channels/Channels
instanceKlass sun/nio/ch/FileChannelImpl$Closer
instanceKlass sun/nio/ch/NativeThreadSet
instanceKlass sun/nio/ch/IOUtil
instanceKlass sun/nio/ch/NativeDispatcher
instanceKlass java/nio/channels/spi/AbstractInterruptibleChannel
instanceKlass java/nio/channels/InterruptibleChannel
instanceKlass java/nio/channels/ScatteringByteChannel
instanceKlass java/nio/channels/GatheringByteChannel
instanceKlass java/nio/channels/SeekableByteChannel
instanceKlass java/nio/channels/ByteChannel
instanceKlass java/nio/channels/WritableByteChannel
instanceKlass java/nio/channels/ReadableByteChannel
instanceKlass java/nio/channels/Channel
instanceKlass java/util/Collections$EmptyIterator
instanceKlass sun/nio/fs/WindowsChannelFactory$Flags
instanceKlass sun/nio/fs/WindowsChannelFactory$1
instanceKlass sun/nio/fs/WindowsChannelFactory
instanceKlass sun/nio/fs/WindowsSecurityDescriptor
instanceKlass java/nio/file/attribute/FileAttribute
instanceKlass sun/nio/fs/WindowsPath$1
instanceKlass sun/nio/fs/WindowsNativeDispatcher$CompletionStatus
instanceKlass sun/nio/fs/WindowsNativeDispatcher$AclInformation
instanceKlass sun/nio/fs/WindowsNativeDispatcher$Account
instanceKlass sun/nio/fs/WindowsNativeDispatcher$DiskFreeSpace
instanceKlass sun/nio/fs/WindowsNativeDispatcher$VolumeInformation
instanceKlass sun/nio/fs/WindowsNativeDispatcher$FirstStream
instanceKlass sun/nio/fs/WindowsNativeDispatcher$FirstFile
instanceKlass java/util/Enumeration
instanceKlass java/util/concurrent/ConcurrentHashMap$Traverser
instanceKlass jdk/internal/loader/NativeLibraries$3
instanceKlass sun/nio/cs/StringUTF16
instanceKlass jdk/internal/loader/NativeLibrary
instanceKlass java/util/ArrayDeque$DeqIterator
instanceKlass jdk/internal/loader/NativeLibraries$NativeLibraryContext$1
instanceKlass jdk/internal/loader/NativeLibraries$NativeLibraryContext
instanceKlass jdk/internal/loader/NativeLibraries$2
instanceKlass jdk/internal/loader/NativeLibraries$1
instanceKlass sun/nio/cs/ArrayEncoder
instanceKlass jdk/internal/loader/NativeLibraries$LibraryPaths
instanceKlass sun/nio/fs/WindowsNativeDispatcher
instanceKlass sun/nio/fs/NativeBuffer$Deallocator
instanceKlass sun/nio/fs/NativeBuffer
instanceKlass java/lang/ThreadLocal$ThreadLocalMap
instanceKlass java/lang/ThreadLocal
instanceKlass sun/nio/fs/NativeBuffers
instanceKlass sun/nio/fs/WindowsFileAttributes
instanceKlass java/nio/file/attribute/DosFileAttributes
instanceKlass sun/nio/fs/AbstractBasicFileAttributeView
instanceKlass sun/nio/fs/DynamicFileAttributeView
instanceKlass sun/nio/fs/WindowsFileAttributeViews
instanceKlass sun/nio/fs/Util
instanceKlass java/nio/file/attribute/BasicFileAttributeView
instanceKlass java/nio/file/attribute/FileAttributeView
instanceKlass java/nio/file/attribute/AttributeView
instanceKlass java/nio/file/Files
instanceKlass java/nio/file/CopyOption
instanceKlass java/nio/file/attribute/BasicFileAttributes
instanceKlass java/util/Spliterator$OfDouble
instanceKlass java/util/Spliterator$OfLong
instanceKlass java/util/Spliterator$OfInt
instanceKlass java/util/Spliterator$OfPrimitive
instanceKlass java/util/Spliterators$EmptySpliterator
instanceKlass java/util/Spliterators
instanceKlass java/util/stream/Sink$ChainedReference
instanceKlass  @bci java/util/stream/FindOps$FindSink$OfRef <clinit> ()V 43 <appendix> argL0 ; # java/util/stream/FindOps$FindSink$OfRef$$Lambda+0x80000004d
instanceKlass  @bci java/util/stream/FindOps$FindSink$OfRef <clinit> ()V 38 <appendix> argL0 ; # java/util/stream/FindOps$FindSink$OfRef$$Lambda+0x80000004f
instanceKlass  @bci java/util/stream/FindOps$FindSink$OfRef <clinit> ()V 16 <appendix> argL0 ; # java/util/stream/FindOps$FindSink$OfRef$$Lambda+0x80000004e
instanceKlass  @bci java/util/stream/FindOps$FindSink$OfRef <clinit> ()V 11 <appendix> argL0 ; # java/util/stream/FindOps$FindSink$OfRef$$Lambda+0x800000050
instanceKlass java/util/function/Predicate
instanceKlass java/util/stream/FindOps$FindOp
instanceKlass java/util/stream/TerminalOp
instanceKlass java/util/stream/FindOps$FindSink
instanceKlass java/util/stream/TerminalSink
instanceKlass java/util/stream/Sink
instanceKlass java/util/function/Consumer
instanceKlass java/util/stream/FindOps
instanceKlass  @bci java/time/format/DateTimeFormatterBuilder <clinit> ()V 0 <appendix> form vmentry <vmtarget> ; # java/lang/invoke/LambdaForm$MH+0x0000023c41000800
instanceKlass  @bci java/lang/module/ModuleFinder$2 find (Ljava/lang/String;)Ljava/util/Optional; 43 <appendix> argL0 ; # java/lang/module/ModuleFinder$2$$Lambda+0x800000008
instanceKlass java/util/concurrent/ForkJoinPool$ManagedBlocker
instanceKlass java/util/concurrent/locks/AbstractQueuedSynchronizer$Node
instanceKlass java/lang/ref/Cleaner$Cleanable
instanceKlass jdk/internal/ref/CleanerImpl
instanceKlass java/lang/ref/Cleaner$1
instanceKlass java/lang/ref/Cleaner
instanceKlass jdk/internal/ref/CleanerFactory$1
instanceKlass java/util/concurrent/ThreadFactory
instanceKlass jdk/internal/ref/CleanerFactory
instanceKlass  @bci java/lang/module/ModuleFinder$2 find (Ljava/lang/String;)Ljava/util/Optional; 33 <appendix> member <vmtarget> ; # java/lang/module/ModuleFinder$2$$Lambda+0x800000009
instanceKlass java/lang/invoke/LambdaProxyClassArchive
instanceKlass java/lang/invoke/InfoFromMemberName
instanceKlass java/lang/invoke/MethodHandleInfo
instanceKlass jdk/internal/org/objectweb/asm/ConstantDynamic
instanceKlass jdk/internal/org/objectweb/asm/Handle
instanceKlass sun/security/action/GetBooleanAction
instanceKlass java/lang/invoke/AbstractValidatingLambdaMetafactory
instanceKlass java/lang/invoke/BootstrapMethodInvoker
instanceKlass java/lang/WeakPairMap$Pair$Lookup
instanceKlass java/lang/WeakPairMap$Pair
instanceKlass java/lang/WeakPairMap
instanceKlass java/lang/Module$ReflectionData
instanceKlass java/lang/invoke/LambdaMetafactory
# instanceKlass java/lang/invoke/LambdaForm$MH+0x0000023c41000400
instanceKlass java/lang/invoke/MethodHandles$Lookup$ClassDefiner
instanceKlass java/lang/invoke/MethodHandles$Lookup$ClassFile
instanceKlass jdk/internal/org/objectweb/asm/Handler
instanceKlass jdk/internal/org/objectweb/asm/Attribute
instanceKlass jdk/internal/org/objectweb/asm/FieldVisitor
instanceKlass java/util/ArrayList$Itr
instanceKlass sun/invoke/empty/Empty
instanceKlass sun/invoke/util/VerifyType
instanceKlass java/lang/invoke/InvokerBytecodeGenerator$ClassData
instanceKlass jdk/internal/org/objectweb/asm/AnnotationVisitor
instanceKlass jdk/internal/org/objectweb/asm/Frame
instanceKlass jdk/internal/org/objectweb/asm/Label
instanceKlass jdk/internal/org/objectweb/asm/Type
instanceKlass jdk/internal/org/objectweb/asm/MethodVisitor
instanceKlass sun/invoke/util/BytecodeDescriptor
instanceKlass jdk/internal/org/objectweb/asm/ByteVector
instanceKlass jdk/internal/org/objectweb/asm/Symbol
instanceKlass jdk/internal/org/objectweb/asm/SymbolTable
instanceKlass jdk/internal/org/objectweb/asm/ClassVisitor
instanceKlass java/lang/invoke/LambdaFormBuffer
instanceKlass java/lang/invoke/LambdaFormEditor$TransformKey
instanceKlass java/lang/invoke/LambdaFormEditor
instanceKlass java/lang/invoke/Invokers$Holder
instanceKlass java/lang/invoke/DelegatingMethodHandle$Holder
instanceKlass java/lang/invoke/DirectMethodHandle$2
instanceKlass java/lang/invoke/ClassSpecializer$Factory
instanceKlass java/lang/invoke/ClassSpecializer$SpeciesData
instanceKlass java/lang/invoke/ClassSpecializer$1
instanceKlass java/lang/invoke/ClassSpecializer
instanceKlass java/lang/invoke/InvokerBytecodeGenerator$1
instanceKlass java/lang/invoke/InvokerBytecodeGenerator
instanceKlass java/lang/invoke/LambdaForm$Holder
instanceKlass java/lang/invoke/LambdaForm$Name
instanceKlass java/lang/invoke/Invokers
instanceKlass sun/invoke/util/ValueConversions
instanceKlass java/lang/invoke/DirectMethodHandle$Holder
instanceKlass java/lang/Void
instanceKlass sun/invoke/util/Wrapper$Format
instanceKlass java/lang/invoke/MethodHandleImpl$1
instanceKlass jdk/internal/access/JavaLangInvokeAccess
instanceKlass java/lang/invoke/LambdaForm$NamedFunction
instanceKlass java/lang/invoke/MethodHandleImpl
instanceKlass jdk/internal/reflect/MethodHandleAccessorFactory$LazyStaticHolder
instanceKlass java/lang/invoke/MethodTypeForm
instanceKlass jdk/internal/util/StrongReferenceKey
instanceKlass jdk/internal/util/ReferenceKey
instanceKlass jdk/internal/util/ReferencedKeyMap
instanceKlass java/lang/invoke/MethodType$1
instanceKlass sun/reflect/annotation/AnnotationParser
instanceKlass java/lang/Class$3
instanceKlass java/lang/PublicMethods$Key
instanceKlass java/lang/PublicMethods$MethodList
instanceKlass java/util/EnumMap$1
instanceKlass java/util/stream/StreamOpFlag$MaskBuilder
instanceKlass java/util/stream/Stream
instanceKlass java/util/stream/BaseStream
instanceKlass java/util/stream/PipelineHelper
instanceKlass java/util/stream/StreamSupport
instanceKlass java/util/AbstractList$RandomAccessSpliterator
instanceKlass java/util/Spliterator
instanceKlass java/util/ImmutableCollections$ListItr
instanceKlass java/util/ListIterator
instanceKlass java/lang/module/ModuleFinder$1
instanceKlass java/lang/module/Resolver
instanceKlass java/lang/module/Configuration
instanceKlass java/lang/module/ModuleFinder$2
instanceKlass jdk/internal/loader/BuiltinClassLoader$LoadedModule
instanceKlass jdk/internal/loader/AbstractClassLoaderValue
instanceKlass jdk/internal/module/ServicesCatalog
instanceKlass java/net/URLStreamHandler
instanceKlass java/util/Deque
instanceKlass java/util/Queue
instanceKlass java/net/URL$3
instanceKlass jdk/internal/access/JavaNetURLAccess
instanceKlass java/net/URL$DefaultFactory
instanceKlass java/net/URLStreamHandlerFactory
instanceKlass jdk/internal/loader/URLClassPath
instanceKlass java/security/Principal
instanceKlass java/security/ProtectionDomain$Key
instanceKlass java/security/ProtectionDomain$JavaSecurityAccessImpl
instanceKlass jdk/internal/access/JavaSecurityAccess
instanceKlass java/lang/ClassLoader$ParallelLoaders
instanceKlass java/security/cert/Certificate
instanceKlass jdk/internal/loader/ArchivedClassLoaders
instanceKlass java/util/concurrent/ConcurrentHashMap$CollectionView
instanceKlass jdk/internal/loader/ClassLoaderHelper
instanceKlass jdk/internal/loader/NativeLibraries
instanceKlass java/lang/Module$EnableNativeAccess
instanceKlass jdk/internal/loader/BootLoader
instanceKlass jdk/internal/module/SystemModuleFinders$SystemModuleFinder
instanceKlass jdk/internal/module/SystemModuleFinders$3
instanceKlass jdk/internal/module/ModuleHashes$HashSupplier
instanceKlass jdk/internal/module/SystemModuleFinders$2
instanceKlass java/util/function/Supplier
instanceKlass java/lang/module/ModuleReference
instanceKlass jdk/internal/module/ModuleResolution
instanceKlass java/util/Collections$UnmodifiableMap
instanceKlass jdk/internal/module/ModuleHashes$Builder
instanceKlass jdk/internal/module/ModuleHashes
instanceKlass jdk/internal/module/ModuleTarget
instanceKlass java/util/ImmutableCollections$Set12$1
instanceKlass java/lang/reflect/AccessFlag$18
instanceKlass java/lang/reflect/AccessFlag$17
instanceKlass java/lang/reflect/AccessFlag$16
instanceKlass java/lang/reflect/AccessFlag$15
instanceKlass java/lang/reflect/AccessFlag$14
instanceKlass java/lang/reflect/AccessFlag$13
instanceKlass java/lang/reflect/AccessFlag$12
instanceKlass java/lang/reflect/AccessFlag$11
instanceKlass java/lang/reflect/AccessFlag$10
instanceKlass java/lang/reflect/AccessFlag$9
instanceKlass java/lang/reflect/AccessFlag$8
instanceKlass java/lang/reflect/AccessFlag$7
instanceKlass java/lang/reflect/AccessFlag$6
instanceKlass java/lang/reflect/AccessFlag$5
instanceKlass java/lang/reflect/AccessFlag$4
instanceKlass java/lang/reflect/AccessFlag$3
instanceKlass java/lang/reflect/AccessFlag$2
instanceKlass java/lang/reflect/AccessFlag$1
instanceKlass java/lang/module/ModuleDescriptor$Version
instanceKlass java/lang/module/ModuleDescriptor$Provides
instanceKlass java/lang/module/ModuleDescriptor$Opens
instanceKlass java/util/ImmutableCollections$SetN$SetNIterator
instanceKlass java/lang/module/ModuleDescriptor$Exports
instanceKlass java/lang/module/ModuleDescriptor$Requires
instanceKlass jdk/internal/module/Builder
instanceKlass jdk/internal/module/SystemModules$all
instanceKlass jdk/internal/module/SystemModules
instanceKlass jdk/internal/module/SystemModulesMap
instanceKlass java/net/URI$1
instanceKlass jdk/internal/access/JavaNetUriAccess
instanceKlass java/net/URI
instanceKlass jdk/internal/module/SystemModuleFinders
instanceKlass jdk/internal/module/ArchivedModuleGraph
instanceKlass jdk/internal/util/DecimalDigits
instanceKlass jdk/internal/util/Digits
instanceKlass java/util/Optional
instanceKlass java/lang/Runtime$Version
instanceKlass java/util/jar/JavaUtilJarAccessImpl
instanceKlass jdk/internal/access/JavaUtilJarAccess
instanceKlass java/util/zip/ZipFile$1
instanceKlass jdk/internal/access/JavaUtilZipFileAccess
instanceKlass java/util/zip/ZipFile
instanceKlass java/util/zip/ZipConstants
instanceKlass java/nio/Bits$1
instanceKlass jdk/internal/misc/VM$BufferPool
instanceKlass java/nio/Bits
instanceKlass sun/nio/ch/DirectBuffer
instanceKlass jdk/internal/perf/Perf
instanceKlass jdk/internal/perf/Perf$GetPerfAction
instanceKlass jdk/internal/perf/PerfCounter
instanceKlass java/lang/reflect/Array
instanceKlass java/util/jar/Attributes$Name
instanceKlass jdk/internal/module/ModulePath
instanceKlass java/lang/module/ModuleFinder
instanceKlass sun/nio/fs/WindowsPath
instanceKlass sun/nio/fs/WindowsPathParser$Result
instanceKlass sun/nio/fs/WindowsPathParser
instanceKlass java/nio/file/FileSystem
instanceKlass java/nio/file/OpenOption
instanceKlass java/nio/file/spi/FileSystemProvider
instanceKlass sun/nio/fs/DefaultFileSystemProvider
instanceKlass java/nio/file/FileSystems
instanceKlass java/nio/file/Path
instanceKlass java/nio/file/Watchable
instanceKlass jdk/internal/module/ArchivedBootLayer
instanceKlass jdk/internal/module/ModuleBootstrap$Counters
instanceKlass jdk/internal/module/ModulePatcher
instanceKlass java/io/FileSystem
instanceKlass java/io/DefaultFileSystem
instanceKlass java/io/File
instanceKlass java/lang/module/ModuleDescriptor$1
instanceKlass jdk/internal/access/JavaLangModuleAccess
instanceKlass sun/invoke/util/VerifyAccess
instanceKlass java/util/KeyValueHolder
instanceKlass java/util/ImmutableCollections$MapN$MapNIterator
instanceKlass java/lang/StrictMath
instanceKlass java/lang/invoke/MethodHandles$Lookup
instanceKlass java/lang/invoke/MemberName$Factory
instanceKlass java/lang/invoke/MethodHandles
instanceKlass java/lang/module/ModuleDescriptor
instanceKlass jdk/internal/module/ModuleBootstrap
instanceKlass java/lang/Character$CharacterCache
instanceKlass java/util/HexFormat
instanceKlass jdk/internal/util/ClassFileDumper
instanceKlass sun/security/action/GetPropertyAction
instanceKlass java/lang/invoke/MethodHandleStatics
instanceKlass jdk/internal/misc/Blocker
instanceKlass java/util/concurrent/locks/AbstractQueuedSynchronizer$ConditionObject
instanceKlass java/util/concurrent/locks/Condition
instanceKlass java/util/Collections
instanceKlass java/lang/Thread$ThreadIdentifiers
instanceKlass sun/io/Win32ErrorMode
instanceKlass jdk/internal/misc/OSEnvironment
instanceKlass java/lang/Integer$IntegerCache
instanceKlass jdk/internal/misc/Signal$NativeHandler
instanceKlass java/util/Hashtable$Entry
instanceKlass jdk/internal/misc/Signal
instanceKlass java/lang/Terminator$1
instanceKlass jdk/internal/misc/Signal$Handler
instanceKlass java/lang/Terminator
instanceKlass java/nio/ByteOrder
instanceKlass java/nio/Buffer$2
instanceKlass jdk/internal/access/JavaNioAccess
instanceKlass java/nio/Buffer$1
instanceKlass jdk/internal/misc/ScopedMemoryAccess
instanceKlass java/nio/charset/CharsetEncoder
instanceKlass java/io/Writer
instanceKlass java/io/PrintStream$1
instanceKlass jdk/internal/access/JavaIOPrintStreamAccess
instanceKlass jdk/internal/misc/InternalLock
instanceKlass java/io/OutputStream
instanceKlass java/io/Flushable
instanceKlass java/io/FileDescriptor$1
instanceKlass jdk/internal/access/JavaIOFileDescriptorAccess
instanceKlass java/io/FileDescriptor
instanceKlass jdk/internal/util/StaticProperty
instanceKlass java/util/HashMap$HashIterator
instanceKlass java/util/concurrent/locks/LockSupport
instanceKlass java/util/concurrent/ConcurrentHashMap$Node
instanceKlass java/util/concurrent/ConcurrentHashMap$CounterCell
instanceKlass java/util/concurrent/locks/ReentrantLock
instanceKlass java/util/concurrent/locks/Lock
instanceKlass java/lang/CharacterData
instanceKlass java/lang/Runtime
instanceKlass java/lang/VersionProps
instanceKlass java/lang/StringConcatHelper
instanceKlass java/util/HashMap$Node
instanceKlass java/util/Map$Entry
instanceKlass java/lang/StringCoding
instanceKlass java/nio/charset/CodingErrorAction
instanceKlass sun/nio/cs/SingleByte
instanceKlass java/lang/StringUTF16
instanceKlass sun/nio/cs/MS1256$Holder
instanceKlass sun/nio/cs/ArrayDecoder
instanceKlass java/nio/charset/CharsetDecoder
instanceKlass jdk/internal/reflect/MethodHandleAccessorFactory
instanceKlass java/lang/reflect/Modifier
instanceKlass java/lang/Class$1
instanceKlass java/lang/Class$Atomic
instanceKlass java/lang/Class$ReflectionData
instanceKlass java/nio/charset/StandardCharsets
instanceKlass sun/nio/cs/HistoricallyNamedCharset
instanceKlass jdk/internal/util/ArraysSupport
instanceKlass java/util/Arrays
instanceKlass jdk/internal/util/Preconditions$3
instanceKlass jdk/internal/util/Preconditions$2
instanceKlass jdk/internal/util/Preconditions$4
instanceKlass java/util/function/BiFunction
instanceKlass jdk/internal/util/Preconditions$1
instanceKlass java/util/function/Function
instanceKlass jdk/internal/util/Preconditions
instanceKlass java/nio/charset/spi/CharsetProvider
instanceKlass java/nio/charset/Charset
instanceKlass jdk/internal/util/SystemProps$Raw
instanceKlass jdk/internal/util/SystemProps
instanceKlass java/lang/System$2
instanceKlass jdk/internal/access/JavaLangAccess
instanceKlass java/lang/ref/NativeReferenceQueue$Lock
instanceKlass java/lang/ref/ReferenceQueue
instanceKlass java/lang/ref/Reference$1
instanceKlass jdk/internal/access/JavaLangRefAccess
instanceKlass jdk/internal/reflect/ReflectionFactory
instanceKlass java/lang/Math
instanceKlass java/lang/StringLatin1
instanceKlass jdk/internal/reflect/Reflection
instanceKlass jdk/internal/reflect/ReflectionFactory$GetReflectionFactoryAction
instanceKlass java/security/PrivilegedAction
instanceKlass jdk/internal/access/SharedSecrets
instanceKlass java/lang/reflect/ReflectAccess
instanceKlass jdk/internal/access/JavaLangReflectAccess
instanceKlass java/util/ImmutableCollections
instanceKlass java/util/Objects
instanceKlass java/util/Set
instanceKlass jdk/internal/misc/CDS
instanceKlass java/lang/Module$ArchivedData
instanceKlass jdk/internal/misc/VM
instanceKlass java/lang/String$CaseInsensitiveComparator
instanceKlass java/util/Comparator
instanceKlass java/io/ObjectStreamField
instanceKlass jdk/internal/vm/FillerObject
instanceKlass jdk/internal/vm/vector/VectorSupport$VectorPayload
instanceKlass jdk/internal/vm/vector/VectorSupport
instanceKlass java/lang/reflect/RecordComponent
instanceKlass java/util/Iterator
instanceKlass java/lang/Number
instanceKlass java/lang/Character
instanceKlass java/lang/Boolean
instanceKlass java/util/concurrent/locks/AbstractOwnableSynchronizer
instanceKlass java/lang/LiveStackFrame
instanceKlass java/lang/ClassFrameInfo
instanceKlass java/lang/StackWalker$StackFrame
instanceKlass java/lang/StackStreamFactory$AbstractStackWalker
instanceKlass java/lang/StackWalker
instanceKlass java/nio/Buffer
instanceKlass java/lang/StackTraceElement
instanceKlass java/util/RandomAccess
instanceKlass java/util/List
instanceKlass java/util/SequencedCollection
instanceKlass java/util/AbstractCollection
instanceKlass java/util/Collection
instanceKlass java/lang/Iterable
instanceKlass java/util/concurrent/ConcurrentMap
instanceKlass java/util/AbstractMap
instanceKlass java/security/CodeSource
instanceKlass jdk/internal/loader/ClassLoaders
instanceKlass java/util/jar/Manifest
instanceKlass java/lang/Enum
instanceKlass java/net/URL
instanceKlass java/io/InputStream
instanceKlass java/io/Closeable
instanceKlass java/lang/AutoCloseable
instanceKlass jdk/internal/module/Modules
instanceKlass jdk/internal/misc/Unsafe
instanceKlass jdk/internal/misc/UnsafeConstants
instanceKlass java/lang/AbstractStringBuilder
instanceKlass java/lang/Appendable
instanceKlass java/lang/AssertionStatusDirectives
instanceKlass java/lang/invoke/MethodHandleNatives$CallSiteContext
instanceKlass jdk/internal/foreign/abi/ABIDescriptor
instanceKlass jdk/internal/foreign/abi/NativeEntryPoint
instanceKlass java/lang/invoke/CallSite
instanceKlass java/lang/invoke/MethodType
instanceKlass java/lang/invoke/TypeDescriptor$OfMethod
instanceKlass java/lang/invoke/LambdaForm
instanceKlass java/lang/invoke/MethodHandleNatives
instanceKlass java/lang/invoke/ResolvedMethodName
instanceKlass java/lang/invoke/MemberName
instanceKlass java/lang/invoke/VarHandle
instanceKlass java/lang/invoke/MethodHandle
instanceKlass jdk/internal/reflect/ConstructorAccessor
instanceKlass jdk/internal/reflect/CallerSensitive
instanceKlass java/lang/annotation/Annotation
instanceKlass jdk/internal/reflect/ConstantPool
instanceKlass jdk/internal/reflect/MethodAccessor
instanceKlass jdk/internal/reflect/MagicAccessorImpl
instanceKlass jdk/internal/vm/StackChunk
instanceKlass jdk/internal/vm/Continuation
instanceKlass jdk/internal/vm/ContinuationScope
instanceKlass java/lang/reflect/Parameter
instanceKlass java/lang/reflect/Member
instanceKlass java/lang/reflect/AccessibleObject
instanceKlass java/lang/Module
instanceKlass java/util/Map
instanceKlass java/util/Dictionary
instanceKlass java/lang/ThreadGroup
instanceKlass java/lang/Thread$UncaughtExceptionHandler
instanceKlass java/lang/Thread$Constants
instanceKlass java/lang/Thread$FieldHolder
instanceKlass java/lang/Thread
instanceKlass java/lang/Runnable
instanceKlass java/lang/ref/Reference
instanceKlass java/lang/Record
instanceKlass java/security/AccessController
instanceKlass java/security/AccessControlContext
instanceKlass java/security/ProtectionDomain
instanceKlass java/lang/SecurityManager
instanceKlass java/lang/Throwable
instanceKlass java/lang/System
instanceKlass java/lang/ClassLoader
instanceKlass java/lang/Cloneable
instanceKlass java/lang/Class
instanceKlass java/lang/invoke/TypeDescriptor$OfField
instanceKlass java/lang/invoke/TypeDescriptor
instanceKlass java/lang/reflect/Type
instanceKlass java/lang/reflect/GenericDeclaration
instanceKlass java/lang/reflect/AnnotatedElement
instanceKlass java/lang/String
instanceKlass java/lang/constant/ConstantDesc
instanceKlass java/lang/constant/Constable
instanceKlass java/lang/CharSequence
instanceKlass java/lang/Comparable
instanceKlass java/io/Serializable
ciInstanceKlass java/lang/Object 1 1 124 7 1 10 12 1 1 10 7 12 1 1 1 10 7 12 1 1 1 10 12 1 1 8 1 10 12 1 1 10 7 12 1 1 1 10 12 1 10 12 1 1 10 7 12 1 1 1 10 12 1 10 12 1 7 1 10 7 12 1 1 1 10 12 1 1 10 12 1 100 1 8 1 10 12 1 3 8 1 7 1 5 0 1 1 1 1 1 1 1 1 1 1 1 1 1 1 1 1 100 1 1 1 1 1 1 1 1 1 1 7 1 1 1 1 1 1 1 1 1 1 3 1 1
ciMethod java/lang/Object toString ()Ljava/lang/String; 0 0 1 0 -1
ciInstanceKlass java/io/Serializable 1 0 7 100 1 100 1 1 1
ciInstanceKlass java/lang/System 1 1 834 10 7 12 1 1 1 9 7 12 1 1 1 10 12 1 10 12 1 1 10 12 1 1 10 12 1 9 12 1 1 10 7 12 1 1 1 11 100 12 1 1 1 10 100 12 1 1 1 10 12 1 1 10 12 1 1 100 1 8 1 10 12 1 10 7 12 1 1 1 10 7 12 1 1 1 18 12 1 1 10 7 12 1 1 1 7 1 10 12 1 1 10 7 12 1 1 1 10 12 1 10 7 12 1 1 1 9 100 12 1 1 1 10 7 12 1 1 1 11 7 12 1 1 1 10 12 1 1 10 7 12 1 1 1 7 1 10 10 12 1 1 8 1 10 12 1 8 1 10 12 1 9 12 1 1 8 1 10 7 12 1 1 1 10 12 1 1 100 1 8 1 10 9 12 1 1 8 1 10 12 1 1 10 100 12 1 1 1 8 1 10 12 1 7 1 10 12 1 8 1 10 12 1 10 12 1 1 100 1 10 12 10 12 1 9 12 1 1 9 12 1 1 10 7 12 1 1 1 10 7 12 1 1 1 10 12 1 1 10 12 1 10 12 1 10 7 12 1 1 1 10 12 1 100 1 100 1 8 1 10 12 1 10 12 1 1 7 1 10 12 1 100 1 8 1 10 10 12 1 100 1 8 1 10 8 1 10 7 12 1 1 8 1 10 12 100 1 8 1 10 10 12 1 1 10 7 12 1 1 1 100 1 18 12 1 100 1 9 100 12 1 1 1 10 12 1 100 1 10 12 1 1 10 12 1 1 10 7 12 1 1 1 10 12 1 1 10 12 1 10 12 1 10 12 1 1 10 12 1 7 1 10 12 1 9 7 12 1 1 1 10 7 12 1 1 1 10 12 1 10 12 1 10 7 12 1 1 1 7 1 8 1 10 9 12 1 9 12 1 10 12 1 10 7 12 1 1 10 12 1 10 12 1 1 8 1 10 12 1 1 8 1 11 12 1 10 12 11 12 1 1 11 7 12 1 1 1 11 7 12 1 1 11 12 1 1 7 1 11 12 1 10 12 1 8 1 10 12 1 1 8 1 8 1 8 1 8 1 11 12 1 10 12 1 10 12 1 10 12 1 8 1 10 12 1 1 8 1 9 12 1 8 1 10 7 12 1 1 8 1 7 1 9 7 12 1 1 1 10 12 1 7 1 9 12 10 9 12 7 1 10 12 9 12 1 1 8 1 10 12 1 1 8 1 10 7 12 1 1 10 12 1 10 12 1 1 11 7 12 1 1 10 12 10 7 12 1 1 1 9 12 1 1 7 1 8 1 10 12 1 1 10 7 12 1 1 1 7 1 10 12 1 1 10 12 1 8 1 8 1 10 8 1 8 1 8 1 8 1 10 10 7 12 1 1 10 12 1 10 12 1 1 10 12 1 1 10 12 1 10 100 12 1 1 1 10 7 1 8 1 10 10 10 12 1 1 10 12 1 1 8 1 10 12 1 8 1 8 1 10 12 1 10 7 12 1 1 1 10 12 1 1 7 1 10 10 12 1 10 12 1 9 12 1 1 3 1 3 1 1 1 1 1 1 1 1 1 1 1 1 100 1 1 100 1 1 1 1 1 1 1 1 1 1 1 100 1 7 1 1 1 1 1 1 1 1 1 1 1 1 1 1 1 1 1 1 1 1 1 1 1 1 1 1 1 1 1 1 1 1 1 1 1 1 1 1 1 1 1 1 1 1 1 1 1 1 1 1 1 1 1 1 1 1 1 1 100 1 1 1 1 1 1 1 1 1 1 1 1 1 1 1 1 1 1 1 1 1 1 1 1 1 1 1 1 1 1 1 1 1 100 1 1 16 15 10 12 1 1 16 15 10 12 16 1 15 10 100 12 1 1 1 1 1 1 1 1 1 100 1 100 1 1
staticfield java/lang/System in Ljava/io/InputStream; java/io/BufferedInputStream
staticfield java/lang/System out Ljava/io/PrintStream; java/io/PrintStream
staticfield java/lang/System err Ljava/io/PrintStream; java/io/PrintStream
ciInstanceKlass java/lang/SecurityManager 0 0 576 10 7 12 1 1 1 9 7 12 1 1 1 10 7 12 1 1 1 100 1 8 1 10 12 1 10 12 1 1 10 7 12 1 1 1 10 7 1 10 100 1 10 9 100 12 1 1 1 10 7 12 1 1 1 10 12 1 1 10 7 12 1 1 100 1 8 1 10 9 12 1 1 9 12 1 8 1 9 12 1 7 1 10 8 1 10 12 1 1 10 12 1 10 12 1 1 100 1 10 10 12 1 1 100 1 8 1 10 12 1 8 1 8 1 8 1 8 1 8 1 8 1 10 12 1 8 1 8 1 8 1 8 1 8 1 10 7 12 1 1 1 10 12 1 1 8 1 100 1 8 1 10 8 1 8 1 8 1 8 1 8 1 10 100 12 1 1 8 1 100 1 8 1 8 1 10 8 1 10 12 1 100 1 8 1 10 10 12 1 1 10 12 1 10 12 1 10 12 1 10 100 12 1 1 1 10 12 1 10 100 12 1 1 11 100 12 1 1 1 18 12 1 1 11 100 12 1 1 1 18 12 1 1 11 12 1 1 18 18 11 12 1 18 12 1 11 12 1 1 9 12 1 1 9 12 1 9 12 1 9 12 1 100 1 10 100 12 1 1 10 12 1 10 12 1 18 12 1 18 10 100 12 1 1 1 18 12 1 10 12 1 18 18 8 1 10 12 1 9 12 1 1 11 7 12 1 1 1 8 1 100 1 10 12 1 10 12 1 1 10 12 1 1 9 12 1 1 10 12 1 10 12 1 1 8 1 100 1 10 9 12 1 8 1 10 12 1 8 1 100 1 10 10 100 12 1 1 10 100 1 9 7 12 1 1 1 11 12 1 1 10 12 1 11 12 1 10 12 1 7 1 10 10 12 1 1 10 12 1 1 1 1 1 1 1 1 1 1 1 7 1 1 1 1 1 1 1 1 1 1 1 1 1 1 1 1 1 1 1 1 1 1 1 1 1 1 1 1 1 1 1 1 1 1 1 1 1 1 1 1 1 1 1 1 1 1 1 1 1 1 1 1 1 1 1 1 3 1 1 1 1 1 1 1 1 1 1 100 1 1 1 1 1 1 1 1 1 1 1 1 1 1 1 1 1 1 1 1 1 1 1 1 1 1 1 1 1 1 1 1 1 1 1 1 1 1 16 15 10 7 12 1 1 1 16 1 16 15 10 12 16 1 15 10 12 16 15 11 7 1 16 1 16 1 15 10 12 16 15 10 12 16 15 10 12 1 16 1 15 11 12 1 15 10 12 16 15 10 16 1 15 10 100 12 1 1 1 1 1 1 100 1 100 1 1
ciInstanceKlass java/security/AccessController 1 1 295 10 7 12 1 1 1 10 7 12 1 1 1 10 7 12 1 1 1 10 12 1 1 10 12 1 1 10 7 12 1 1 1 10 12 1 1 10 12 1 10 12 1 1 10 12 1 100 1 8 1 10 12 1 10 12 1 10 12 1 1 10 12 1 7 1 7 1 10 12 1 1 10 12 1 10 12 1 10 12 1 1 10 7 12 1 1 1 10 12 1 1 9 100 12 1 1 1 10 7 12 1 1 1 10 12 1 10 12 1 9 100 12 1 1 1 10 12 1 10 12 1 1 9 12 1 1 10 100 1 10 11 7 12 1 1 1 10 7 12 1 1 11 7 1 100 1 10 12 1 10 12 1 10 12 1 8 1 10 12 1 1 8 1 10 100 12 1 1 1 8 1 7 1 10 10 12 1 1 10 12 1 10 7 12 1 1 1 10 12 1 8 1 10 7 12 1 1 8 1 8 1 10 12 1 8 1 10 12 1 10 12 1 1 10 12 1 1 1 1 1 1 1 1 1 1 1 1 1 1 1 1 1 1 1 1 1 1 1 1 1 1 1 1 100 1 1 1 1 1 1 1 1 1 1 1 1 1 1 1 1 1 1 1 1 1 1 1 1 1 1 1 1 1 1 1 1 1 1 100 1 100 1 1 1 1 1 1 1 1 1 3 1 1 1
staticfield java/security/AccessController $assertionsDisabled Z 1
ciInstanceKlass java/security/ProtectionDomain 1 1 348 10 7 12 1 1 1 9 7 12 1 1 1 7 1 10 9 12 1 1 9 12 1 1 9 12 1 1 10 7 12 1 1 7 1 9 12 1 9 12 1 1 7 1 9 12 1 1 9 12 1 10 100 12 1 1 10 100 12 1 1 1 10 12 1 1 10 12 1 9 12 1 9 100 12 1 1 10 12 1 1 10 100 1 10 12 1 1 8 1 7 1 8 1 10 12 1 10 11 10 7 12 1 1 1 10 12 1 1 8 1 11 8 1 10 12 1 8 1 8 1 10 12 1 1 10 12 1 10 12 1 1 10 12 1 8 1 10 12 1 8 1 8 1 10 7 12 1 1 1 9 100 12 1 1 1 10 12 1 1 9 100 12 1 1 1 10 7 12 1 1 1 100 1 18 12 1 1 10 7 12 1 1 1 10 7 1 10 12 1 10 12 1 1 11 100 12 1 1 11 12 1 100 1 11 7 12 1 1 1 10 12 1 10 11 12 1 1 11 12 1 1 10 12 1 10 7 12 1 1 10 100 12 1 1 11 12 1 10 12 10 12 1 8 1 8 1 10 7 12 1 1 1 7 1 10 10 7 12 1 1 1 1 1 1 1 1 1 1 7 1 1 7 1 1 1 1 1 1 1 1 1 1 1 1 1 1 1 1 1 1 1 1 1 1 1 1 1 1 1 1 1 1 1 1 1 1 1 1 1 1 1 1 1 1 1 1 7 1 1 1 1 1 1 100 1 1 16 15 10 12 16 15 10 100 12 1 1 1 1 1 1 1 100 1 100 1 1
staticfield java/security/ProtectionDomain filePermCompatInPD Z 0
ciInstanceKlass java/security/CodeSource 1 1 399 10 7 12 1 1 1 9 7 12 1 1 1 9 12 1 1 9 12 1 1 9 12 1 1 10 7 12 1 1 1 9 12 1 1 10 100 12 1 1 10 100 10 100 12 1 1 1 10 12 1 1 10 12 1 1 7 1 10 10 100 12 1 1 1 10 100 12 1 1 1 10 12 1 1 100 1 10 12 1 1 10 12 1 1 10 12 1 1 10 12 1 10 10 7 1 10 12 1 1 10 7 12 1 1 1 10 12 1 1 10 12 1 10 12 1 8 1 10 12 1 10 12 1 10 12 1 1 10 12 1 8 1 10 12 1 1 10 7 1 10 10 12 1 1 8 1 10 12 1 10 12 1 10 12 1 8 1 8 1 9 12 1 1 100 1 8 1 10 12 1 10 12 1 1 8 1 10 12 1 8 1 8 1 8 1 10 100 12 1 1 10 12 1 1 10 12 1 10 12 1 1 10 12 1 1 10 12 1 1 100 1 100 1 10 12 1 10 12 10 12 1 1 10 100 12 1 1 10 12 1 7 1 10 12 10 100 12 1 1 1 10 8 1 10 12 1 10 12 1 10 12 1 1 100 1 10 12 1 1 100 1 7 1 8 1 8 1 10 10 12 1 1 10 100 12 1 1 1 7 1 10 12 10 12 1 1 11 7 12 1 1 10 10 12 1 11 10 12 1 8 1 100 1 10 12 1 10 12 1 1 10 12 1 11 12 1 1 7 1 1 1 1 5 0 1 1 1 1 1 1 1 1 1 1 1 1 1 1 1 1 1 1 1 1 1 1 1 1 1 1 1 1 1 1 1 1 1 1 1 1 1 1 1 1 1 1 1 1 1 1 1 1 1 1 1 1 1 1 1 1 1 1 1 1 1 1 1 1 1 1 100 1 1 1 1 1 1 1
ciInstanceKlass java/lang/Boolean 1 1 152 10 7 12 1 1 1 9 7 12 1 1 1 10 12 1 1 10 12 1 8 1 10 7 12 1 1 9 12 1 1 9 12 1 10 12 1 1 10 12 1 1 10 12 1 1 10 7 12 1 1 1 100 1 100 1 10 12 1 1 9 100 12 1 1 9 12 10 100 12 1 1 1 10 12 1 1 8 1 10 7 12 1 1 1 9 12 1 1 7 1 7 1 7 1 1 1 1 1 1 5 0 1 1 1 1 1 1 1 1 1 1 3 1 1 1 1 1 1 1 1 1 1 1 1 1 1 1 1 1 1 7 1 1 1 1 1 1 1 1 1 1 100 1 1 1 1 1 1 1 1 1
staticfield java/lang/Boolean TRUE Ljava/lang/Boolean; java/lang/Boolean
staticfield java/lang/Boolean FALSE Ljava/lang/Boolean; java/lang/Boolean
staticfield java/lang/Boolean TYPE Ljava/lang/Class; java/lang/Class
ciInstanceKlass java/lang/Comparable 1 0 12 100 1 100 1 1 1 1 1 1 1 1
ciInstanceKlass java/lang/constant/Constable 1 0 11 100 1 100 1 1 1 1 1 1 1
ciInstanceKlass java/util/Map 1 1 263 11 7 12 1 1 1 11 12 1 1 10 7 12 1 1 11 12 1 1 11 7 12 1 1 1 11 100 12 1 1 1 11 12 1 1 7 1 11 12 1 11 12 1 100 1 100 1 10 12 1 1 11 100 12 1 1 1 11 100 12 1 1 1 11 12 1 11 12 1 10 12 1 1 11 12 1 11 7 12 1 9 7 12 1 1 1 7 1 10 12 7 1 7 1 10 12 1 7 1 10 7 1 11 12 1 11 12 1 1 11 12 1 1 7 1 11 12 1 1 1 1 1 1 1 1 1 1 1 1 1 1 1 1 1 1 1 1 1 1 1 1 1 1 1 1 1 1 1 1 1 1 1 1 1 1 1 1 1 1 1 1 1 1 1 1 1 1 1 1 1 1 1 1 1 1 1 1 1 1 1 1 1 1 1 1 1 1 1 1 1 1 1 1 1 1 1 1 1 1 1 1 1 1 1 1 1 1 1 1 1 1 1 1 1 1 1 1 1 1 1 1 1 1 1 1 1 1 1 1 1 1 1 1 1 1 1 1 1 1 1 1 1 1 100 1 1 1 1 1 1 1 1 1 1 1 1 1 1 1 1 1 1
ciInstanceKlass java/lang/Class 1 1 1729 10 7 12 1 1 1 9 7 12 1 1 1 9 12 1 1 10 12 1 1 8 1 10 12 1 8 1 8 1 10 12 1 1 10 7 12 1 1 1 10 12 1 7 1 10 10 12 1 10 12 1 1 10 12 1 1 10 12 1 1 10 7 12 1 1 10 12 1 10 12 1 10 12 1 8 1 10 12 1 8 1 10 12 1 8 1 8 1 10 12 1 1 10 100 12 1 1 1 18 12 1 1 11 100 12 1 1 1 8 1 8 1 8 1 10 100 12 1 1 1 11 12 1 1 8 1 10 12 1 10 11 100 12 1 1 1 11 7 12 1 1 1 11 8 1 18 8 1 10 12 1 10 7 12 1 1 10 12 1 1 10 7 12 1 1 1 10 12 1 1 10 12 1 1 10 7 12 1 1 1 10 12 9 100 12 1 1 1 10 7 12 1 1 1 10 12 1 10 7 12 1 1 1 10 12 1 1 18 12 1 1 10 7 12 1 1 1 10 7 12 1 10 12 1 1 10 7 1 10 12 1 8 1 10 8 1 8 1 8 1 8 1 8 1 8 1 8 1 8 1 9 7 12 1 1 9 7 1 9 7 1 9 7 1 9 7 1 9 7 1 9 7 1 9 7 1 9 100 1 7 1 10 12 1 1 9 12 1 1 7 1 8 1 10 12 1 10 12 1 1 10 12 1 1 10 7 12 1 1 1 7 1 10 12 1 7 1 7 1 10 10 12 1 1 10 12 1 1 100 1 10 7 12 1 1 1 10 12 1 1 10 12 1 1 9 12 1 1 10 12 1 10 12 1 1 9 12 1 1 9 12 1 1 10 12 1 1 10 100 1 10 12 1 10 12 1 10 12 1 1 10 9 12 1 10 12 1 8 1 10 12 1 1 10 12 1 1 10 12 1 10 12 1 1 10 12 1 1 10 12 1 1 9 7 12 1 1 1 10 7 12 1 1 10 12 10 12 1 10 12 1 10 12 1 10 12 1 9 100 12 1 1 1 9 12 1 10 12 1 10 100 12 1 1 1 10 12 1 1 10 100 12 1 1 10 12 1 10 12 1 1 10 100 12 1 1 1 10 12 1 10 12 1 1 10 12 1 10 12 1 10 12 1 1 10 7 1 10 10 12 1 1 10 12 1 1 10 12 10 10 12 1 1 7 1 8 1 10 10 12 1 1 10 12 1 100 1 11 12 1 10 12 1 10 12 1 10 100 12 1 1 10 10 12 1 1 8 1 10 12 1 10 12 1 1 8 1 9 12 1 10 12 1 10 12 1 10 12 1 10 12 7 1 9 12 1 10 12 1 9 12 1 10 12 1 10 12 1 10 12 1 10 10 12 1 10 12 1 10 12 1 10 12 1 10 12 1 10 12 1 100 1 10 12 1 10 12 1 1 10 12 1 1 10 12 1 1 10 12 1 1 10 12 1 1 10 12 1 1 7 1 10 10 12 1 1 10 12 1 1 10 12 1 1 10 10 12 1 10 12 1 1 10 12 1 1 10 12 1 1 10 12 1 1 7 1 10 10 12 11 7 12 1 1 10 12 1 1 10 7 12 1 1 1 10 12 1 10 12 1 10 7 12 1 1 1 10 12 1 1 10 10 12 1 1 7 1 10 10 12 1 1 10 7 12 1 1 1 100 1 7 1 10 12 1 1 10 12 1 10 10 12 1 1 10 12 1 10 12 1 10 12 1 10 100 12 1 1 1 11 100 12 1 1 10 12 1 10 12 1 9 12 1 10 12 1 1 10 12 1 9 12 1 1 100 1 10 9 12 1 1 10 12 7 1 10 12 1 9 12 1 10 100 12 1 1 1 10 12 1 10 12 1 10 100 12 1 1 1 10 12 1 10 12 10 12 1 1 100 1 10 8 1 10 12 1 11 11 12 1 1 11 7 12 1 1 11 12 1 8 1 10 12 1 10 12 1 1 9 12 1 9 12 1 1 10 7 12 1 1 9 12 1 10 12 1 1 10 10 12 1 10 7 12 1 1 1 10 100 12 1 1 10 100 12 1 1 9 12 1 1 10 12 1 9 12 1 10 12 1 10 12 1 1 9 12 1 1 9 12 1 10 12 1 10 12 1 1 9 12 1 100 1 10 10 12 1 1 7 1 10 12 1 1 100 11 7 1 9 12 1 1 9 12 1 7 1 10 12 1 9 12 1 1 9 12 1 10 12 1 10 12 1 1 9 12 1 7 1 10 10 12 1 1 10 10 12 1 1 10 12 10 10 12 1 9 12 1 10 12 1 1 10 12 1 8 10 100 8 1 18 8 1 8 1 10 12 1 9 12 1 9 12 1 1 10 12 1 7 1 7 1 10 12 1 9 12 1 1 7 1 10 10 12 1 10 7 1 9 12 1 8 1 10 12 1 7 1 10 12 1 10 12 1 1 100 1 7 1 9 12 1 100 1 8 1 10 10 7 12 1 1 1 10 12 11 7 12 1 1 1 10 12 1 10 12 1 1 10 8 1 10 12 1 8 1 10 12 1 1 9 100 12 1 1 11 12 7 1 11 7 12 1 1 9 12 1 10 100 12 1 1 1 10 100 12 1 1 10 12 1 1 9 12 1 9 10 12 1 1 10 12 1 1 10 12 1 1 10 12 1 1 10 12 1 1 11 12 1 100 1 11 12 1 10 100 12 1 1 1 10 12 1 11 12 1 10 100 12 1 1 1 10 12 1 10 100 12 1 1 1 11 12 1 11 12 1 1 10 12 1 10 12 1 1 9 12 1 1 10 12 1 10 100 12 1 1 1 10 12 1 1 10 12 1 10 12 1 10 12 1 10 7 12 1 1 1 10 12 1 8 1 10 12 1 10 12 1 10 12 1 10 100 12 1 1 100 1 10 12 10 100 12 1 1 1 11 100 12 1 1 1 10 12 1 1 10 12 1 18 12 1 1 11 12 1 1 18 11 12 1 18 12 1 11 12 1 10 12 1 1 10 12 1 10 12 1 10 12 1 10 12 10 12 1 8 1 10 12 1 7 1 9 12 1 1 7 1 7 1 7 1 7 1 1 1 3 1 3 1 3 1 1 1 1 1 1 1 1 1 5 0 1 1 1 1 1 1 1 1 1 1 1 1 1 1 1 1 1 1 1 1 1 1 1 1 100 1 1 1 1 1 1 1 100 1 1 1 1 1 7 1 1 1 1 1 1 1 1 1 1 1 1 1 1 1 1 1 1 1 1 1 1 1 1 1 1 1 1 1 1 1 1 1 1 1 1 1 1 1 1 1 1 1 1 100 1 1 1 1 1 1 1 1 1 1 1 1 1 1 1 1 1 1 1 1 1 1 1 1 1 1 1 1 1 1 1 100 1 1 1 1 1 1 1 1 1 1 1 1 1 1 1 1 1 1 1 1 1 1 1 1 1 1 1 1 1 1 1 1 1 1 1 1 1 1 1 1 1 1 1 1 1 1 1 1 1 1 1 1 1 1 1 1 1 1 1 1 7 1 7 1 1 1 1 1 1 1 1 1 1 1 1 1 1 1 1 1 1 1 1 1 1 1 1 1 1 1 1 1 1 1 1 1 1 1 1 1 1 1 1 1 1 1 1 1 1 1 1 1 1 1 1 1 1 1 1 1 1 1 1 1 1 1 1 1 1 1 1 1 1 1 1 1 1 1 1 1 1 1 1 1 1 1 1 1 1 1 1 1 1 1 1 1 1 1 1 1 1 1 1 1 1 1 1 1 1 1 1 1 1 1 1 1 1 1 1 1 1 1 1 1 1 1 1 1 1 1 1 1 16 15 10 12 16 15 11 12 16 1 16 15 16 15 10 12 16 16 15 10 12 16 15 16 1 15 10 12 16 15 10 100 12 1 1 1 1 1 1 1 1 1 1 1 1 7 1 1 100 1 100 1 1 100 1 100 1 1
staticfield java/lang/Class EMPTY_CLASS_ARRAY [Ljava/lang/Class; 0 [Ljava/lang/Class;
staticfield java/lang/Class serialPersistentFields [Ljava/io/ObjectStreamField; 0 [Ljava/io/ObjectStreamField;
ciInstanceKlass java/lang/reflect/AnnotatedElement 1 1 165 11 7 12 1 1 1 11 12 1 1 7 1 10 100 12 1 1 1 10 12 1 1 10 12 1 1 10 12 1 10 100 12 1 1 1 11 12 1 1 11 7 12 1 1 10 7 12 1 1 1 10 12 1 10 100 12 1 1 1 18 12 1 1 11 100 12 1 1 18 12 1 18 12 1 1 10 100 12 1 1 1 11 100 12 1 1 1 7 1 10 100 12 1 1 1 1 1 1 1 1 1 1 1 1 1 1 1 1 1 1 1 1 1 1 1 1 1 1 100 1 1 1 1 1 1 1 1 1 1 1 16 15 16 1 16 1 15 11 12 16 16 1 15 10 100 12 1 1 1 16 1 15 10 100 12 1 1 1 1 100 1 100 1 1
ciInstanceKlass java/lang/invoke/TypeDescriptor 1 0 17 100 1 100 1 1 1 1 1 1 100 1 100 1 1 1 1
ciInstanceKlass java/lang/reflect/GenericDeclaration 1 0 30 7 1 7 1 7 1 1 1 1 1 1 1 1 100 1 8 1 1 12 10 1 1 1 8 1 1 1 8 1
ciInstanceKlass java/lang/reflect/Type 1 1 17 11 100 12 1 1 1 100 1 1 1 1 1 1 1 1 1
ciInstanceKlass java/lang/invoke/TypeDescriptor$OfField 1 0 21 100 1 100 1 100 1 1 1 1 1 1 1 1 1 1 1 1 1 1 1
ciMethod java/lang/Class isPrimitive ()Z 512 0 256 0 -1
ciInstanceKlass java/lang/StringBuilder 1 1 422 10 7 12 1 1 1 10 12 1 10 12 1 10 12 1 1 10 7 12 1 1 1 10 7 12 1 1 1 10 12 1 10 12 1 10 12 1 10 12 1 10 12 1 10 12 1 10 12 1 10 12 1 10 12 1 10 12 1 10 12 1 10 12 1 10 12 1 10 12 1 1 10 12 1 10 12 1 1 10 12 1 1 10 12 1 10 12 1 10 12 1 10 12 1 10 12 1 10 12 1 10 12 1 10 12 10 12 1 10 12 1 10 12 1 10 12 1 1 10 12 1 10 12 1 10 12 10 12 1 1 10 12 1 10 12 1 10 12 1 10 100 12 1 1 1 9 12 1 1 10 12 1 10 12 1 1 10 12 1 1 9 12 1 1 10 100 12 1 1 1 10 100 1 10 12 1 1 10 100 12 1 1 10 12 1 10 12 1 1 100 1 100 1 8 1 10 10 12 1 1 10 12 1 10 12 1 10 12 1 1 10 12 1 10 12 1 10 12 1 10 12 1 10 12 1 10 12 10 12 1 10 12 1 10 12 1 10 12 1 10 12 1 10 12 1 10 12 1 10 12 1 10 12 1 1 10 12 1 1 10 12 1 10 12 1 10 12 1 10 12 10 12 10 12 1 10 12 1 10 12 1 10 12 10 12 1 10 12 1 10 12 1 10 12 1 10 12 1 10 12 1 10 12 1 10 12 1 10 12 1 1 10 12 1 10 12 1 1 10 12 1 10 12 1 1 10 12 1 10 12 1 1 10 12 1 10 12 1 10 12 1 10 10 12 1 10 12 1 7 1 7 1 7 1 7 1 1 1 1 5 0 1 1 1 1 1 1 1 1 1 1 1 1 1 1 1 1 1 1 1 1 1 1 1 1 1 1 1 1 1 1 1 1 1 1 1 1 1 1 1 1 1 1 1 1 100 1 1 1 7 1 1 1 1 1 1 1 1 1 1 1
instanceKlass java/lang/StringBuilder
instanceKlass java/lang/StringBuffer
ciInstanceKlass java/lang/AbstractStringBuilder 1 1 613 7 1 10 7 12 1 1 1 9 7 12 1 1 1 9 12 1 9 12 1 1 9 12 1 1 10 7 12 1 1 1 10 12 1 1 7 1 3 3 10 12 1 10 12 1 1 11 7 1 100 1 7 1 10 8 1 10 12 1 10 12 1 10 12 1 1 10 12 1 10 12 1 9 12 1 10 12 1 9 12 1 1 10 12 1 1 10 7 12 1 1 1 10 10 12 1 10 12 1 10 12 1 1 10 12 1 1 10 7 12 1 1 1 10 7 12 1 1 1 7 1 8 1 10 10 12 1 1 100 1 10 12 10 12 1 1 10 10 12 1 1 10 12 1 1 10 12 1 1 10 12 1 1 10 10 7 12 1 1 1 10 12 1 100 1 10 10 7 12 1 1 1 9 12 1 1 9 12 1 10 12 1 1 10 10 12 1 1 10 12 10 12 1 10 12 1 1 10 12 1 1 10 12 1 1 10 12 1 10 12 1 1 10 12 1 1 10 12 1 10 12 1 1 8 1 10 12 1 1 10 12 1 10 12 1 10 12 1 10 12 1 10 12 1 10 12 1 10 7 12 1 1 10 12 1 10 12 1 10 100 12 1 1 1 100 1 100 1 10 12 1 10 100 12 1 1 10 12 1 10 12 1 1 10 12 1 10 12 1 1 10 12 1 10 12 1 1 10 12 1 1 10 10 7 12 1 1 1 10 12 1 10 12 1 10 12 1 1 10 12 1 10 12 1 10 12 1 10 12 1 10 12 1 10 12 1 10 12 1 10 12 1 10 12 1 1 10 12 1 10 12 1 10 12 10 12 1 1 18 12 1 1 100 1 10 100 12 1 1 1 18 10 12 1 1 10 12 1 1 10 12 1 10 12 1 1 11 12 1 1 10 12 1 10 12 1 10 12 10 12 1 10 10 10 12 1 10 5 0 10 10 12 1 1 100 1 8 1 10 10 12 1 1 10 100 12 1 1 1 10 12 1 10 12 1 1 100 1 10 12 100 1 10 100 1 10 7 1 1 1 1 1 1 1 1 1 1 1 100 1 1 1 1 1 1 1 1 1 1 1 1 1 1 1 1 1 1 1 1 1 1 1 1 1 1 1 1 1 1 1 1 1 1 1 1 1 1 1 1 1 1 1 1 1 1 1 1 1 1 1 1 1 1 1 1 1 1 1 1 1 1 1 1 1 1 1 1 1 1 1 1 1 1 1 1 1 1 1 1 1 1 1 1 1 1 1 1 1 1 1 1 1 1 1 1 1 1 1 1 100 1 1 1 1 1 1 1 1 1 1 1 1 1 1 1 1 1 100 1 1 1 1 1 1 7 1 1 16 1 15 10 12 16 15 10 12 15 10 100 12 1 1 1 1 1 1 1 100 1 100 1 1
staticfield java/lang/AbstractStringBuilder EMPTYVALUE [B 0
ciMethod java/lang/StringBuilder toString ()Ljava/lang/String; 32 0 6104 0 -1
ciInstanceKlass java/lang/Appendable 1 0 14 100 1 100 1 1 1 1 100 1 1 1 1 1
ciInstanceKlass java/lang/CharSequence 1 1 131 11 7 12 1 1 1 18 12 1 1 100 1 10 100 12 1 1 1 18 10 100 12 1 1 1 11 12 1 1 11 7 1 11 12 1 1 10 100 12 1 1 1 11 12 1 1 100 1 10 12 1 1 10 100 12 1 1 1 100 1 10 10 12 1 1 7 1 1 1 1 1 1 1 1 1 1 1 1 1 1 1 1 1 1 1 1 1 1 1 1 1 1 1 1 1 1 1 1 1 16 1 15 11 12 16 15 11 12 15 10 100 12 1 1 1 1 1 100 1 100 1 1 100 1 1 100 1 100 1 1
ciInstanceKlass java/io/PrintStream 1 1 413 100 1 10 12 1 1 8 1 10 7 12 1 1 1 10 100 12 1 1 1 100 1 100 1 100 1 10 10 7 12 1 1 9 12 1 1 9 12 1 9 12 1 10 12 1 1 10 12 1 9 12 1 7 1 10 12 1 9 12 1 1 7 1 10 12 1 9 12 1 1 10 7 12 1 1 1 10 7 12 1 1 1 9 12 1 1 10 12 1 10 12 1 8 1 7 1 10 12 1 10 12 1 100 1 10 10 12 1 8 10 12 1 9 12 1 1 100 1 8 1 10 10 12 1 10 12 1 10 12 1 10 12 1 10 12 1 10 12 1 10 12 1 10 10 10 12 1 1 10 12 1 1 100 1 10 7 12 1 1 1 10 12 1 10 12 1 10 12 1 10 12 10 10 12 1 10 12 10 12 1 10 10 12 1 10 12 1 10 12 10 12 10 7 12 1 1 1 10 12 10 12 1 10 12 1 1 10 10 12 1 10 12 1 10 12 1 10 12 1 10 12 1 10 10 12 1 10 10 12 1 10 12 1 1 10 12 1 10 12 10 12 1 10 12 1 10 12 1 10 12 10 12 10 12 10 12 1 1 10 12 1 10 12 1 1 9 12 1 1 10 100 12 1 1 1 9 100 12 1 1 1 10 100 12 1 1 1 10 12 1 10 12 1 10 12 1 10 12 1 8 1 11 7 12 1 1 1 10 12 1 1 10 12 1 10 12 1 7 1 10 12 10 7 12 1 1 1 7 1 7 1 1 1 1 1 1 1 1 1 1 1 1 1 1 1 1 100 1 1 1 1 1 1 1 1 100 1 1 1 1 1 1 1 7 1 1 1 1 1 1 1 1 1 1 1 1 100 1 1 1 100 1 1 1 1 1 1 1 1 1 1 1 1 1 1 1 1 100 1 1 1 1 1 1 1 1 1 1 1 1 1 1
instanceKlass java/io/ByteArrayOutputStream
instanceKlass java/io/FilterOutputStream
instanceKlass java/io/FileOutputStream
ciInstanceKlass java/io/OutputStream 1 1 53 10 7 12 1 1 1 100 1 10 10 100 12 1 1 1 10 100 12 1 1 1 10 12 1 100 1 100 1 1 1 1 1 1 1 1 1 100 1 1 1 1 1 1 1 1 1 1 1 1 1 1 1
instanceKlass java/io/BufferedOutputStream
instanceKlass java/io/PrintStream
ciInstanceKlass java/io/FilterOutputStream 1 1 74 10 7 12 1 1 1 7 1 10 9 7 12 1 1 1 9 12 1 1 10 12 1 1 10 12 1 10 100 12 1 1 1 10 10 12 1 9 12 1 1 10 10 12 1 100 1 10 12 1 1 1 1 1 1 1 1 1 1 1 100 1 1 1 1 1 1 1 1 1 1 1 1 1
ciMethod java/io/PrintStream write ([BII)V 1024 0 5178 0 0
ciMethod java/io/PrintStream print (Ljava/lang/String;)V 428 0 3990 0 0
ciInstanceKlass java/lang/AutoCloseable 1 0 12 100 1 100 1 1 1 1 100 1 1 1
ciInstanceKlass java/io/Closeable 1 0 14 100 1 100 1 100 1 1 1 1 100 1 1 1
ciInstanceKlass java/io/Flushable 1 0 12 100 1 100 1 1 1 1 100 1 1 1
instanceKlass javafx/scene/transform/NonInvertibleTransformException
instanceKlass java/lang/CloneNotSupportedException
instanceKlass java/security/PrivilegedActionException
instanceKlass java/net/URISyntaxException
instanceKlass sun/nio/fs/WindowsException
instanceKlass java/text/ParseException
instanceKlass com/sun/javafx/geom/transform/NoninvertibleTransformException
instanceKlass java/util/concurrent/ExecutionException
instanceKlass java/security/GeneralSecurityException
instanceKlass java/io/IOException
instanceKlass java/lang/InterruptedException
instanceKlass java/lang/ReflectiveOperationException
instanceKlass java/lang/RuntimeException
ciInstanceKlass java/lang/Exception 1 1 40 10 7 12 1 1 1 10 12 1 10 12 1 10 12 1 10 12 1 100 1 1 1 1 5 0 1 1 1 1 1 1 1 1 1 1 1 1 1 1
instanceKlass java/lang/Exception
instanceKlass java/lang/Error
ciInstanceKlass java/lang/Throwable 1 1 413 10 7 12 1 1 1 9 7 12 1 1 1 9 12 1 1 9 12 1 9 12 1 1 9 12 1 10 12 1 1 9 12 1 1 10 12 1 1 10 100 12 1 1 1 9 12 1 1 10 12 1 1 10 12 1 100 1 7 1 10 8 1 10 12 1 1 8 1 10 100 12 1 1 10 10 12 1 100 1 8 1 10 10 7 12 1 1 10 12 1 8 1 9 7 12 1 1 1 10 12 1 1 100 1 10 12 10 12 1 10 100 12 1 1 1 100 1 10 12 10 12 1 10 12 1 100 1 10 10 7 12 1 1 1 11 100 12 1 1 1 10 12 1 1 10 12 1 1 8 1 10 12 1 10 12 1 1 8 1 8 1 10 12 1 1 10 12 1 8 1 8 1 9 12 1 10 12 1 1 100 1 10 11 12 1 8 1 8 1 10 7 12 1 1 8 1 10 12 1 8 1 100 1 10 12 1 9 12 1 1 10 12 1 10 7 12 1 9 12 1 1 10 12 1 1 100 1 8 1 10 12 1 10 100 12 1 1 10 12 1 1 7 1 10 100 12 1 1 1 10 12 1 11 7 12 1 1 1 11 7 12 1 1 11 12 1 8 1 10 12 1 1 8 1 10 10 9 100 12 1 1 1 8 1 10 12 1 1 11 10 100 1 8 1 10 11 12 1 1 8 1 9 12 1 10 100 12 1 1 11 9 12 1 1 11 12 1 1 100 10 12 1 10 12 1 1 7 1 1 1 1 5 0 1 1 1 1 1 1 1 1 1 1 1 1 7 1 1 1 1 1 1 1 1 1 1 1 1 1 1 1 1 1 1 1 1 1 1 1 1 1 1 1 1 1 1 1 1 1 1 1 1 1 1 1 1 1 1 1 1 1 100 1 7 1 1 1 1 1 1 1 1 1 1 1 1 1 1 1 1 1 1
staticfield java/lang/Throwable UNASSIGNED_STACK [Ljava/lang/StackTraceElement; 0 [Ljava/lang/StackTraceElement;
staticfield java/lang/Throwable SUPPRESSED_SENTINEL Ljava/util/List; java/util/Collections$EmptyList
staticfield java/lang/Throwable EMPTY_THROWABLE_ARRAY [Ljava/lang/Throwable; 0 [Ljava/lang/Throwable;
staticfield java/lang/Throwable $assertionsDisabled Z 1
ciInstanceKlass java/util/Properties 1 1 690 10 7 12 1 1 1 100 1 10 7 12 1 1 7 1 10 12 1 9 12 1 1 9 12 1 1 9 12 1 1 10 7 12 1 1 1 10 12 1 1 8 1 10 7 12 1 1 1 7 1 10 12 1 10 12 1 1 8 1 10 12 1 7 1 10 12 10 12 1 1 9 12 1 1 10 12 1 1 7 1 10 12 1 10 12 1 10 12 1 1 100 1 8 1 10 12 1 10 12 1 10 12 1 1 10 12 1 7 1 3 10 10 100 12 1 1 1 10 12 1 10 12 1 1 8 1 10 12 1 10 12 1 1 8 1 10 100 12 1 1 10 12 1 1 10 12 1 10 12 1 1 100 1 10 12 1 10 12 1 1 100 1 9 100 12 1 1 1 10 12 1 10 12 1 1 10 12 1 1 10 12 1 1 100 1 9 12 1 1 7 1 7 1 10 12 1 7 1 11 7 12 1 1 1 11 12 1 1 11 7 12 1 1 1 11 7 12 1 1 1 11 12 1 1 11 12 1 11 12 1 10 12 1 1 8 1 10 12 1 10 100 12 1 1 10 12 1 100 1 10 10 12 1 10 12 1 100 1 10 10 12 1 1 10 7 12 1 1 9 100 12 1 1 10 12 1 1 10 100 12 1 1 1 100 1 100 1 100 1 10 8 1 8 1 10 12 1 10 12 1 10 12 1 1 10 10 12 1 1 10 12 1 1 100 1 10 10 12 1 11 7 12 1 1 10 7 12 1 1 1 8 1 10 100 12 1 1 11 11 7 1 8 1 10 100 1 11 10 12 1 10 10 12 1 10 12 1 1 10 12 1 1 10 12 1 1 10 12 1 10 12 1 10 10 12 1 10 12 1 10 12 1 10 10 12 1 1 10 12 1 1 10 10 12 1 10 12 1 10 12 1 10 12 1 10 12 1 1 10 12 1 1 10 12 1 10 12 1 10 12 1 1 10 12 10 12 1 1 10 12 1 1 10 12 1 10 12 1 1 10 12 1 1 10 12 10 11 12 1 4 11 10 12 1 1 10 100 12 1 1 11 12 1 10 12 1 1 10 100 12 1 1 10 12 1 100 1 8 1 10 12 1 10 10 100 12 1 1 1 100 1 6 0 10 12 1 1 11 100 12 1 1 1 10 12 1 10 12 1 1 1 1 1 5 0 1 1 1 1 1 1 1 1 1 1 1 1 1 1 1 1 1 1 1 1 1 1 1 1 1 1 1 1 1 1 1 1 1 1 1 1 1 1 1 100 1 1 1 1 1 1 1 1 1 1 1 1 1 1 1 1 1 1 1 1 100 1 1 1 1 1 1 1 1 1 1 1 1 7 1 7 1 1 1 1 1 100 1 1 1 1 1 1 1 1 1 1 1 1 1 1 1 1 1 1 1 1 1 1 1 1 1 1 1 1 1 1 1 1 1 1 1 1 1 1 1 1 1 1 1 1 1 1 1 1 1 1 1 1 1 1 1 1 1 1 1 1 1 1 1 1 1 1 1 1 1 1 1 1 1 1 1 1 1 7 1 1 1 1 1 1 1 1 1 1 1 100 1 1
staticfield java/util/Properties UNSAFE Ljdk/internal/misc/Unsafe; jdk/internal/misc/Unsafe
instanceKlass java/util/Hashtable
ciInstanceKlass java/util/Dictionary 1 1 36 10 7 12 1 1 1 100 1 1 1 1 1 1 1 1 1 1 1 1 1 1 1 1 1 1 1 1 1 1 1 1 1 1 1 1
instanceKlass java/util/Properties
ciInstanceKlass java/util/Hashtable 1 1 516 7 1 10 7 12 1 1 1 9 7 12 1 1 1 100 1 7 1 10 8 1 10 12 1 1 10 12 1 10 12 1 1 10 12 1 10 7 12 1 1 1 8 1 10 12 1 9 12 1 1 7 1 9 12 1 1 4 10 7 12 1 1 1 9 12 1 4 10 12 1 11 7 12 1 1 1 10 12 1 1 10 12 1 1 9 12 1 10 12 1 1 100 1 10 9 12 1 1 10 7 12 1 1 1 9 12 1 1 10 12 1 10 12 1 3 9 12 1 9 12 1 3 10 12 1 10 12 1 10 12 1 1 11 12 1 1 11 100 12 1 1 1 11 7 12 1 1 1 11 12 1 100 1 11 12 1 11 12 1 10 12 1 1 10 12 1 1 10 12 1 9 12 1 1 9 12 9 12 1 1 10 100 1 7 1 10 12 1 10 8 1 10 10 12 1 8 1 10 8 1 10 100 12 1 1 1 7 1 10 12 1 10 12 1 100 1 10 12 1 10 12 1 1 100 1 10 100 1 10 10 12 1 1 11 12 1 1 11 12 1 7 1 10 10 10 100 12 1 1 11 100 12 1 1 1 100 1 10 11 100 12 1 1 11 100 12 1 10 12 1 10 12 1 1 10 100 12 1 1 10 12 1 1 10 12 1 1 10 12 1 1 10 100 12 1 1 1 8 10 100 12 1 1 100 1 8 1 10 4 4 10 12 1 1 10 12 1 8 1 4 10 12 10 100 12 1 1 1 100 1 11 100 12 1 1 1 10 100 12 1 1 1 10 12 1 10 12 1 1 10 7 1 7 1 1 1 1 1 1 5 0 1 1 1 1 1 3 1 3 1 3 1 1 1 1 1 1 1 1 1 1 1 1 1 1 1 1 1 1 1 1 1 1 1 1 1 100 1 1 1 1 1 1 1 1 1 1 1 1 1 1 1 1 1 1 1 1 1 1 1 1 1 1 1 1 1 7 1 1 1 1 1 1 1 1 1 1 1 1 1 1 7 1 1 1 1 1 1 1 1 1 1 1 1 1 1 1 1 1 1 1 1 1 1 1 1 1 1 1 1 1 1 1 1 1 1 1 1 1 1 1 1 1 1 1 1 100 1 1 1 7 1 1 1 1 1 7 1 1 1 1 1 1 1 1 1 1 1 1 1 1 1 1 1 1
ciInstanceKlass java/lang/String 1 1 1473 10 7 12 1 1 1 8 1 9 7 12 1 1 1 9 12 1 1 9 12 1 1 9 12 1 1 10 12 1 10 12 1 1 10 12 1 1 9 12 1 10 7 12 1 1 1 10 12 1 1 10 12 1 10 7 12 1 1 1 10 12 1 1 10 12 1 1 10 12 1 10 12 1 1 10 12 1 10 7 12 1 1 1 7 1 9 7 12 1 1 1 10 7 12 1 1 1 10 12 1 1 10 12 1 1 10 7 12 1 1 1 10 12 1 1 9 7 12 1 1 10 12 9 7 12 1 1 10 12 1 1 3 10 12 1 1 7 1 11 12 1 1 11 12 1 11 12 1 1 10 7 12 1 1 1 10 12 1 1 9 7 12 1 1 1 10 12 1 1 10 12 1 11 12 1 1 10 12 1 10 12 10 12 1 1 10 7 12 1 1 1 10 7 12 1 1 1 10 12 1 1 100 1 7 1 10 12 1 10 12 1 10 12 1 1 10 12 1 1 100 1 10 12 1 1 100 1 10 12 1 1 10 12 1 1 10 12 1 10 10 12 1 10 12 1 100 1 100 1 100 1 10 12 1 10 12 1 1 10 12 1 1 10 12 1 10 12 1 1 10 12 1 1 10 7 12 1 1 7 1 11 10 7 12 1 1 11 12 1 11 12 1 10 12 1 1 10 12 1 10 12 10 12 1 1 10 10 7 12 1 1 1 10 7 12 1 1 10 12 1 1 10 7 12 1 1 10 12 1 10 12 1 1 10 12 1 1 10 12 1 10 12 1 10 12 1 1 100 1 10 12 1 1 10 12 10 12 1 10 12 1 10 12 1 1 10 7 12 1 1 1 10 12 1 10 12 1 1 10 12 1 10 12 1 3 3 10 12 1 1 10 12 1 10 12 1 1 10 12 1 1 10 12 1 1 10 12 1 10 12 1 1 10 12 1 1 10 12 1 10 12 1 10 12 1 10 12 1 1 10 12 1 10 12 1 10 12 1 10 12 1 10 12 1 10 12 1 10 7 1 10 8 1 10 12 1 1 10 12 1 8 1 10 12 1 1 10 12 10 12 1 8 1 10 10 12 1 1 10 12 1 1 10 12 1 1 10 7 1 10 10 12 1 10 12 1 10 12 1 10 10 12 1 10 12 1 10 12 1 10 12 1 10 12 1 10 12 1 10 12 1 1 10 12 1 1 10 12 1 1 10 10 12 1 1 10 10 12 1 100 1 10 9 100 12 1 1 1 11 100 12 1 1 1 10 12 1 1 10 12 1 1 10 7 1 10 12 1 10 12 1 10 7 12 1 1 1 10 12 1 10 12 1 1 10 12 1 11 7 1 11 12 10 12 1 10 12 1 1 10 12 1 1 10 10 12 1 10 12 1 9 12 1 1 11 7 12 1 1 1 10 12 10 10 12 1 10 12 1 1 10 10 12 1 10 12 1 10 12 1 1 10 12 1 1 10 10 12 1 1 10 12 1 10 10 12 1 10 12 10 10 12 10 10 12 1 10 12 1 10 10 12 10 7 12 1 1 1 10 12 10 10 12 10 12 1 10 12 10 12 10 10 12 1 10 12 1 1 10 12 1 1 10 10 12 1 10 7 12 1 1 1 10 12 1 1 10 10 7 12 1 1 1 11 10 12 1 10 12 1 1 10 12 1 1 10 7 12 1 1 1 10 12 1 10 12 1 10 12 1 10 12 1 10 12 1 10 12 1 100 1 7 1 8 1 10 10 10 12 1 10 12 1 1 8 1 10 12 1 3 3 10 12 1 10 12 1 1 10 12 7 1 10 10 12 1 1 10 12 1 10 12 1 10 12 1 1 10 12 1 1 11 7 12 1 1 1 7 1 10 12 1 10 12 1 1 8 1 10 12 1 1 10 12 1 11 7 12 1 1 1 11 7 12 1 1 11 12 1 10 12 1 10 12 1 1 10 10 7 12 1 1 1 10 12 1 10 12 1 10 10 12 10 12 1 1 10 10 12 1 10 10 12 1 10 10 12 1 10 10 12 1 10 12 1 1 10 10 12 1 8 1 10 12 1 1 18 12 1 1 11 100 12 1 1 1 7 1 3 18 12 1 18 12 1 8 1 10 100 12 1 1 1 11 12 1 1 10 12 10 10 12 1 10 11 12 1 1 10 12 1 1 11 12 1 18 3 11 10 12 1 11 11 10 12 1 10 12 1 1 8 1 10 12 1 10 12 1 10 12 1 1 10 10 12 1 11 100 12 1 7 1 100 1 10 7 1 10 10 7 12 1 1 1 100 1 10 100 1 10 10 12 1 10 10 12 1 8 1 10 10 12 1 8 1 8 1 10 12 1 10 12 1 10 10 12 10 7 12 1 1 10 7 12 1 1 10 7 12 1 1 8 1 10 12 1 10 12 1 10 9 12 1 10 12 9 7 12 1 1 1 10 12 1 10 12 1 10 12 1 10 12 10 12 1 10 12 1 8 1 10 100 12 1 1 1 10 12 10 12 1 1 10 12 10 10 12 10 12 7 1 9 12 1 1 7 1 10 7 1 7 1 7 1 7 1 1 1 1 1 1 5 0 1 1 1 1 1 3 1 3 1 1 1 1 1 1 1 1 1 1 1 1 1 1 1 100 1 1 1 1 1 1 1 1 1 1 1 1 1 1 1 1 1 1 1 1 1 1 1 1 1 1 1 1 1 1 1 100 1 1 1 1 1 1 1 1 1 1 1 1 7 1 1 1 1 1 1 1 1 1 1 1 1 1 1 1 1 1 1 1 1 1 1 1 1 1 1 1 1 1 1 1 1 1 1 1 1 1 1 1 1 1 1 1 1 1 1 1 1 1 1 1 1 1 1 1 1 1 1 1 1 1 1 1 1 1 1 1 1 1 1 1 1 1 1 1 1 1 1 1 1 1 1 1 1 1 1 1 1 1 1 1 1 1 1 1 1 1 1 1 1 1 1 1 1 1 1 1 1 1 1 1 1 1 1 1 1 1 1 1 1 1 1 1 1 1 1 1 1 1 1 1 1 1 1 1 1 1 1 1 1 1 1 1 1 1 1 1 1 1 1 1 1 1 1 1 1 1 1 1 1 1 1 1 1 1 1 1 1 1 1 1 1 1 1 1 1 1 1 1 1 100 1 1 1 1 1 1 1 1 1 1 1 1 1 1 1 1 1 1 1 1 1 1 1 100 1 1 1 1 1 1 1 1 1 1 1 1 1 1 1 7 1 1 1 1 1 1 1 1 1 1 1 1 1 1 1 16 15 10 12 16 15 10 12 15 10 12 15 10 12 15 10 100 12 1 1 1 1 100 1 1 1 1 1 100 1 100 1 1 1
staticfield java/lang/String COMPACT_STRINGS Z 1
staticfield java/lang/String serialPersistentFields [Ljava/io/ObjectStreamField; 0 [Ljava/io/ObjectStreamField;
staticfield java/lang/String CASE_INSENSITIVE_ORDER Ljava/util/Comparator; java/lang/String$CaseInsensitiveComparator
ciMethod java/lang/String toString ()Ljava/lang/String; 768 0 15321 0 80
ciMethod java/lang/String length ()I 1024 0 211877 0 112
ciMethod java/lang/String isEmpty ()Z 516 0 30641 0 112
ciInstanceKlass java/lang/constant/ConstantDesc 1 0 37 100 1 100 1 1 1 1 100 1 1 1 1 100 1 100 1 100 1 100 1 100 1 100 1 100 1 100 1 100 1 1 100 1 100 1 1
ciInstanceKlass java/io/BufferedOutputStream 1 1 149 10 100 12 1 1 1 10 7 12 1 1 1 10 12 1 7 1 10 7 12 1 1 1 100 1 8 1 10 12 1 10 7 12 1 1 1 10 7 12 1 1 1 9 12 1 1 9 12 1 1 9 12 1 1 10 12 1 1 10 12 1 9 12 1 9 12 1 1 10 7 12 1 1 1 7 1 3 10 100 12 1 1 1 10 100 12 1 1 1 10 12 1 10 12 1 1 10 12 1 10 12 1 10 12 1 10 12 10 7 12 1 1 1 10 12 1 10 12 1 1 1 3 1 3 1 1 1 1 1 1 1 1 1 1 1 100 1 1 1 1 1 1 7 1 1 100 1 1
ciMethod java/io/BufferedOutputStream flush ()V 1024 0 5386 0 0
ciMethod java/io/BufferedOutputStream write ([BII)V 1024 0 5254 0 0
ciInstanceKlass sun/nio/cs/UTF_8 1 1 84 8 1 10 7 12 1 1 1 10 7 12 1 1 1 8 1 7 1 10 12 1 7 1 10 10 7 12 1 1 1 10 12 1 1 10 12 1 1 7 1 10 12 1 9 12 1 1 10 7 12 1 1 1 9 12 1 1 1 1 1 1 1 1 1 1 1 1 1 1 1 1 1 1 1 1 1 1 1 1 1 1 1 1
staticfield sun/nio/cs/UTF_8 INSTANCE Lsun/nio/cs/UTF_8; sun/nio/cs/UTF_8
staticfield sun/nio/cs/UTF_8 JLA Ljdk/internal/access/JavaLangAccess; java/lang/System$2
ciInstanceKlass jdk/internal/misc/VM 1 1 320 10 7 12 1 1 1 9 7 12 1 1 1 9 12 1 1 7 1 7 1 10 8 1 10 12 1 1 10 12 1 10 12 1 1 10 12 1 10 12 1 10 12 1 9 12 1 1 8 1 10 12 1 9 12 1 1 9 12 1 9 12 1 3 10 7 12 1 1 1 9 12 1 1 100 1 8 1 10 11 7 12 1 1 1 7 1 10 100 12 1 1 1 10 12 1 8 1 8 1 10 12 1 1 8 1 10 12 1 1 10 7 12 1 1 1 10 12 1 1 10 7 12 1 1 1 5 0 8 1 8 1 8 1 10 12 1 1 10 12 1 1 10 7 12 1 1 1 10 12 1 9 12 1 100 1 10 12 1 10 7 12 1 1 9 12 1 9 12 1 9 7 12 1 1 1 9 12 1 9 12 1 9 12 1 9 12 1 9 12 1 10 12 1 10 12 1 10 12 1 10 12 1 10 12 1 9 100 12 1 1 1 5 0 10 1 1 3 1 3 1 3 1 3 1 3 1 1 1 1 1 1 1 1 1 3 1 3 1 3 1 1 1 1 1 1 1 7 1 1 1 100 1 1 1 1 1 1 1 1 1 1 1 1 1 1 1 1 1 1 1 1 1 1 1 1 1 1 1 1 1 1 1 1 1 1 1 1 1 1 1 1 1 1 1 1 1 1 1 1 1 1 1 1 1 1 1 1 1 1 1 1 100 1 1 7 1 1 1 1
staticfield jdk/internal/misc/VM lock Ljava/lang/Object; java/lang/Object
ciInstanceKlass java/lang/InternalError 0 0 34 10 100 12 1 1 1 10 12 1 10 12 1 10 12 1 100 1 1 1 1 5 0 1 1 1 1 1 1 1 1 1 1 1
instanceKlass java/lang/AssertionError
instanceKlass java/lang/VirtualMachineError
instanceKlass java/lang/LinkageError
ciInstanceKlass java/lang/Error 1 1 58 10 7 12 1 1 1 9 12 1 1 10 100 12 1 1 1 10 100 12 1 1 1 10 12 1 10 12 1 10 12 1 10 12 1 100 1 1 1 1 5 0 1 1 1 1 1 1 1 1 100 1 1 1 1 1 1 1
instanceKlass java/lang/StackOverflowError
instanceKlass java/lang/OutOfMemoryError
instanceKlass java/lang/InternalError
ciInstanceKlass java/lang/VirtualMachineError 1 1 34 10 100 12 1 1 1 10 12 1 10 12 1 10 12 1 100 1 1 1 1 5 0 1 1 1 1 1 1 1 1 1 1 1
ciInstanceKlass java/util/Iterator 1 1 53 100 1 8 1 10 12 1 1 10 7 12 1 1 1 11 7 12 1 1 1 11 12 1 1 11 7 12 1 1 1 7 1 1 1 1 1 1 1 1 1 1 1 1 1 1 1 1 1 1 1 1 1
instanceKlass java/io/SequenceInputStream
instanceKlass java/util/zip/ZipFile$ZipFileInputStream
instanceKlass sun/nio/ch/ChannelInputStream
instanceKlass java/io/FilterInputStream
instanceKlass java/io/FileInputStream
instanceKlass java/io/ByteArrayInputStream
ciInstanceKlass java/io/InputStream 1 1 195 7 1 10 7 12 1 1 1 100 1 10 10 7 12 1 1 1 10 7 12 1 1 1 10 12 1 100 1 3 10 12 1 1 100 1 8 1 10 12 1 10 7 12 1 1 1 3 7 1 8 1 10 10 7 12 1 1 1 7 1 10 11 7 12 1 1 1 10 12 1 1 11 12 1 1 11 7 12 1 1 1 11 12 1 1 7 1 10 7 12 1 1 1 5 0 10 12 1 10 12 1 1 100 1 10 8 1 10 8 1 8 1 10 12 1 1 10 100 12 1 1 1 7 1 5 0 10 12 1 100 1 7 1 1 1 1 3 1 3 1 1 1 1 1 1 1 1 1 1 1 1 1 1 1 1 1 1 1 1 1 1 1 1 1 1 1 1 1 1 1 1 1 1 1 1 1 1 1 1 1 1 1 1 1 1 1 1 1 1 1 1 1 1 1
ciInstanceKlass java/io/FileDescriptor 1 1 175 10 7 12 1 1 1 9 7 12 1 1 1 5 0 9 12 1 1 10 12 1 1 10 12 1 1 9 12 1 1 10 100 12 1 1 1 10 12 1 10 12 1 1 9 12 1 1 10 7 12 1 1 8 1 10 7 12 1 1 1 10 12 1 10 12 1 9 12 1 1 9 12 1 1 7 1 10 11 7 12 1 1 1 9 12 1 11 12 1 1 11 7 12 1 1 1 11 12 1 1 7 1 11 12 1 100 1 10 12 1 1 7 1 10 10 12 1 7 1 10 10 7 12 1 1 1 10 12 1 9 12 1 1 9 12 1 9 12 1 1 1 1 1 1 1 1 1 1 1 1 1 100 1 1 1 1 1 1 1 1 1 1 1 1 1 1 1 1 1 1 1 1 1 1
staticfield java/io/FileDescriptor in Ljava/io/FileDescriptor; java/io/FileDescriptor
staticfield java/io/FileDescriptor out Ljava/io/FileDescriptor; java/io/FileDescriptor
staticfield java/io/FileDescriptor err Ljava/io/FileDescriptor; java/io/FileDescriptor
ciInstanceKlass java/io/FileOutputStream 1 1 194 100 1 10 12 1 1 10 7 12 1 1 10 7 12 1 1 7 1 10 9 12 1 1 10 12 1 1 10 7 12 1 1 1 10 7 12 1 1 100 1 10 10 12 1 1 100 1 8 1 10 7 1 10 9 12 1 1 10 12 1 1 9 12 1 1 10 12 1 1 10 100 12 1 1 1 10 12 10 7 12 1 1 1 10 12 1 10 12 1 1 9 12 1 1 11 7 12 1 1 1 10 12 1 1 10 12 1 1 9 12 1 1 9 12 1 1 10 100 12 1 1 100 1 10 12 1 10 12 1 100 1 10 10 100 12 1 1 7 1 10 12 1 10 7 12 1 1 1 10 12 1 1 1 1 1 1 1 1 7 1 1 1 1 1 1 1 1 1 1 1 7 1 1 1 1 1 1 100 1 1 1 1 1 1 1 1 1 1 1 1 1 1 1
staticfield java/io/FileOutputStream FD_ACCESS Ljdk/internal/access/JavaIOFileDescriptorAccess; java/io/FileDescriptor$1
ciMethod java/io/OutputStream flush ()V 1024 0 1561 0 80
ciMethod java/io/FileOutputStream write ([BII)V 1024 0 5475 0 0
ciInstanceKlass jdk/internal/misc/Unsafe 1 1 1287 10 7 12 1 1 1 9 7 12 1 1 1 9 12 1 1 10 12 1 1 10 7 12 1 1 1 10 12 1 1 10 12 1 1 10 12 1 1 10 12 1 1 10 12 1 1 10 12 1 1 10 12 1 1 10 12 1 1 10 12 1 1 10 12 1 1 10 12 1 1 10 12 1 1 10 12 1 1 10 12 1 10 12 1 100 1 10 10 12 1 1 10 12 1 1 5 0 10 12 1 1 10 12 1 1 10 7 12 1 1 1 10 12 1 1 10 12 1 10 12 1 10 12 1 1 10 12 1 1 10 12 1 10 12 1 7 1 7 1 10 8 1 10 12 1 1 10 12 1 8 1 10 12 1 1 10 12 1 10 12 1 10 12 1 1 10 12 1 10 12 1 1 10 12 1 1 10 12 1 10 12 1 10 12 1 10 12 1 1 10 12 1 10 12 1 10 12 1 1 10 12 1 5 0 5 0 5 0 10 12 1 10 12 1 10 12 1 10 12 1 10 12 1 10 12 1 10 12 1 10 12 1 10 12 1 1 10 12 1 10 12 1 7 1 8 1 10 100 1 10 10 12 1 1 10 12 1 1 10 12 1 10 12 1 1 10 12 1 1 10 12 1 10 12 1 1 10 12 1 9 7 12 1 1 9 12 1 100 1 10 10 12 1 1 8 1 10 8 1 8 1 10 12 1 1 9 7 12 1 1 1 9 7 1 9 7 1 9 7 1 9 9 7 1 9 7 1 9 7 1 10 12 1 1 10 12 1 1 10 12 1 1 10 12 1 1 5 0 5 0 9 12 1 1 10 12 1 10 12 1 10 12 1 1 10 12 1 1 10 12 1 8 1 3 10 12 1 1 10 12 1 1 10 12 1 10 12 1 1 10 12 1 1 10 12 1 10 12 1 10 12 1 10 12 1 10 12 1 10 12 1 1 10 12 1 1 10 12 1 10 12 1 10 12 1 10 12 1 10 12 1 10 12 1 1 10 12 1 1 10 12 1 10 12 1 10 12 1 10 12 1 10 12 1 10 12 1 1 10 12 1 1 10 12 1 1 10 12 1 1 10 12 1 10 12 1 10 12 1 10 12 1 10 12 1 10 12 1 10 12 1 1 10 12 1 1 10 12 1 10 12 1 10 12 1 10 12 1 10 12 1 10 12 1 10 12 1 1 10 12 1 1 10 12 1 10 12 1 10 12 1 10 12 1 10 12 1 10 12 1 10 12 1 10 12 1 1 10 12 1 10 12 1 10 12 1 10 12 1 10 12 1 1 10 12 1 10 12 1 10 12 1 10 12 1 10 12 1 10 12 1 10 12 1 10 12 1 1 10 12 1 10 12 1 10 12 1 10 12 1 10 12 1 10 12 1 1 10 12 1 10 12 1 10 12 1 1 10 12 1 10 12 1 10 12 1 10 12 1 10 12 1 10 12 1 10 12 1 10 12 1 10 12 1 10 12 1 10 12 1 10 12 1 10 12 1 10 12 1 10 12 1 10 12 1 10 12 1 10 12 1 10 12 1 10 12 1 10 12 1 10 12 1 10 12 1 100 1 10 100 1 10 9 12 1 5 0 10 12 1 1 5 0 10 12 1 5 0 10 12 1 10 12 1 10 12 1 1 10 12 1 1 10 12 1 10 12 1 10 12 1 10 12 1 1 10 12 1 10 12 1 10 12 1 10 12 1 10 12 1 1 10 12 1 10 12 1 10 12 1 10 12 1 1 10 12 1 10 12 1 10 12 1 1 10 12 1 10 12 1 10 12 1 10 12 1 1 10 12 1 10 10 12 1 1 10 12 1 10 12 1 1 10 12 1 10 12 5 0 5 0 5 0 10 12 1 1 10 12 1 10 12 1 10 12 10 100 12 1 1 8 1 100 1 11 12 1 1 8 1 11 12 1 1 10 100 12 1 1 10 12 1 10 12 1 10 12 1 10 12 1 10 12 1 1 10 12 1 10 12 1 10 12 1 10 12 1 10 12 1 10 12 1 10 7 1 10 12 1 9 12 1 7 1 9 12 1 7 1 9 12 1 7 1 9 12 1 7 1 9 12 1 7 1 9 12 1 7 1 9 12 1 7 1 9 12 1 7 1 9 12 1 10 12 1 9 12 1 9 12 1 9 12 1 9 12 1 9 12 1 9 12 1 9 12 1 9 12 1 9 12 1 9 12 1 1 1 3 1 1 1 1 1 1 1 1 1 1 1 1 1 1 1 1 1 1 1 1 1 1 1 1 1 1 1 1 1 1 1 1 1 1 1 1 1 1 1 1 1 1 1 1 1 1 1 1 1 1 1 1 1 1 1 1 1 1 1 1 1 1 1 1 1 1 1 1 1 1 1 1 1 1 1 1 1 1 1 1 1 1 1 1 1 1 1 1 1 100 1 1 1 1 1 1 1 1 1 1 1 1 1 1 1 1 1 1 1 1 1 1 1 1 1 1 1 1 1 1 1 1 1 1 1 1 1 1 1 1 1 1 1 1 1 1 1 1 1 1 1 1 1 1 1 1 1 1 1 1 1 1 1 1 1 1 1 1 1 1 1 1 1 1 1 1 1 1 1 1 1 1 1 1 1 1 1 1 1 1 1 1 1 1 1 1 1 1 1 1 1 1 1 1 1 1 1 1 1 1 1 1 1 1 1 1 1 1 1 1 1 1 1 1 1 1 1 1 1 1 1 1 1 1 1 1 1 1 1 1 1 1 1 1 1 1 1 1 1 1 1 1 1 1 1 1 1 1 1 1 1 1 1 1 1 1 1 1 1 1 1 1 1 1 1 1 1 1 1 1 1 1 1 1 1 1 1 1 1 1 1 1 1 1 1 1 1 1 1 1 1 1 1 1 1 1 3 1 1 1 1 1 1 1 1 1 1 1 1 1 1 1 1 1 1 1 1 1
staticfield jdk/internal/misc/Unsafe theUnsafe Ljdk/internal/misc/Unsafe; jdk/internal/misc/Unsafe
staticfield jdk/internal/misc/Unsafe ARRAY_BOOLEAN_BASE_OFFSET I 16
staticfield jdk/internal/misc/Unsafe ARRAY_BYTE_BASE_OFFSET I 16
staticfield jdk/internal/misc/Unsafe ARRAY_SHORT_BASE_OFFSET I 16
staticfield jdk/internal/misc/Unsafe ARRAY_CHAR_BASE_OFFSET I 16
staticfield jdk/internal/misc/Unsafe ARRAY_INT_BASE_OFFSET I 16
staticfield jdk/internal/misc/Unsafe ARRAY_LONG_BASE_OFFSET I 16
staticfield jdk/internal/misc/Unsafe ARRAY_FLOAT_BASE_OFFSET I 16
staticfield jdk/internal/misc/Unsafe ARRAY_DOUBLE_BASE_OFFSET I 16
staticfield jdk/internal/misc/Unsafe ARRAY_OBJECT_BASE_OFFSET I 16
staticfield jdk/internal/misc/Unsafe ARRAY_BOOLEAN_INDEX_SCALE I 1
staticfield jdk/internal/misc/Unsafe ARRAY_BYTE_INDEX_SCALE I 1
staticfield jdk/internal/misc/Unsafe ARRAY_SHORT_INDEX_SCALE I 2
staticfield jdk/internal/misc/Unsafe ARRAY_CHAR_INDEX_SCALE I 2
staticfield jdk/internal/misc/Unsafe ARRAY_INT_INDEX_SCALE I 4
staticfield jdk/internal/misc/Unsafe ARRAY_LONG_INDEX_SCALE I 8
staticfield jdk/internal/misc/Unsafe ARRAY_FLOAT_INDEX_SCALE I 4
staticfield jdk/internal/misc/Unsafe ARRAY_DOUBLE_INDEX_SCALE I 8
staticfield jdk/internal/misc/Unsafe ARRAY_OBJECT_INDEX_SCALE I 4
staticfield jdk/internal/misc/Unsafe ADDRESS_SIZE I 8
instanceKlass jdk/internal/reflect/DelegatingClassLoader
instanceKlass java/security/SecureClassLoader
ciInstanceKlass java/lang/ClassLoader 1 1 1108 9 7 12 1 1 1 10 7 12 1 1 1 9 12 1 1 10 7 12 1 1 1 7 1 10 12 1 1 10 12 1 1 9 12 1 1 10 12 1 1 100 1 10 12 1 10 12 1 1 10 7 12 1 1 1 100 1 8 1 10 12 1 10 7 12 1 1 1 10 7 12 1 10 7 1 10 7 1 7 1 7 1 10 12 1 10 12 1 9 12 1 1 10 10 7 12 1 1 1 9 12 1 1 9 12 1 9 12 1 1 9 12 1 9 12 1 1 9 12 1 1 7 1 10 12 1 9 12 1 1 10 12 1 1 10 7 12 1 1 1 9 12 1 9 12 1 1 9 12 1 10 12 1 1 9 12 10 12 1 1 7 1 10 8 1 10 12 1 1 10 12 1 10 7 1 7 1 10 12 1 1 10 7 12 1 1 1 8 1 10 12 1 10 12 1 10 12 1 1 10 12 1 1 10 12 1 1 10 12 1 1 10 12 1 1 10 12 1 7 1 10 12 1 10 100 12 1 1 1 10 12 1 1 10 12 1 10 12 1 10 12 1 10 12 1 10 12 1 1 10 10 12 1 10 12 1 10 100 12 1 1 10 12 1 1 10 12 1 1 10 12 1 100 1 10 12 1 7 1 10 12 1 10 7 12 1 1 1 10 10 12 1 1 10 12 1 1 7 1 8 1 10 8 1 10 12 1 10 12 1 100 1 8 1 10 12 1 1 10 12 1 1 10 10 12 1 1 10 12 1 1 10 12 1 1 10 7 1 10 12 1 1 10 12 1 1 10 12 1 1 10 12 1 1 10 12 1 1 10 12 1 1 10 12 1 10 7 12 1 1 1 10 12 1 10 12 1 10 12 1 1 10 12 1 10 12 1 10 12 1 10 12 1 1 10 12 1 10 12 1 1 8 1 9 12 1 10 12 1 1 8 1 8 1 10 7 12 1 1 100 1 10 10 12 10 12 1 10 12 1 10 12 1 10 12 1 1 10 7 12 1 1 10 12 1 10 7 1 7 1 10 12 1 1 10 12 1 10 7 1 10 12 1 100 1 18 12 1 10 100 12 1 1 1 10 100 12 1 1 1 10 7 12 1 1 10 12 1 10 12 1 100 1 10 12 1 8 1 10 10 12 1 1 10 12 1 10 12 1 1 100 1 10 12 1 10 12 1 1 10 7 12 1 1 10 12 1 8 1 100 1 10 10 12 1 9 12 1 10 7 12 1 1 10 12 1 7 1 8 1 10 12 1 10 8 1 8 1 10 12 1 1 10 12 1 1 10 12 1 1 10 7 12 1 1 7 1 100 1 10 12 1 1 7 1 7 1 10 7 12 1 1 10 12 1 10 12 1 1 10 12 1 10 12 1 1 10 12 1 1 9 100 12 1 1 1 10 12 1 1 10 12 1 10 12 1 10 12 1 1 10 12 1 8 1 7 1 18 12 1 1 10 12 1 1 10 12 1 10 12 1 10 12 1 8 1 10 12 1 10 12 1 18 12 1 11 100 12 1 1 1 100 1 10 12 1 1 10 12 1 10 11 12 1 1 10 18 10 12 1 1 11 7 12 1 18 12 1 11 12 1 1 10 12 10 12 1 1 10 12 1 1 100 1 8 1 10 10 12 1 8 1 8 1 10 100 12 1 1 10 12 1 100 1 10 10 12 1 8 1 8 1 8 1 10 12 1 10 12 1 1 10 12 1 10 7 12 1 1 1 11 7 12 1 1 100 1 10 11 10 12 1 10 12 1 10 12 1 1 9 7 12 1 1 9 12 1 1 9 12 9 12 1 9 12 1 9 12 1 8 10 12 1 1 10 7 12 1 1 1 10 12 1 1 10 12 1 1 10 12 1 10 10 12 1 11 12 1 1 10 100 12 1 1 1 100 1 10 12 1 10 12 1 10 12 1 1 1 1 1 1 1 1 1 1 1 1 1 1 1 1 1 1 1 1 1 1 1 1 1 1 1 1 100 1 1 1 1 1 1 1 1 1 1 1 1 1 1 1 1 1 1 1 1 1 100 1 1 1 1 1 1 1 1 1 1 100 1 1 1 1 1 1 1 1 1 1 1 1 1 1 1 1 1 1 1 1 1 1 1 1 1 1 1 1 1 1 1 1 1 1 1 1 1 1 1 1 1 100 1 1 1 1 1 1 1 1 1 1 1 1 1 1 1 1 1 1 1 7 1 1 1 1 1 1 1 1 1 1 1 1 1 1 1 1 1 1 1 1 1 1 1 1 1 1 1 1 1 1 1 1 1 1 1 1 1 1 1 1 1 1 1 1 1 1 1 1 1 1 100 1 1 1 1 1 1 1 1 1 1 1 1 1 1 1 1 1 1 1 1 1 1 1 1 1 1 1 1 1 1 1 1 1 1 1 1 1 1 1 1 1 1 1 1 1 1 16 1 15 10 12 16 1 16 15 10 12 16 1 16 1 15 10 12 16 15 10 12 16 15 10 12 16 15 10 7 12 1 1 1 1 1 100 1 100 1 1
staticfield java/lang/ClassLoader nocerts [Ljava/security/cert/Certificate; 0 [Ljava/security/cert/Certificate;
staticfield java/lang/ClassLoader $assertionsDisabled Z 1
ciInstanceKlass java/lang/reflect/Constructor 1 1 439 10 100 12 1 1 1 10 100 12 1 1 9 7 12 1 1 1 10 12 1 1 10 12 1 1 10 100 12 1 1 9 12 1 1 10 7 12 1 1 1 9 12 1 1 9 12 1 1 9 12 1 9 12 1 1 9 12 1 9 12 1 1 9 12 1 1 9 12 1 100 1 8 1 10 12 1 10 12 1 9 12 1 1 10 7 12 1 1 10 7 12 1 1 1 10 12 1 1 10 12 1 1 10 12 1 7 1 100 1 8 1 10 10 12 1 10 12 1 10 12 1 1 10 12 1 1 9 100 12 1 1 1 10 7 12 1 1 10 12 1 1 10 12 1 10 12 1 1 10 7 12 1 1 1 10 100 12 1 1 10 12 1 1 10 12 1 10 7 12 1 1 1 8 1 10 10 12 1 100 1 8 1 10 12 1 10 12 1 1 10 12 1 1 10 12 1 10 12 1 10 12 1 1 10 12 1 1 9 12 1 1 10 12 1 1 10 12 1 1 10 12 1 1 11 7 12 1 1 1 10 12 1 1 10 12 1 10 12 1 10 12 1 8 1 9 12 1 1 10 7 12 1 1 1 10 7 12 1 1 10 12 1 1 10 12 1 1 10 12 1 1 10 12 1 1 10 12 1 9 7 12 1 1 10 12 1 10 12 1 10 12 1 100 1 8 1 10 10 12 1 1 10 12 1 10 10 12 1 1 10 12 1 1 10 100 12 1 1 1 11 100 12 1 1 1 10 12 1 1 9 100 12 1 1 1 10 100 12 1 1 1 10 12 1 1 1 1 1 1 1 1 1 1 1 1 1 1 1 1 1 1 1 1 1 1 1 1 1 1 1 1 1 1 1 1 1 1 1 1 1 1 1 1 1 1 1 1 1 1 1 1 1 1 1 1 100 1 100 1 100 1 100 1 1 1 1 1 1 1 1 1 1 1 1 1 1 1 1 1 1 1 1 1 1 1 1 1 1 1 1 1 1 1 1 1 100 1 1
instanceKlass java/lang/reflect/Executable
instanceKlass java/lang/reflect/Field
ciInstanceKlass java/lang/reflect/AccessibleObject 1 1 402 10 7 12 1 1 1 9 100 12 1 1 1 10 7 12 1 1 1 10 7 12 1 1 10 7 12 1 1 1 10 100 12 1 1 1 10 12 1 1 10 12 1 1 9 12 1 1 7 1 10 7 12 1 1 1 11 12 1 7 1 10 12 1 7 1 100 1 10 12 1 10 12 1 1 10 12 1 1 10 12 1 1 10 12 1 1 7 1 10 7 12 1 1 1 10 12 1 1 11 10 7 12 1 1 1 10 12 1 1 10 12 1 10 12 1 10 12 1 1 10 12 1 8 1 7 1 7 1 10 10 12 1 1 8 1 10 12 1 10 12 1 8 1 8 1 8 1 8 1 8 1 8 1 8 1 8 1 8 1 100 1 10 12 1 10 12 1 9 12 1 1 10 12 1 1 10 12 1 10 7 1 100 1 8 1 10 8 1 10 12 1 8 1 10 12 1 10 12 1 1 10 100 1 8 1 10 11 7 12 1 1 1 10 12 1 1 10 12 1 1 10 12 1 1 9 12 1 1 100 1 10 12 1 7 1 10 12 1 10 12 1 1 10 100 1 10 12 1 10 12 10 12 1 10 12 1 10 12 1 1 10 12 1 9 12 1 10 100 12 1 1 8 1 10 100 12 1 1 1 8 1 10 7 12 1 1 1 9 12 1 7 1 10 7 1 10 10 7 12 1 1 1 7 1 10 10 7 12 1 1 1 7 1 9 12 1 1 1 1 1 1 1 1 1 1 1 1 1 1 1 1 1 1 1 1 1 1 1 1 1 1 1 1 1 1 1 1 1 1 1 1 1 1 1 1 1 1 1 1 1 1 1 1 1 1 1 1 1 1 1 1 1 1 1 1 1 1 1 1 1 1 1 1 1 1 1 1 1 1 1 1 1 1 1 1 1 1 1 1 1 1
staticfield java/lang/reflect/AccessibleObject reflectionFactory Ljdk/internal/reflect/ReflectionFactory; jdk/internal/reflect/ReflectionFactory
instanceKlass java/lang/reflect/Constructor
instanceKlass java/lang/reflect/Method
ciInstanceKlass java/lang/reflect/Executable 1 1 577 10 7 12 1 1 1 10 7 12 1 1 1 10 7 12 1 1 1 11 7 12 1 1 1 10 7 12 1 1 1 10 12 1 1 10 7 12 1 1 1 10 7 12 1 1 1 10 12 1 8 1 10 10 12 1 1 10 12 1 1 10 100 12 1 1 1 18 12 1 1 11 100 12 1 1 1 8 1 8 1 8 1 10 100 12 1 1 1 11 12 1 1 7 1 8 1 8 1 10 12 1 7 1 8 1 10 12 1 8 1 11 100 12 1 1 1 7 1 11 7 12 1 1 1 11 12 1 8 1 18 8 1 10 12 1 10 12 1 1 18 8 1 10 12 1 100 1 10 12 1 10 12 1 11 12 1 10 12 1 1 8 1 8 1 10 12 1 1 10 12 1 1 10 10 12 1 9 100 12 1 1 1 10 100 12 1 1 1 10 12 1 10 12 1 1 10 100 12 1 1 10 12 1 10 12 1 10 12 1 10 12 1 1 10 7 12 1 1 10 12 1 10 12 1 1 9 100 12 1 1 1 10 100 12 1 1 10 12 1 8 1 10 12 1 10 12 1 3 100 1 8 1 10 12 1 10 12 1 10 10 12 1 10 12 1 1 8 1 8 1 8 1 9 12 1 1 9 12 1 10 12 1 100 1 8 1 10 12 1 10 12 1 10 12 1 1 10 12 1 1 10 12 1 10 12 10 12 1 100 1 10 12 1 10 12 1 1 100 1 10 7 12 1 1 1 7 1 10 7 12 1 1 1 10 12 1 1 11 7 12 1 1 10 7 12 1 1 10 100 12 1 1 1 10 12 1 1 9 12 1 10 12 1 1 10 12 1 10 12 1 1 9 100 12 1 1 1 10 100 12 1 1 1 10 12 1 10 12 1 1 9 12 1 10 10 10 10 100 12 1 1 1 10 12 1 9 12 1 10 12 1 1 9 12 1 7 1 7 1 1 1 1 1 1 1 1 1 1 1 1 1 1 1 1 1 1 1 1 1 1 1 1 1 1 1 1 1 1 1 1 1 1 1 1 100 1 1 1 1 1 1 1 1 100 1 1 1 1 1 1 1 1 1 1 1 1 100 1 1 1 1 1 1 1 1 1 1 1 1 1 1 1 1 1 1 1 1 1 1 1 1 1 1 1 1 1 1 1 1 1 1 1 1 1 1 1 1 1 1 1 7 1 1 1 1 1 1 1 1 1 1 1 1 1 1 1 1 1 1 1 1 1 1 7 1 7 1 1 16 15 16 1 16 1 15 10 12 16 15 10 100 12 1 1 1 1 1 1 100 1 1 100 1 100 1 1
ciInstanceKlass java/lang/reflect/Member 1 1 37 100 1 10 12 1 1 100 1 100 1 1 1 1 3 1 3 1 1 1 1 1 1 1 1 1 1 1 1 1 1 1 1 1 1 1 1
instanceKlass com/sun/prism/impl/PrismTrace$1
instanceKlass java/util/logging/LogManager$Cleaner
instanceKlass com/sun/glass/ui/InvokeLaterDispatcher
instanceKlass com/sun/javafx/tk/quantum/PerformanceTrackerHelper$1$1
instanceKlass com/sun/javafx/tk/quantum/QuantumToolkit$1
instanceKlass java/util/concurrent/ForkJoinWorkerThread
instanceKlass jdk/internal/misc/InnocuousThread
instanceKlass java/lang/ref/Finalizer$FinalizerThread
instanceKlass java/lang/ref/Reference$ReferenceHandler
instanceKlass java/lang/BaseVirtualThread
ciInstanceKlass java/lang/Thread 1 1 870 10 7 12 1 1 1 9 12 1 1 10 7 12 1 1 10 12 1 10 100 12 1 1 100 1 8 1 10 12 1 1 9 12 1 9 12 1 1 9 12 1 1 7 1 10 12 1 1 10 12 1 10 100 12 1 1 1 10 12 9 12 1 1 10 12 1 7 1 10 12 1 10 12 1 1 10 12 1 1 10 12 1 10 12 1 1 100 1 8 1 10 9 100 12 1 1 1 10 12 1 1 10 3 8 1 7 1 5 0 10 7 12 1 1 1 9 12 1 10 12 1 1 10 7 12 1 1 1 10 7 12 1 1 1 10 12 1 1 10 12 1 1 9 12 1 1 10 7 1 8 1 10 7 1 10 12 1 9 12 1 1 10 7 12 1 1 1 10 10 12 1 1 9 100 12 1 1 1 10 12 1 1 10 12 1 1 10 7 12 1 1 10 12 1 10 12 1 10 7 12 1 1 9 12 1 10 7 12 1 1 1 10 12 1 1 9 12 1 1 9 12 1 1 10 7 12 1 1 1 9 12 1 1 10 100 12 1 1 10 100 12 1 1 1 10 12 1 10 12 1 10 7 12 1 1 9 12 1 8 1 9 7 12 1 1 9 12 1 1 5 0 100 1 10 100 1 10 100 1 10 7 1 10 8 1 10 12 1 1 10 7 12 1 10 12 1 10 12 1 100 1 8 1 10 10 12 1 10 12 1 1 10 100 12 1 1 1 10 100 12 1 1 1 10 12 1 7 1 9 12 1 1 100 1 10 10 12 1 9 12 1 1 10 12 1 1 10 12 1 1 10 12 1 10 12 1 9 12 1 1 10 10 12 1 1 10 12 1 1 11 7 12 1 1 10 7 12 1 1 9 12 1 9 12 1 1 9 12 1 1 10 100 12 1 1 10 12 1 1 9 100 12 1 1 1 10 100 12 1 1 10 12 1 10 12 1 100 1 10 10 12 9 12 1 1 10 12 1 11 100 12 1 1 10 12 1 10 12 1 10 12 1 9 12 1 10 10 12 1 10 12 1 1 9 12 1 9 12 10 12 1 8 1 10 12 1 10 12 1 10 12 1 10 12 1 10 12 1 1 10 12 1 10 12 1 1 10 12 1 10 12 1 10 12 1 10 12 1 10 12 1 1 9 7 12 1 1 1 8 1 10 9 12 1 10 12 1 7 1 8 1 10 10 12 1 8 1 10 12 1 1 9 12 10 12 8 1 10 10 12 1 10 12 1 8 1 10 12 1 10 8 1 10 100 12 1 1 10 12 1 1 100 1 8 1 10 9 12 1 9 12 1 1 10 12 1 1 10 10 12 1 10 12 1 100 10 7 12 1 1 1 9 12 1 10 12 1 1 10 12 1 1 10 100 12 1 1 1 11 7 12 1 1 1 9 100 12 1 1 1 10 100 12 1 1 1 7 1 10 12 1 100 1 10 12 1 10 12 1 1 10 12 1 1 8 1 9 12 1 10 12 1 10 12 1 1 11 7 12 1 1 1 10 12 1 1 1 1 3 1 3 1 3 1 3 1 1 1 1 1 1 1 1 1 1 1 1 1 1 1 1 1 1 1 1 1 7 1 1 1 1 1 1 1 1 1 1 1 1 1 1 1 1 1 1 1 1 100 1 1 1 1 1 1 1 1 1 1 1 1 1 1 1 1 1 1 7 1 7 1 1 1 1 1 1 1 1 1 1 1 1 1 1 1 1 1 1 1 1 1 1 1 1 1 1 1 1 1 1 1 1 1 1 1 1 1 1 1 1 1 1 1 1 1 1 1 1 1 1 1 1 1 1 1 1 1 1 1 1 1 1 1 1 1 1 1 1 1 1 1 1 1 1 1 100 100 1 1 1 1 1 1 1 1 1 1 1 1 1 1 1 1 1 1 1 1 1 1 1 1 1 1 100 1 100 1 100 1 100 1 100 1 1 100 1 1 1 1 1 1 1 1 1 1 1 1 1 1 1
staticfield java/lang/Thread NEW_THREAD_BINDINGS Ljava/lang/Object; java/lang/Class
staticfield java/lang/Thread EMPTY_STACK_TRACE [Ljava/lang/StackTraceElement; 0 [Ljava/lang/StackTraceElement;
ciInstanceKlass java/lang/Runnable 1 1 11 100 1 100 1 1 1 1 1 1 1
ciInstanceKlass java/lang/System$2 1 1 657 10 7 12 1 1 1 10 7 12 1 1 1 10 12 1 1 10 12 1 1 10 12 1 1 10 12 1 1 10 12 1 1 10 12 1 1 10 12 1 10 12 1 1 10 12 1 1 7 1 10 7 12 1 1 1 10 100 12 1 1 1 10 12 1 10 12 1 10 7 12 1 1 1 10 12 1 1 10 12 1 1 10 12 1 1 10 12 1 1 10 7 12 1 1 1 10 12 1 7 1 10 12 1 10 12 1 10 12 1 1 10 12 1 10 12 1 1 10 12 1 10 12 1 10 12 1 10 12 1 10 12 1 10 12 1 1 10 12 1 1 10 12 1 10 12 1 1 10 12 1 10 12 1 1 10 7 12 1 1 1 10 12 1 10 12 1 1 10 12 1 10 7 12 1 1 1 10 7 12 1 1 1 10 7 12 1 1 1 10 12 1 1 10 12 1 1 10 12 1 1 10 100 12 1 1 1 10 12 1 1 10 12 1 1 9 7 12 1 1 1 10 7 12 1 1 1 10 12 1 1 10 7 12 1 1 1 10 12 1 1 10 12 1 1 10 12 1 1 10 7 12 1 1 10 12 1 1 10 12 1 1 10 12 1 1 10 12 1 1 10 12 1 1 10 12 1 1 10 12 1 1 10 12 1 1 10 12 1 1 10 12 1 1 10 12 1 1 10 12 1 7 1 10 12 1 1 11 100 12 1 1 10 7 12 1 1 10 12 1 1 10 12 1 10 12 1 1 10 12 1 10 12 1 1 10 12 1 10 12 1 1 10 12 1 1 10 12 1 1 7 1 10 12 1 100 1 10 10 12 1 1 10 12 1 10 7 12 1 1 1 10 12 1 1 8 1 10 12 1 1 10 12 1 1 7 1 7 1 1 1 1 1 1 1 1 1 1 1 1 1 1 1 1 1 1 1 1 1 1 1 1 1 1 1 1 1 1 1 1 1 1 1 1 1 1 1 1 1 1 1 1 1 1 1 1 1 1 1 1 1 1 1 1 1 1 1 1 1 1 1 1 1 1 1 1 1 1 1 1 1 1 1 1 1 1 1 1 1 1 1 1 1 1 1 1 1 1 1 1 1 1 1 1 1 1 1 1 1 1 1 1 1 1 1 1 1 1 1 1 1 1 1 1 1 1 1 1 1 1 1 1 1 1 1 1 1 1 1 1 1 1 1 100 1 1 1 1 1 1 1 1 1 1 1 1 1 1 1 1 1 1 1 1 1 1 1 1 1 1 1 1 1 1 1 1 1 1 1 1 1 1 1 1 1 1 1 1 1 1 1 1 1 1 1 1 1 1 1 1 1 1 1 1 1 1 1 1 1 1 1 1 1 1 1 1 7 1 1 1 1 1 1 1 1 1 1 1 1 1 1 1 1 1 1 1 1 1 1 1 1 1 1 1 1 1 1 1 1 1 1 1 1 1 1 1 1 1 1 1 1 1 12 1 1 1 100 1 1 100 1 100 1 1 100 1 1
ciInstanceKlass jdk/internal/access/JavaLangAccess 1 0 208 100 1 100 1 1 1 1 1 1 1 1 1 1 1 1 1 1 1 1 1 1 1 1 1 1 1 1 1 1 1 1 1 1 1 1 1 1 1 1 1 1 100 1 1 1 1 1 1 1 1 1 1 1 1 1 1 1 1 1 1 1 1 1 1 1 1 1 1 1 1 1 1 1 1 1 1 1 1 1 1 1 1 1 1 1 1 1 1 1 1 1 1 1 1 1 1 1 1 1 1 1 100 1 1 1 1 1 1 1 1 1 1 1 1 1 1 1 1 1 1 1 1 1 1 1 1 1 1 1 1 1 1 1 1 1 1 1 1 1 1 1 1 1 1 1 1 1 1 1 1 1 1 1 1 1 1 1 1 1 100 1 1 1 1 1 1 1 1 1 1 1 1 1 1 1 1 1 1 1 1 1 1 1 1 1 1 1 1 1 1 1 1 1 1 1 1 1 1 1 1 1 1 100 1 100 1 1
ciMethod java/lang/System$2 encodeASCII ([CI[BII)I 1024 0 4841 0 0
ciInstanceKlass java/net/URL 1 1 771 10 7 12 1 1 1 10 12 1 10 7 12 1 1 9 12 1 1 9 12 1 10 7 12 1 1 1 10 12 1 1 10 12 1 1 9 12 1 1 10 7 12 1 1 1 8 1 10 12 1 1 7 1 10 10 12 1 1 8 1 10 12 1 1 9 12 1 100 1 8 1 10 12 1 10 12 1 8 1 9 12 1 10 12 1 1 9 12 1 10 12 1 10 12 1 9 12 1 9 12 1 8 1 9 12 1 10 12 1 1 8 1 9 12 1 1 10 12 1 1 10 7 12 1 1 1 8 1 10 12 1 100 1 10 12 1 10 12 1 10 12 1 10 12 1 1 10 12 1 1 8 1 10 12 1 1 10 12 1 8 1 9 12 1 8 1 10 12 1 10 7 12 1 1 1 7 1 10 12 1 10 12 1 1 10 7 12 1 1 1 100 1 8 1 10 10 12 1 8 1 10 12 1 1 10 12 1 10 12 1 10 12 1 10 12 1 10 12 1 10 12 1 8 1 10 12 1 8 1 10 10 100 1 10 10 12 1 8 1 10 7 12 1 1 1 10 12 1 9 100 12 1 1 1 10 7 12 1 1 1 9 12 1 1 10 12 1 10 100 12 1 1 1 100 1 100 1 10 12 1 10 12 1 10 12 1 10 12 1 10 12 1 10 12 10 10 12 1 10 12 1 10 12 1 1 8 1 9 100 12 1 1 1 10 100 12 1 1 1 10 12 1 1 9 100 12 1 1 1 10 12 1 1 100 1 10 12 1 10 12 1 10 10 12 1 1 10 12 1 1 10 12 1 10 12 1 10 12 1 10 7 12 1 1 1 10 12 1 1 10 12 1 9 12 1 1 9 12 1 1 7 1 8 1 10 10 12 1 9 12 1 1 10 7 12 1 1 8 1 10 7 12 1 1 8 1 10 12 1 1 10 12 1 8 1 8 1 10 7 12 1 1 1 7 1 10 7 12 1 1 1 10 12 1 10 12 1 100 1 10 9 100 12 1 1 1 10 100 12 1 1 10 12 1 1 10 12 1 8 1 100 1 10 10 7 12 1 1 1 10 12 1 8 9 100 12 1 1 1 10 12 1 1 10 12 1 10 12 1 1 10 7 12 1 1 11 7 12 1 1 10 12 1 10 12 1 9 12 1 10 12 1 1 10 100 12 1 1 10 100 12 1 1 1 8 10 100 12 1 1 100 1 10 8 8 10 12 1 8 8 8 100 1 10 12 1 9 12 1 1 10 12 1 10 12 1 1 10 12 1 10 12 10 12 1 1 10 12 1 1 10 10 10 12 1 10 12 1 10 12 1 10 12 1 10 12 1 10 10 12 1 100 1 8 1 10 10 10 12 1 1 10 12 1 10 12 1 1 8 1 7 1 10 10 7 1 10 12 1 9 7 12 1 1 1 9 12 1 1 7 1 10 10 7 12 1 1 1 7 1 1 1 1 1 5 0 1 1 1 1 1 1 1 1 1 1 1 1 1 1 1 1 1 1 1 1 1 1 1 1 1 1 1 1 1 1 1 1 1 1 1 1 1 1 1 1 1 1 1 1 1 1 1 1 7 1 1 1 1 1 1 1 1 1 1 1 1 1 1 1 1 1 1 1 1 1 1 1 1 1 1 1 1 1 1 1 1 1 1 1 1 1 100 1 1 1 1 1 1 1 1 1 1 1 1 1 1 1 1 1 100 1 1 1 1 1 1 1 1 1 1 1 1 1 1 1 1 1 1 1
staticfield java/net/URL defaultFactory Ljava/net/URLStreamHandlerFactory; java/net/URL$DefaultFactory
staticfield java/net/URL handlers Ljava/util/Hashtable; java/util/Hashtable
staticfield java/net/URL streamHandlerLock Ljava/lang/Object; java/lang/Object
staticfield java/net/URL serialPersistentFields [Ljava/io/ObjectStreamField; 7 [Ljava/io/ObjectStreamField;
ciMethod java/lang/System arraycopy (Ljava/lang/Object;ILjava/lang/Object;II)V 512 0 256 0 -1
ciInstanceKlass java/lang/Module 1 1 1069 10 7 12 1 1 1 9 7 12 1 1 1 10 7 12 1 1 1 9 12 1 9 12 1 1 9 12 1 1 10 12 1 1 10 12 1 10 12 1 1 10 7 12 1 1 1 7 1 10 7 12 1 1 1 10 12 1 1 11 7 12 1 1 1 10 12 1 1 10 7 12 1 1 1 10 12 1 1 10 7 12 1 1 1 9 100 12 1 1 1 10 7 12 1 1 1 10 12 1 8 1 10 7 12 1 1 1 10 7 12 1 1 1 10 7 12 1 1 1 10 12 1 10 12 1 9 12 1 1 10 100 12 1 1 100 1 7 1 10 8 1 10 12 1 1 10 12 1 10 12 10 12 1 10 7 12 1 1 8 1 8 1 10 8 1 8 1 8 1 9 12 1 1 8 1 10 100 12 1 1 1 10 12 1 9 12 1 1 11 12 1 9 7 12 1 1 10 7 12 1 1 1 10 7 12 1 1 1 10 12 1 1 8 1 10 12 1 1 10 12 1 10 12 1 1 9 7 12 1 1 1 10 12 1 1 10 12 1 1 9 12 1 10 12 1 10 12 1 9 12 1 1 11 7 12 1 1 10 12 1 1 9 12 1 9 12 1 10 12 1 10 12 1 100 1 8 1 10 10 12 1 1 10 12 1 8 1 10 12 1 1 8 1 8 1 10 12 1 1 10 12 1 10 12 1 1 18 12 1 1 10 12 1 1 11 12 1 9 12 1 11 12 10 100 12 1 1 100 1 8 1 10 11 12 1 1 10 7 12 1 1 1 10 12 1 10 12 1 1 11 12 1 1 11 7 12 1 1 11 12 1 1 9 12 1 11 12 1 10 12 1 1 10 12 1 1 9 12 1 10 12 10 7 12 1 1 10 7 1 18 12 1 1 11 100 12 1 1 1 18 12 1 11 12 1 1 10 100 12 1 1 1 11 12 1 1 10 7 12 1 1 7 1 11 12 1 7 1 7 1 10 12 1 10 7 12 1 1 1 10 11 7 12 1 8 1 10 10 12 1 1 10 7 12 1 1 10 12 1 10 12 1 7 1 10 12 1 10 11 12 1 1 10 12 10 12 1 1 9 12 1 1 100 1 10 10 12 1 1 11 7 1 10 12 1 1 11 12 1 10 10 12 1 11 10 12 1 1 10 12 1 1 10 12 1 1 10 7 12 1 1 10 12 1 10 12 1 1 10 10 12 1 1 10 12 1 18 12 1 11 12 1 18 12 1 10 12 1 10 12 1 10 12 7 1 10 12 1 10 12 1 10 12 1 9 12 1 7 1 10 10 10 10 12 1 10 12 1 10 12 1 10 12 1 1 10 12 1 1 10 12 1 9 12 1 18 12 1 1 10 7 12 1 1 1 100 1 8 1 10 12 1 1 10 12 1 1 10 7 12 1 1 7 1 10 12 1 1 7 1 8 1 100 1 9 100 12 1 1 1 11 100 12 1 1 10 12 1 1 11 12 1 1 18 12 1 1 11 12 1 1 100 1 10 12 1 10 12 1 1 7 1 7 1 10 12 8 1 10 12 1 1 10 12 1 1 10 7 12 1 1 10 12 1 1 10 12 1 10 12 10 12 1 1 7 1 10 10 12 1 1 10 7 12 1 1 1 100 1 10 12 1 1 10 7 12 1 1 8 1 18 12 1 1 100 1 100 1 9 12 1 1 9 12 1 9 12 1 11 100 12 1 1 1 100 1 11 12 1 1 100 1 10 12 1 8 1 10 12 1 10 12 10 12 1 8 1 10 10 100 12 1 1 7 1 10 10 12 1 10 7 12 1 1 9 12 1 9 12 1 9 12 1 9 12 1 10 12 11 12 1 10 12 1 7 1 1 1 1 1 1 1 1 1 1 1 1 1 1 1 1 1 1 1 100 1 1 1 1 1 1 1 1 1 1 1 1 1 1 1 1 1 1 1 1 1 1 1 1 1 1 1 1 1 1 1 1 1 1 1 1 1 1 1 1 1 1 1 1 1 1 1 1 1 1 1 1 1 1 1 1 1 1 1 1 1 1 1 1 1 1 1 1 1 1 1 1 1 1 1 1 1 1 1 1 1 1 1 1 1 1 1 1 1 1 1 100 100 1 1 1 1 1 1 1 1 1 1 1 1 1 1 1 1 1 1 1 1 1 1 1 1 1 1 1 1 1 100 1 7 1 1 1 1 1 1 1 1 1 1 1 1 1 1 1 1 1 1 1 1 100 1 1 1 1 1 1 1 1 1 1 1 1 1 1 1 1 1 1 1 1 1 1 1 16 15 10 12 16 16 15 10 12 16 16 15 10 16 1 15 10 12 16 1 15 10 12 16 1 16 15 10 12 16 16 1 15 10 12 16 15 10 7 12 1 1 1 15 10 100 12 1 1 1 1 1 1 1 1 1 1 1 1 100 1 100 1 1
staticfield java/lang/Module ALL_UNNAMED_MODULE Ljava/lang/Module; java/lang/Module
staticfield java/lang/Module ALL_UNNAMED_MODULE_SET Ljava/util/Set; java/util/ImmutableCollections$Set12
staticfield java/lang/Module EVERYONE_MODULE Ljava/lang/Module; java/lang/Module
staticfield java/lang/Module EVERYONE_SET Ljava/util/Set; java/util/ImmutableCollections$Set12
staticfield java/lang/Module $assertionsDisabled Z 1
ciInstanceKlass java/lang/StringLatin1 1 1 423 7 1 10 7 12 1 1 1 10 12 1 1 10 7 12 1 1 1 10 7 12 1 1 1 10 12 1 10 12 1 1 7 1 5 0 5 0 10 7 12 1 1 1 10 7 12 1 1 1 10 12 1 1 10 7 12 1 1 1 10 7 12 1 1 1 10 12 1 1 10 12 1 1 10 10 12 1 10 12 1 10 9 7 12 1 1 1 10 12 1 1 10 7 12 1 1 1 10 12 10 12 1 1 10 12 1 1 10 12 1 10 12 1 1 10 12 1 1 10 12 1 10 7 12 1 1 1 10 12 1 10 12 1 9 12 1 1 100 1 10 10 12 1 1 10 7 12 1 1 1 10 12 1 10 12 1 100 1 7 1 8 1 10 12 1 8 1 10 12 1 1 100 1 10 10 12 1 10 7 12 1 1 1 8 1 8 1 8 1 10 12 1 1 10 12 10 100 12 1 1 10 12 1 10 12 1 1 10 12 1 1 10 12 1 1 10 12 1 10 12 10 12 10 12 1 10 12 10 10 12 1 10 12 1 10 12 1 10 100 12 1 1 1 10 100 12 1 1 1 10 12 1 1 10 12 1 1 10 10 7 12 1 1 1 1 1 1 1 1 1 1 1 1 1 1 1 1 1 1 1 1 1 1 1 1 1 1 1 1 1 1 1 1 1 1 1 1 1 1 1 1 1 1 1 1 1 1 1 1 1 1 1 1 1 1 1 1 1 1 1 1 1 1 1 100 1 1 1 1 1 1 1 1 1 1 1 1 1 1 1 1 1 1 1 1 1 1 1 1 1 1 1 1 1 1 1 1 1 1 1 1 1 1 1 1 100 1 1 1 1 1 1 1 1 1 1 1 1 1 1 1 1 1 1 1 1 1 1 1 100 1 1 1 1 1 1 1 1 1 1 1 1 1 1 1 1 1 1 1 1 1 1 1 1 1 1 1 100 1 1 1 1
staticfield java/lang/StringLatin1 $assertionsDisabled Z 1
ciInstanceKlass java/lang/Integer 1 1 442 7 1 7 1 7 1 7 1 10 12 1 1 9 12 1 1 9 12 1 1 10 7 12 1 1 1 10 12 1 1 10 100 12 1 1 1 10 10 12 1 1 10 7 12 1 1 1 10 12 1 10 12 1 1 10 7 12 1 1 1 10 12 1 1 10 12 1 1 10 12 1 10 12 1 10 12 1 1 10 10 12 1 7 1 8 1 10 12 1 8 1 7 1 10 12 1 1 10 12 1 1 8 1 10 12 1 1 8 1 10 12 1 1 10 12 1 1 10 12 1 1 3 3 10 7 12 1 1 1 11 7 1 10 12 1 1 11 10 12 1 1 10 12 1 1 8 1 10 12 1 10 12 1 8 1 7 1 10 12 1 8 1 10 12 1 1 10 12 1 8 1 10 12 1 10 12 1 7 1 9 12 1 1 9 12 1 1 10 12 1 10 7 1 9 12 1 10 12 1 10 12 1 10 12 1 1 10 7 12 1 1 1 100 1 100 1 10 12 1 1 10 12 1 1 8 1 8 1 10 12 1 1 8 1 8 1 8 1 8 1 8 1 8 1 10 12 1 10 12 1 10 12 1 5 0 3 3 3 3 10 12 1 10 12 1 3 10 12 1 10 100 12 1 1 1 10 12 1 1 10 12 1 1 8 1 10 7 12 1 1 1 9 12 1 1 7 1 7 1 7 1 1 1 1 3 1 1 1 3 1 3 1 1 5 0 1 1 1 1 1 1 1 1 1 1 100 1 1 1 1 1 1 1 1 1 1 1 1 1 1 1 1 1 1 1 1 1 1 1 1 1 1 1 1 1 1 1 1 1 1 1 1 1 3 1 1 1 1 1 1 1 1 1 1 1 1 1 1 1 1 7 1 1 1 1 1 1 1 1 1 1 1 1 1 1 1 1 1 1 1 1 1 1 1 1 1 1 1 1 1 1 1 1 1 1 1 1 1 1 1 1 1 1 1 1 1 7 1 1 1 1 1 1 1 1 1 100 1 100 1 1
staticfield java/lang/Integer TYPE Ljava/lang/Class; java/lang/Class
staticfield java/lang/Integer digits [C 36
instanceKlass java/math/BigInteger
instanceKlass java/util/concurrent/atomic/AtomicLong
instanceKlass java/util/concurrent/atomic/AtomicInteger
instanceKlass java/lang/Long
instanceKlass java/lang/Integer
instanceKlass java/lang/Short
instanceKlass java/lang/Byte
instanceKlass java/lang/Double
instanceKlass java/lang/Float
ciInstanceKlass java/lang/Number 1 1 37 10 7 12 1 1 1 10 100 12 1 1 1 100 1 1 1 1 5 0 1 1 1 1 1 1 1 1 1 1 1 1 1 1 1 1 1
ciInstanceKlass java/lang/Math 1 1 458 7 1 10 7 12 1 1 1 10 7 12 1 1 1 10 12 1 10 12 1 10 12 1 10 12 1 10 12 1 6 0 6 0 10 12 1 10 12 1 10 12 1 10 12 1 10 12 1 10 12 1 1 10 12 1 10 12 1 10 12 1 10 12 1 10 12 1 10 7 12 1 1 1 100 1 3 3 3 10 7 12 1 1 1 100 1 5 0 5 0 5 0 5 0 5 0 9 100 12 1 1 1 10 100 12 1 1 1 100 1 8 1 10 12 1 8 1 10 12 1 1 10 12 1 1 7 1 5 0 5 0 7 1 3 5 0 3 5 0 10 12 1 10 12 1 10 12 1 10 12 1 10 12 1 8 1 10 12 1 8 1 10 12 1 1 10 12 1 1 9 12 1 1 9 12 1 100 1 7 1 10 10 12 1 1 8 1 10 12 1 10 12 1 1 10 10 12 1 10 12 1 10 12 1 10 12 1 1 8 1 8 1 10 12 1 1 10 12 1 10 12 10 12 10 12 1 10 12 1 10 12 1 10 12 1 10 12 6 0 10 12 1 9 12 1 1 100 1 10 10 12 1 100 1 10 12 1 10 12 1 1 10 12 1 10 12 1 10 12 10 12 1 1 10 12 1 1 10 12 1 1 10 12 6 0 10 12 1 1 10 12 10 12 1 4 10 12 1 10 12 1 10 12 10 12 1 10 12 1 10 12 1 10 12 1 10 12 1 10 12 1 5 0 6 0 4 6 0 4 6 0 4 10 12 1 6 0 10 12 6 0 10 7 12 1 1 1 4 6 0 1 1 1 6 0 1 6 0 1 6 0 1 1 1 1 1 1 1 1 1 1 1 1 1 1 1 1 1 1 1 1 1 1 1 1 1 1 1 1 1 1 1 1 1 1 1 1 1 1 1 1 1 1 1 1 1 1 1 1 1 1 1 1 1 1 1 1 1 1 1 1 1 1 1 1 1 1 1 1 1 1 1 1 1 1 1 1 1 1 1 1 1 1 1 1 1 1 1 1 1 1 1 1 1 1 1 1
staticfield java/lang/Math negativeZeroFloatBits J -2147483648
staticfield java/lang/Math negativeZeroDoubleBits J -9223372036854775808
staticfield java/lang/Math $assertionsDisabled Z 1
ciInstanceKlass java/lang/Character 1 1 604 7 1 7 1 100 1 9 12 1 1 8 1 9 12 1 1 7 1 9 12 1 1 10 7 12 1 1 1 10 100 12 1 1 1 10 100 12 1 1 1 10 7 12 1 1 1 9 7 12 1 1 1 10 12 1 10 12 1 1 10 12 1 1 10 7 12 1 1 10 12 1 1 3 3 3 3 3 10 12 1 1 10 12 1 3 11 7 12 1 1 1 11 12 1 1 10 12 1 1 10 12 1 1 100 1 10 10 12 1 3 10 12 1 1 10 12 1 10 12 1 1 100 1 8 1 10 12 1 1 10 12 1 10 12 1 10 12 1 10 100 12 1 1 1 10 12 1 10 12 1 10 12 1 1 10 12 1 10 7 12 1 1 10 10 12 1 10 10 12 1 10 12 1 1 10 12 1 10 10 12 1 10 12 1 10 12 1 10 12 1 10 12 1 10 12 1 10 12 1 10 12 10 10 12 10 10 12 1 10 10 12 1 10 10 12 1 10 10 12 1 10 12 1 10 12 1 10 12 1 10 12 1 10 12 1 10 12 1 10 10 12 1 10 10 12 1 10 10 12 1 1 10 10 12 1 10 5 0 10 12 1 10 12 1 10 10 12 1 10 10 12 1 1 10 10 12 1 10 10 12 1 9 12 1 1 100 1 10 10 12 1 10 12 1 1 3 10 100 12 1 1 1 10 12 1 10 100 12 1 1 7 1 10 10 12 1 1 10 12 1 1 10 12 1 1 8 1 10 12 1 9 100 12 1 1 1 10 12 1 10 10 12 1 10 12 1 1 10 12 1 10 10 12 1 1 10 10 12 1 1 7 1 8 1 10 12 1 1 10 7 12 1 1 1 8 1 10 12 1 1 9 12 1 1 7 1 7 1 7 1 1 1 1 3 1 3 1 3 1 3 1 1 1 1 1 3 1 1 3 1 3 1 3 1 3 1 3 1 3 1 3 1 3 1 3 1 3 1 3 1 3 1 3 1 3 1 3 1 3 1 3 1 3 1 3 1 3 1 3 1 3 1 3 1 3 1 3 1 3 1 3 1 3 1 1 1 1 1 1 1 1 1 1 1 1 1 1 1 1 1 1 1 3 1 1 1 1 1 1 1 3 1 1 3 1 1 1 1 1 3 1 1 5 0 1 1 1 1 1 1 1 1 1 1 1 1 1 1 1 1 1 1 1 1 1 1 1 1 1 1 1 1 1 1 1 1 1 1 1 1 1 1 1 1 1 1 1 1 1 1 1 1 1 1 1 1 1 1 1 1 1 1 1 1 1 1 1 1 1 1 1 1 1 1 1 1 1 1 1 1 1 1 1 1 1 1 1 1 1 1 1 1 1 1 100 1 100 1 1 1 1 1 1
staticfield java/lang/Character TYPE Ljava/lang/Class; java/lang/Class
staticfield java/lang/Character $assertionsDisabled Z 1
ciInstanceKlass java/lang/StringConcatHelper 1 1 313 7 1 10 7 12 1 1 1 10 7 12 1 1 1 7 1 5 0 7 1 8 1 10 12 1 10 12 1 1 10 12 1 1 10 7 12 1 1 1 10 7 12 1 1 10 12 1 1 10 12 1 11 100 12 1 1 10 100 12 1 1 1 10 12 1 1 10 12 1 10 12 1 10 12 1 1 10 10 12 1 10 12 1 10 10 12 1 10 12 1 1 11 12 1 7 1 7 1 100 1 8 1 10 12 1 10 12 1 10 12 1 7 1 7 1 10 8 1 10 12 1 1 10 12 1 8 1 10 12 1 1 10 10 12 1 1 10 12 1 1 10 10 12 1 1 10 12 1 10 12 1 1 10 12 1 1 10 8 1 9 12 1 1 9 7 12 1 1 1 10 7 12 1 1 1 7 1 9 12 1 1 10 12 1 1 9 100 12 1 1 1 9 12 1 9 12 1 9 12 1 10 7 12 1 1 1 10 7 12 1 1 1 100 1 100 1 10 12 1 10 12 1 1 1 1 1 5 0 1 1 1 1 1 1 1 1 1 1 1 1 1 1 1 1 1 1 1 1 1 1 1 1 1 1 1 1 1 1 1 1 1 1 1 1 1 1 1 1 1 1 1 1 1 1 1 1 1 1 1 1 1 1 1 1 1 1 1 1 7 1 1 1 1 1 1 1 1 1 7 1 1 1 1 1 1 1 1 100 1 100 1 1
staticfield java/lang/StringConcatHelper UNSAFE Ljdk/internal/misc/Unsafe; jdk/internal/misc/Unsafe
ciInstanceKlass java/util/Arrays 1 1 1012 10 7 12 1 1 1 10 100 12 1 1 1 10 7 12 1 1 1 10 12 1 10 12 1 10 12 1 10 12 1 10 12 1 10 12 1 10 100 12 1 1 1 100 1 7 1 10 8 1 10 12 1 1 10 12 1 8 1 8 1 10 12 1 1 10 12 1 100 1 10 12 1 9 100 12 1 1 1 10 7 12 1 1 100 1 10 12 1 1 10 7 12 1 1 10 7 12 1 1 1 100 1 10 12 1 10 12 1 1 7 1 9 7 12 1 1 1 10 12 1 1 10 100 12 1 1 10 12 1 10 12 1 1 10 12 1 10 12 1 1 7 1 11 12 1 1 10 12 1 10 7 12 1 1 1 10 12 10 12 1 10 12 1 10 12 10 12 1 11 100 12 1 1 1 10 7 12 1 1 1 100 1 10 12 1 10 100 1 10 12 1 10 100 1 10 12 1 10 100 1 10 12 1 10 10 12 1 1 10 12 1 10 12 1 10 12 1 10 12 1 10 12 1 10 7 12 1 1 1 10 12 1 10 7 12 1 1 1 10 12 1 10 12 1 10 7 12 1 1 1 10 12 1 10 12 1 10 12 1 10 12 1 10 12 1 10 12 1 10 12 1 10 12 1 10 12 1 10 12 1 10 12 1 10 12 1 10 12 1 10 12 1 10 12 1 10 12 1 1 10 12 1 1 10 7 12 1 1 1 10 7 1 10 100 1 10 7 1 10 100 1 10 100 1 10 100 1 10 100 1 10 100 1 10 12 1 8 1 7 1 10 12 10 7 12 1 1 1 10 12 1 1 10 7 12 1 1 10 12 10 12 1 10 12 10 12 10 12 1 1 10 12 1 1 9 7 12 1 1 1 10 12 1 9 7 1 10 12 1 9 10 12 1 9 7 1 10 12 1 9 7 1 10 12 1 9 10 12 1 9 10 12 1 10 12 1 10 12 1 9 12 1 100 1 10 10 12 1 1 10 12 1 10 12 1 10 12 1 10 12 1 10 12 1 10 12 1 10 12 1 10 12 1 10 12 1 8 1 8 1 10 12 1 10 12 1 8 1 10 12 1 10 12 1 10 12 1 10 7 12 1 1 1 3 10 100 1 10 10 12 1 1 11 100 12 1 1 10 12 1 1 10 12 1 10 12 1 10 12 1 10 12 1 10 12 1 10 12 1 10 12 1 10 12 1 11 12 1 8 1 10 11 12 1 11 100 12 1 1 1 11 100 12 1 1 1 11 12 1 1 18 12 1 1 11 12 1 1 11 100 12 1 1 1 18 12 1 11 100 12 1 1 1 18 12 1 11 100 12 1 1 1 18 12 1 100 1 10 100 12 1 1 1 10 12 1 10 12 1 10 12 1 10 12 1 10 12 1 10 12 1 10 12 1 10 12 1 1 10 12 1 10 100 12 1 1 10 12 1 10 12 1 10 12 1 1 10 12 1 10 12 1 10 12 1 1 10 12 1 10 12 1 10 12 1 1 10 12 1 10 12 1 10 12 1 10 12 1 10 12 10 12 1 10 12 10 12 10 12 1 10 12 10 12 1 10 12 1 10 12 1 1 1 1 3 1 3 1 1 1 1 1 1 1 1 1 1 1 1 1 1 1 1 1 1 1 1 1 1 1 1 1 1 1 1 1 1 1 1 1 1 1 1 1 1 1 1 1 1 1 1 1 1 1 1 1 1 1 1 1 1 1 1 1 1 1 1 1 1 1 1 1 1 1 1 1 1 1 1 1 1 1 1 1 1 1 1 1 1 1 1 1 1 1 1 1 1 1 1 1 1 1 1 1 1 1 1 1 1 1 1 1 1 1 1 1 1 1 1 1 1 1 1 1 1 1 1 1 1 1 1 1 1 1 1 1 1 1 1 1 1 1 1 1 1 1 1 1 1 1 1 1 1 1 1 1 1 1 1 1 1 1 1 1 1 1 1 1 1 1 1 1 1 1 1 1 1 1 1 1 1 1 1 1 1 1 1 1 1 1 1 1 1 1 1 1 1 1 1 1 1 1 1 1 1 1 1 1 1 1 1 1 1 1 1 1 1 1 1 1 1 1 1 1 1 1 1 1 1 1 1 1 1 1 1 1 1 1 1 1 1 1 1 1 1 1 1 1 1 1 1 1 1 1 1 1 1 1 1 1 1 1 1 1 1 1 1 100 1 1 16 15 10 12 15 10 12 15 10 12 15 10 12 15 10 100 12 1 1 1 1 1 100 1 100 1 1 1 1 100 1 1 1 1 1 1 100 1 1 100 1 1 100 1 1 1 100 1 100 1 1
staticfield java/util/Arrays $assertionsDisabled Z 1
ciInstanceKlass java/lang/OutOfMemoryError 1 1 26 10 100 12 1 1 1 10 12 1 100 1 1 1 1 5 0 1 1 1 1 1 1 1 1 1
ciMethod java/lang/StringLatin1 inflate ([BI[CII)V 288 8176 1285 0 -1
ciMethod java/lang/StringLatin1 inflate ([BI[BII)V 32 0 2021 0 -1
ciMethod java/lang/StringLatin1 getChars ([BII[CI)V 1024 0 4335 0 0
ciMethod java/lang/StringLatin1 indexOf ([BIII)I 1024 0 16673 0 448
ciMethod java/lang/StringLatin1 indexOfChar ([BIII)I 878 6144 16488 0 -1
ciMethod java/lang/StringLatin1 canEncode (I)Z 1024 0 19373 0 0
ciInstanceKlass java/lang/StringUTF16 1 1 640 7 1 7 1 10 7 12 1 1 1 100 1 10 7 1 3 7 1 7 1 10 8 1 10 12 1 1 10 12 1 8 1 10 12 1 1 10 12 1 9 12 1 1 10 12 1 1 100 1 8 1 10 12 1 9 12 1 1 9 12 1 10 10 12 1 1 10 12 1 1 10 7 12 1 1 1 10 12 1 10 12 1 1 10 12 1 1 10 12 1 1 10 12 1 1 10 12 1 10 12 1 1 10 12 1 1 10 12 1 1 10 12 1 1 10 12 1 1 10 12 1 10 12 1 1 10 7 12 1 1 1 10 12 1 1 10 7 12 1 1 1 10 12 1 1 10 12 1 10 12 1 1 10 12 1 1 10 12 1 1 10 12 1 10 12 1 100 1 10 12 1 10 10 12 1 10 12 1 1 10 12 1 10 7 12 1 1 1 10 12 1 1 10 12 10 12 1 1 10 12 1 10 12 1 1 10 12 1 10 12 1 10 12 1 10 12 1 7 1 10 12 1 1 10 12 1 3 10 12 1 1 10 12 1 10 12 1 10 12 1 10 12 1 10 12 1 10 12 1 1 9 12 1 10 12 1 10 12 10 12 1 1 10 12 1 10 12 1 10 12 1 10 10 12 10 12 10 10 12 1 1 10 12 1 10 12 1 10 12 1 100 1 8 1 8 1 10 12 1 1 100 1 10 10 7 12 1 1 1 10 7 12 1 1 8 1 8 1 8 1 10 12 1 1 10 12 1 1 10 12 10 100 12 1 1 10 12 1 1 10 12 1 1 10 12 1 10 12 10 12 10 12 1 10 12 10 12 1 10 12 1 10 12 1 10 12 1 10 100 12 1 1 1 10 100 12 1 1 1 10 12 1 1 10 12 1 1 11 7 12 1 1 10 12 1 10 12 1 10 12 1 1 10 12 1 5 0 5 0 10 100 12 1 1 1 10 12 1 10 12 10 12 10 7 12 1 1 1 10 12 1 1 1 1 1 1 1 1 1 1 1 1 1 1 1 1 1 1 1 1 1 1 1 1 1 1 1 1 1 1 100 1 1 1 1 1 1 1 1 1 1 1 1 1 1 1 1 1 1 1 1 1 1 1 1 1 1 1 1 1 1 1 1 1 1 1 1 1 1 1 1 1 1 1 1 1 1 1 1 1 1 1 1 1 1 1 1 1 1 1 1 1 1 1 1 1 1 1 1 1 1 1 1 1 1 1 1 1 1 1 1 1 1 1 1 1 1 1 1 1 1 100 1 1 1 1 1 1 1 1 1 1 1 1 1 1 1 1 1 100 1 1 1 1 1 1 1 1 1 1 1 1 1 1 1 1 1 1 1 1 1 1 1 1 1 1 1 1 1 1 1 1 1 1 1 1 1 1 1 1 1 1 1 1 1 1 1 1 1 1 1 1 1 1 1 1 1 1 1 1 1 100 1 100 1 1 1 1 1
staticfield java/lang/StringUTF16 HI_BYTE_SHIFT I 0
staticfield java/lang/StringUTF16 LO_BYTE_SHIFT I 8
staticfield java/lang/StringUTF16 $assertionsDisabled Z 1
ciMethod java/lang/StringUTF16 length ([B)I 1024 0 13942 0 -1
ciMethod java/lang/StringUTF16 inflate ([BI[BII)V 514 3196 2021 0 -1
ciMethod java/lang/StringUTF16 getChars ([BII[CI)V 216 36974 123 0 -1
ciMethod java/lang/StringUTF16 indexOf ([BIII)I 20 0 340 0 0
ciMethod java/lang/StringUTF16 indexOfChar ([BIII)I 588 0 336 0 -1
ciMethod java/lang/StringUTF16 putChar ([BII)V 1024 0 5660 0 -1
ciMethod java/lang/StringUTF16 checkBoundsOffCount (II[B)V 1024 0 2864 0 -1
ciMethod java/lang/StringUTF16 indexOfSupplementary ([BIII)I 0 0 1 0 -1
ciInstanceKlass java/lang/Thread$FieldHolder 1 1 48 10 7 12 1 1 1 9 7 12 1 1 1 9 12 1 1 9 12 1 1 9 12 1 1 9 12 1 1 1 1 1 1 1 1 1 1 100 1 100 1 1 1 1 100 1 1 1
ciInstanceKlass java/lang/Thread$Constants 0 0 59 7 1 10 7 12 1 1 1 100 1 10 10 7 12 1 1 1 7 1 8 1 10 12 1 9 7 12 1 1 1 7 1 7 1 10 12 1 10 12 1 9 12 1 1 1 1 1 1 1 1 1 1 1 1 1 1 1 1
ciInstanceKlass java/lang/ThreadGroup 1 1 411 10 7 12 1 1 1 9 7 12 1 1 1 8 1 9 12 1 1 7 1 9 12 1 1 9 12 1 1 10 7 12 1 1 1 10 12 1 1 10 12 1 10 12 1 10 12 1 10 12 1 1 10 12 1 1 10 12 1 10 12 1 1 10 12 1 10 12 1 10 100 12 1 1 1 10 12 1 1 18 12 1 1 11 7 12 1 1 1 10 7 12 1 1 1 10 7 12 1 10 12 1 1 10 12 1 1 10 12 1 1 10 100 12 1 1 1 10 12 1 11 12 1 1 11 7 12 1 1 11 12 1 1 10 12 1 1 10 12 1 10 12 1 11 12 1 11 12 1 1 100 1 10 10 12 1 100 1 10 18 12 1 1 11 7 12 1 1 1 11 12 1 1 9 12 1 1 10 12 1 1 8 1 10 7 12 1 1 1 10 100 12 1 1 1 10 12 1 1 11 12 10 12 1 1 10 12 1 1 11 7 1 9 12 1 7 1 10 8 1 10 12 1 1 10 12 1 1 8 1 10 12 1 10 7 12 1 1 1 10 12 1 1 10 7 1 8 1 10 8 1 10 12 1 10 12 1 8 1 9 12 1 1 9 12 1 10 100 12 1 1 1 100 9 12 1 1 7 1 9 12 1 10 12 10 12 1 1 100 10 12 9 12 1 10 12 1 100 1 10 11 12 1 1 7 1 10 10 12 1 10 12 1 1 1 1 1 1 1 1 1 1 1 1 1 1 1 1 1 1 3 1 1 1 1 1 1 1 1 1 1 1 1 100 1 1 1 1 1 1 1 1 1 1 1 1 1 1 1 1 1 1 1 1 1 1 1 1 1 1 1 1 1 1 1 1 1 1 1 1 1 1 1 1 1 1 1 16 15 10 12 16 16 15 10 12 16 15 10 100 12 1 1 1 1 1 100 1 100 1 1
staticfield java/lang/ThreadGroup $assertionsDisabled Z 1
ciInstanceKlass java/lang/Thread$UncaughtExceptionHandler 1 0 16 100 1 100 1 1 1 1 1 1 1 1 100 1 1 1
ciInstanceKlass java/security/AccessControlContext 1 1 375 9 7 12 1 1 1 9 12 1 1 10 100 12 1 1 1 8 1 10 100 12 1 1 1 10 7 12 1 1 1 9 12 1 9 12 1 1 9 12 1 1 10 7 12 1 1 7 1 10 12 1 11 7 12 1 1 1 11 12 1 11 12 1 11 12 1 1 7 1 11 12 1 1 10 12 1 10 7 12 1 1 1 9 100 12 1 1 1 10 7 12 1 1 1 11 100 12 1 1 1 10 7 1 100 1 8 1 10 12 1 10 12 1 1 7 1 10 7 12 1 1 1 9 12 1 9 12 1 9 12 1 9 12 1 1 9 12 1 1 9 12 1 9 12 1 10 7 12 1 1 1 9 12 1 10 12 1 1 10 12 1 1 8 1 10 12 1 1 10 12 1 1 10 7 12 1 1 1 7 1 10 10 12 1 1 10 7 12 1 1 1 10 8 1 10 7 12 1 1 8 1 10 7 12 1 1 8 1 8 1 10 12 1 8 1 10 12 1 8 1 10 12 1 10 12 1 10 12 1 1 8 1 8 1 100 1 10 12 1 10 12 1 1 100 1 10 12 1 8 1 10 12 1 10 12 1 10 8 1 10 12 1 1 10 12 1 1 10 12 1 1 10 12 1 1 10 12 1 10 12 1 11 10 12 1 10 12 1 1 10 10 10 12 1 1 1 1 1 1 1 1 1 1 1 1 1 1 1 1 1 1 1 1 1 1 1 1 100 1 1 1 1 1 1 1 1 1 1 1 1 1 1 1 1 1 1 1 1 1 1 1 1 1 1 1 1 1 1 1 1 1 1 1 1 1 1 1 1 1 1 1 1 1 1 1 1 1 1 1 1 1 3 1 1
instanceKlass java/lang/ThreadBuilders$BoundVirtualThread
instanceKlass java/lang/VirtualThread
ciInstanceKlass java/lang/BaseVirtualThread 0 0 36 10 100 12 1 1 1 100 1 1 1 1 1 1 1 1 1 1 1 1 1 1 1 1 1 1 1 1 100 1 100 1 1 100 1 1
ciInstanceKlass java/lang/VirtualThread 0 0 910 9 7 12 1 1 1 10 7 12 1 1 1 10 100 12 1 1 1 10 7 12 1 1 1 9 12 1 1 9 12 1 1 100 1 10 12 1 9 12 1 1 18 12 1 1 9 12 1 1 10 12 1 1 100 1 10 12 1 10 12 1 1 10 12 1 1 10 12 1 1 10 12 1 10 7 12 1 10 12 1 10 12 1 10 12 1 10 12 1 11 100 12 1 1 1 100 1 10 12 1 1 10 100 12 1 1 1 10 100 12 1 1 1 10 12 1 100 1 10 10 12 1 10 12 1 1 9 12 1 1 10 12 1 1 9 12 1 1 10 12 1 9 12 1 1 9 12 1 100 1 10 10 12 1 10 100 12 1 1 10 9 10 10 12 1 1 10 12 1 1 10 100 12 1 1 10 100 1 10 9 10 10 12 1 7 1 10 12 1 1 10 12 1 10 12 1 10 12 1 1 9 12 1 10 12 1 10 12 1 9 12 1 1 10 12 1 10 12 1 9 12 1 1 10 12 1 10 12 1 10 12 1 11 100 12 1 1 10 12 1 1 10 12 1 1 10 12 1 1 9 12 1 10 100 1 10 12 1 1 10 12 1 1 10 12 1 10 12 1 10 12 1 10 12 9 12 1 1 10 100 12 1 1 10 12 1 10 12 1 1 10 100 12 1 1 10 12 1 100 1 8 1 10 12 1 10 12 1 1 10 12 1 10 12 1 10 100 12 1 1 10 12 1 10 12 1 1 10 12 1 10 12 1 1 10 7 12 1 1 10 12 1 1 10 12 1 1 100 1 10 10 12 1 7 1 9 12 1 1 10 7 12 1 1 10 9 12 1 1 18 9 100 12 1 1 1 11 100 12 1 1 1 11 100 1 11 12 10 12 1 10 12 1 10 12 1 1 10 12 1 100 1 10 10 12 1 10 12 1 1 10 12 1 1 10 12 1 10 12 1 10 12 1 9 12 1 1 11 100 12 1 1 10 12 9 100 12 1 1 1 9 12 1 10 12 1 1 9 12 1 9 12 1 9 12 1 7 1 10 10 12 1 1 10 12 1 10 12 7 1 7 1 10 8 1 10 12 1 1 10 12 1 10 12 1 10 10 12 1 8 1 10 10 12 1 10 12 1 10 7 12 1 1 8 1 8 1 10 9 100 12 1 1 1 10 12 1 1 10 12 1 10 10 10 12 9 12 1 10 12 1 1 9 12 1 10 12 1 1 9 12 1 10 12 1 1 18 12 1 1 18 12 1 10 7 12 1 1 1 8 1 10 100 12 1 1 1 10 7 12 1 1 1 18 12 1 10 100 12 1 1 1 100 1 10 12 1 8 1 10 12 1 8 1 10 12 1 1 8 1 8 1 10 100 12 1 1 8 1 10 12 1 8 1 8 1 10 100 12 1 1 1 10 12 1 10 12 1 1 10 12 1 18 12 1 1 18 12 1 1 5 0 9 12 1 10 12 1 18 12 1 100 1 10 12 10 7 12 1 1 10 12 1 1 7 1 8 1 10 10 12 1 10 12 1 1 10 12 1 9 12 1 8 10 12 1 1 8 8 9 12 1 8 10 12 1 1 3 1 3 1 3 1 3 1 3 1 3 1 3 1 3 1 3 1 3 1 3 1 3 3 1 3 1 1 1 1 1 1 1 1 1 1 1 1 1 1 7 1 1 1 1 1 1 1 1 1 1 1 1 1 1 7 1 1 1 1 1 1 1 1 1 1 1 7 1 1 1 1 1 1 1 1 1 1 1 1 1 1 1 1 1 1 1 1 1 1 1 1 1 1 1 1 1 1 1 1 1 1 1 1 1 1 1 100 1 1 1 1 1 1 1 1 1 1 1 1 1 1 1 1 1 1 1 1 1 1 1 1 1 1 1 1 1 1 1 1 1 1 1 100 1 1 1 1 1 1 1 1 1 1 1 1 1 1 100 1 1 16 15 10 12 15 16 15 10 12 16 15 10 12 16 16 15 10 12 16 15 10 12 16 15 10 12 16 15 10 12 16 1 15 10 100 12 1 1 1 1 1 1 1 7 1 1 100 1 100 1 1
ciInstanceKlass java/lang/ThreadBuilders$BoundVirtualThread 0 0 132 10 7 12 1 1 1 9 7 12 1 1 1 10 7 12 1 1 1 9 12 1 1 10 12 1 1 10 12 1 1 9 12 1 1 10 7 12 1 1 1 10 12 1 1 7 1 8 1 10 12 1 10 12 1 1 10 12 1 1 10 12 1 1 10 7 12 1 1 1 8 1 10 12 1 8 1 10 12 1 1 10 100 12 1 1 9 100 12 1 1 1 10 12 1 1 10 10 12 1 1 1 1 1 1 1 1 1 1 1 1 1 1 1 1 1 1 1 1 1 1 1 1 1 1 1 1 100 1 1 1 1
ciInstanceKlass jdk/internal/vm/ContinuationScope 0 0 50 10 100 12 1 1 1 10 100 12 1 1 1 100 1 9 100 12 1 1 1 10 12 1 1 10 100 12 1 1 1 10 12 1 1 10 12 1 1 1 1 1 1 1 1 1 1 1 1 1
ciInstanceKlass jdk/internal/vm/StackChunk 0 0 34 10 100 12 1 1 1 9 100 12 1 1 1 9 12 1 1 9 12 1 9 12 1 1 1 1 1 1 1 1 1 1 1 1
ciInstanceKlass java/lang/Float 1 1 279 7 1 7 1 10 7 12 1 1 1 10 7 12 1 1 1 4 7 1 10 12 1 1 10 12 1 1 8 1 8 1 10 7 12 1 1 1 10 12 1 1 10 12 1 1 10 7 1 4 10 7 12 1 1 9 12 1 1 10 12 1 1 10 12 1 10 10 12 1 1 10 12 1 10 12 1 3 3 100 1 4 4 4 3 10 12 1 1 9 12 1 1 100 1 10 3 3 4 4 10 12 1 3 3 3 10 12 1 1 10 12 1 1 10 12 1 10 100 12 1 1 1 10 12 1 1 10 12 1 1 10 7 12 1 1 1 8 1 10 12 1 1 9 12 1 1 7 1 7 1 7 1 1 1 1 4 1 4 1 1 1 4 1 1 3 1 3 1 3 1 3 1 3 1 1 1 1 5 0 1 1 1 1 1 1 1 1 1 1 100 1 1 1 1 1 1 1 1 1 1 1 1 1 3 1 1 1 1 1 1 1 1 1 1 1 1 1 1 1 1 1 1 1 1 1 1 1 1 1 1 1 1 1 1 1 1 1 1 1 1 1 1 1 1 1 1 1 1 1 1 1 1 1 1 1 1 1 1 1 1 1 1 1 1 1 7 1 1 1 1 1 1 1 100 1 100 1 1
staticfield java/lang/Float TYPE Ljava/lang/Class; java/lang/Class
staticfield java/lang/Float $assertionsDisabled Z 1
ciInstanceKlass java/lang/Double 1 1 290 7 1 7 1 10 7 12 1 1 1 10 12 1 1 10 7 1 10 12 1 1 10 7 12 1 1 1 6 0 8 1 10 12 1 1 8 1 10 12 1 1 8 1 6 0 10 12 1 1 100 1 5 0 5 0 8 1 8 1 10 7 12 1 1 1 10 7 12 1 1 1 8 1 10 12 1 1 8 1 8 1 8 1 10 12 1 1 10 12 1 10 12 1 1 10 12 1 10 12 1 10 12 1 1 10 12 1 10 100 1 6 0 10 7 12 1 1 9 12 1 1 10 12 1 10 12 1 10 12 1 10 12 1 10 12 1 5 0 10 12 1 1 10 12 1 10 12 1 10 100 12 1 1 1 10 12 1 1 10 12 1 1 8 1 10 7 12 1 1 1 9 12 1 1 7 1 7 1 7 1 1 1 6 0 1 6 0 1 6 0 1 1 1 6 0 1 1 3 1 3 1 3 1 3 1 3 1 1 1 1 5 0 1 1 1 1 1 1 1 1 1 1 1 1 1 1 1 1 100 1 1 1 1 1 1 1 1 1 1 1 1 3 1 1 1 1 1 1 1 1 1 1 1 1 1 1 1 1 1 1 1 1 1 1 1 1 1 1 1 1 1 1 1 1 1 1 7 1 1 1 1 1 1 1 100 1 100 1 1
staticfield java/lang/Double TYPE Ljava/lang/Class; java/lang/Class
ciInstanceKlass java/lang/Byte 1 1 213 7 1 100 1 10 7 12 1 1 1 9 12 1 1 8 1 9 12 1 1 7 1 10 12 1 1 10 12 1 1 10 100 12 1 1 1 10 100 12 1 1 1 9 100 12 1 1 1 10 12 1 1 100 1 7 1 10 12 1 1 8 1 10 12 1 1 8 1 10 12 1 10 12 1 10 12 1 10 12 1 1 10 12 1 10 12 1 10 12 1 1 10 8 1 8 1 10 7 1 9 12 1 1 10 12 1 1 10 12 1 1 10 12 1 1 10 12 1 5 0 10 12 1 1 8 1 10 7 12 1 1 1 9 12 1 1 7 1 7 1 1 1 3 1 3 1 1 1 1 3 1 3 1 1 5 0 1 1 1 1 1 1 1 1 1 1 1 1 1 1 1 1 1 1 1 1 1 1 1 1 1 1 1 1 1 1 1 1 1 1 1 1 1 1 1 1 1 1 1 1 1 1 1 1 1 1 1 1 1 1 1 1
staticfield java/lang/Byte TYPE Ljava/lang/Class; java/lang/Class
ciInstanceKlass java/lang/Short 1 1 222 7 1 7 1 100 1 10 7 12 1 1 1 10 12 1 1 100 1 7 1 10 12 1 1 8 1 10 12 1 1 8 1 10 12 1 10 12 1 10 12 1 10 12 1 1 10 12 1 1 10 12 1 9 12 1 1 8 1 9 12 1 1 7 1 10 12 1 1 10 12 1 10 100 12 1 1 1 10 100 12 1 1 1 9 100 12 1 1 1 10 12 1 10 12 1 1 10 8 1 8 1 10 7 1 9 12 1 1 10 12 1 1 10 12 1 1 10 12 1 1 10 12 1 3 3 5 0 10 12 1 1 8 1 10 7 12 1 1 1 9 12 1 1 7 1 7 1 1 1 3 1 3 1 1 1 1 3 1 3 1 1 5 0 1 1 1 1 1 1 1 1 1 1 1 1 1 1 1 1 1 1 1 1 1 1 1 1 1 1 1 3 1 1 1 1 1 1 1 1 1 1 1 1 1 1 1 1 1 1 1 1 1 1 1 1 1 1 1 1 1 1
staticfield java/lang/Short TYPE Ljava/lang/Class; java/lang/Class
ciInstanceKlass java/lang/Long 1 1 506 7 1 7 1 7 1 7 1 10 12 1 1 9 12 1 1 9 7 12 1 1 1 10 100 12 1 1 1 10 12 1 1 10 100 12 1 1 1 10 10 12 10 12 1 10 12 1 10 12 1 5 0 5 0 7 1 10 12 1 1 10 12 1 1 10 12 1 10 12 1 10 12 1 10 12 1 1 10 100 12 1 1 10 12 1 10 12 1 1 10 12 1 1 10 12 1 1 10 12 1 1 10 100 12 1 1 1 10 12 1 1 10 12 1 10 12 1 10 12 1 10 12 1 1 10 10 12 1 5 0 100 1 8 1 10 12 1 8 1 7 1 10 12 1 10 12 1 1 8 1 10 12 1 1 8 1 10 12 1 1 10 12 1 1 10 12 1 1 5 0 5 0 10 100 12 1 1 1 11 7 1 10 12 1 1 11 10 12 1 1 10 12 1 1 8 1 5 0 10 12 1 1 10 12 1 1 8 1 8 1 10 12 1 8 1 10 12 1 10 12 1 5 0 5 0 9 7 12 1 1 1 10 12 1 10 12 1 1 8 1 8 1 10 12 1 1 8 1 8 1 8 1 8 1 8 1 8 1 10 12 1 10 12 1 10 7 1 9 12 1 1 10 12 1 10 12 1 1 10 12 1 1 10 7 12 1 1 1 100 1 100 1 10 12 1 1 10 12 1 10 12 1 10 12 1 5 0 5 0 5 0 10 12 1 1 10 12 1 5 0 5 0 10 12 10 12 1 10 100 12 1 1 1 10 12 1 1 10 12 1 1 8 1 10 7 12 1 1 1 9 12 1 1 7 1 7 1 7 1 1 1 1 5 0 1 1 1 1 3 1 3 1 5 0 1 1 1 1 1 1 1 1 1 1 100 1 1 1 1 1 1 1 1 1 1 1 1 1 1 1 1 1 1 1 1 1 1 1 1 1 1 1 1 1 1 1 1 1 1 1 1 1 1 1 1 1 1 1 1 1 3 1 1 1 1 1 1 1 1 1 1 1 1 1 1 1 7 1 1 1 1 1 1 1 1 1 1 1 1 1 1 1 1 1 1 1 1 1 1 1 1 1 1 1 1 1 1 1 1 1 1 1 1 1 1 1 1 1 1 1 7 1 1 1 1 1 1 1 1 1 100 1 100 1 1
staticfield java/lang/Long TYPE Ljava/lang/Class; java/lang/Class
ciInstanceKlass jdk/internal/vm/vector/VectorSupport 0 0 575 100 1 10 100 12 1 1 1 9 12 1 1 10 12 1 1 100 1 10 12 1 11 100 12 1 1 1 11 100 12 1 1 1 11 100 12 1 1 11 100 12 1 1 11 100 12 1 1 1 11 100 12 1 1 11 100 12 1 1 11 100 12 1 1 11 100 12 1 1 11 100 12 1 1 11 100 12 1 1 11 100 12 1 1 1 11 100 12 1 1 11 100 12 1 1 1 11 100 12 1 1 1 11 100 12 1 1 11 100 12 1 1 1 11 100 12 1 1 100 1 10 12 1 1 11 100 12 1 1 11 100 12 1 1 11 100 12 1 1 11 100 12 1 1 11 100 12 1 1 11 100 12 1 1 9 12 1 1 10 100 12 1 1 11 100 12 1 1 10 12 1 1 10 100 12 1 1 1 10 12 1 10 12 1 1 10 12 1 1 1 1 1 3 1 3 1 3 1 3 1 3 1 3 1 3 1 3 1 3 1 3 1 3 1 3 1 3 1 3 1 3 1 3 1 3 1 3 1 3 1 3 1 3 1 3 1 3 1 3 1 3 1 3 1 3 1 3 1 3 1 3 1 3 1 3 1 3 1 3 1 3 1 3 1 3 1 3 1 3 1 3 1 3 1 3 1 3 1 3 1 3 1 3 1 3 1 3 1 3 1 3 1 3 1 3 1 3 1 1 1 1 1 1 1 1 1 1 1 1 1 1 1 1 1 1 1 1 1 1 1 1 1 1 1 1 1 1 1 1 1 1 1 1 1 1 1 1 1 1 1 1 1 1 1 1 1 1 1 1 1 1 1 1 1 1 1 1 1 1 1 1 1 1 1 1 1 1 1 1 1 1 1 1 1 1 1 1 1 1 1 1 1 1 1 1 1 1 1 1 1 1 1 1 1 1 1 1 1 1 1 1 1 1 1 1 1 1 1 1 1 1 1 1 1 1 1 1 1 1 1 1 1 1 1 1 1 1 1 1 1 1 1 1 1 1 1 1 1 1 1 1 1 1 1 1 1 1 1 1 1 1 1 1 1 1 1 1 1 1 1 1 1 1 1 1 1 1 1 1 1 1 1 1 1 1 1 1 1 1 1 1 1 1 1 1 1 1 1 1 1 1 1 1 1 1 1 1 1 1 1 1 1 1 1 1 1 1 1 1 1 1 1 1 1 1 1 1 1 1 1 1 1 1 1 1 1 1 1 1 1 1 1 1 1 100 1 100 1 100 1 100 1 100 1 1 1 1 1 1 1 1 1 1 1 1 1 1 1 1 1 1 1 1 1 1 1 1 1 1 1 1 1 1 1
instanceKlass jdk/internal/vm/vector/VectorSupport$VectorShuffle
instanceKlass jdk/internal/vm/vector/VectorSupport$VectorMask
instanceKlass jdk/internal/vm/vector/VectorSupport$Vector
ciInstanceKlass jdk/internal/vm/vector/VectorSupport$VectorPayload 0 0 32 10 100 12 1 1 1 9 100 12 1 1 1 10 100 12 1 1 1 1 1 1 1 1 1 1 1 1 1 1 1 1
ciInstanceKlass jdk/internal/vm/vector/VectorSupport$Vector 0 0 28 10 100 12 1 1 1 100 1 1 1 1 1 1 1 1 1 1 1 1 1 1 1 100 1 1 1 1
ciInstanceKlass jdk/internal/vm/vector/VectorSupport$VectorMask 0 0 28 10 100 12 1 1 1 100 1 1 1 1 1 1 1 1 1 1 1 1 1 1 1 100 1 1 1 1
ciInstanceKlass jdk/internal/vm/vector/VectorSupport$VectorShuffle 0 0 28 10 100 12 1 1 1 100 1 1 1 1 1 1 1 1 1 1 1 1 1 1 1 100 1 1 1 1
ciInstanceKlass jdk/internal/vm/FillerObject 0 0 16 10 100 12 1 1 1 100 1 1 1 1 1 1 1 1
instanceKlass java/lang/ref/PhantomReference
instanceKlass java/lang/ref/FinalReference
instanceKlass java/lang/ref/WeakReference
instanceKlass java/lang/ref/SoftReference
ciInstanceKlass java/lang/ref/Reference 1 1 190 9 7 12 1 1 1 9 7 12 1 1 10 12 1 1 10 12 1 1 9 12 1 1 10 12 1 1 9 12 1 1 9 12 1 1 7 1 10 12 1 10 7 12 1 1 10 12 1 10 12 1 1 10 12 1 7 1 8 1 10 12 1 1 7 1 10 12 1 1 10 12 1 1 10 12 1 9 12 1 10 12 1 1 10 12 1 10 12 1 9 12 1 7 1 100 1 10 12 9 12 1 9 12 1 100 1 10 10 12 1 10 10 7 12 1 1 7 1 10 10 7 12 1 1 1 1 1 1 1 1 1 1 1 1 1 1 1 1 1 1 1 7 1 1 1 100 1 1 1 1 1 1 1 1 1 1 1 1 1 1 1 1 1 1 1 1 1 1 1 1 1 1 1 1 1 1 1 1 1 1 1 7 1 7 1 7 1 1 1
staticfield java/lang/ref/Reference processPendingLock Ljava/lang/Object; java/lang/Object
staticfield java/lang/ref/Reference $assertionsDisabled Z 1
instanceKlass sun/util/locale/provider/LocaleResources$ResourceReference
instanceKlass sun/util/resources/Bundles$BundleReference
instanceKlass java/util/ResourceBundle$BundleReference
instanceKlass sun/util/locale/LocaleObjectCache$CacheEntry
instanceKlass java/lang/invoke/LambdaFormEditor$Transform
ciInstanceKlass java/lang/ref/SoftReference 1 1 47 10 7 12 1 1 1 9 7 12 1 1 1 9 12 1 10 12 1 10 12 1 1 1 1 1 1 1 1 1 1 1 1 1 1 1 1 1 1 1 1 100 1 1 1 1 1
instanceKlass com/sun/util/reentrant/ReentrantContextProvider$HardReference
instanceKlass com/sun/javafx/util/WeakReferenceQueue$ListEntry
instanceKlass java/util/logging/LogManager$LoggerWeakRef
instanceKlass java/util/logging/Level$KnownLevel
instanceKlass java/util/ResourceBundle$KeyElementReference
instanceKlass java/lang/WeakPairMap$WeakRefPeer
instanceKlass java/lang/ClassValue$Entry
instanceKlass java/lang/ThreadLocal$ThreadLocalMap$Entry
instanceKlass jdk/internal/util/WeakReferenceKey
instanceKlass java/util/WeakHashMap$Entry
ciInstanceKlass java/lang/ref/WeakReference 1 1 31 10 7 12 1 1 1 10 12 1 100 1 1 1 1 1 1 1 1 1 1 1 1 1 1 1 1 1 1 1 1
instanceKlass java/lang/ref/Finalizer
ciInstanceKlass java/lang/ref/FinalReference 1 1 50 10 7 12 1 1 1 10 7 12 1 1 1 10 12 1 1 7 1 8 1 10 12 1 1 1 1 1 1 1 1 1 1 1 1 1 1 1 1 1 1 1 1 1 1 1 1 1 7 1
instanceKlass jdk/internal/ref/PhantomCleanable
instanceKlass jdk/internal/ref/Cleaner
ciInstanceKlass java/lang/ref/PhantomReference 1 1 39 10 100 12 1 1 1 10 7 12 1 1 1 1 1 1 1 1 1 1 1 1 1 1 1 1 1 1 1 1 1 1 1 1 1 1 1 1 1
ciInstanceKlass java/lang/ref/Finalizer 1 1 155 9 7 12 1 1 1 10 7 12 1 1 1 9 12 1 1 9 12 1 1 9 12 1 9 12 1 9 12 1 1 10 12 1 7 1 8 1 10 12 1 10 12 1 1 9 12 1 100 1 10 12 1 7 1 11 100 12 1 1 10 12 1 7 1 10 12 1 100 1 10 12 1 10 7 12 1 1 1 10 100 12 1 1 1 100 1 10 10 12 1 7 1 10 12 1 7 1 10 12 1 1 10 12 1 1 10 12 1 10 7 12 1 1 1 7 1 10 7 1 10 10 12 1 1 1 1 1 1 1 1 1 1 1 1 1 1 1 1 1 1 1 1 1 1 1 1 1 1 1 1 1 1 1 1
staticfield java/lang/ref/Finalizer lock Ljava/lang/Object; java/lang/Object
staticfield java/lang/ref/Finalizer ENABLED Z 1
staticfield java/lang/ref/Finalizer $assertionsDisabled Z 1
instanceKlass java/time/Month
instanceKlass java/time/format/TextStyle
instanceKlass java/time/format/DateTimeFormatterBuilder$SettingsParser
instanceKlass java/time/format/ResolverStyle
instanceKlass java/time/format/SignStyle
instanceKlass java/time/temporal/JulianFields$Field
instanceKlass java/time/temporal/IsoFields$Unit
instanceKlass java/time/temporal/IsoFields$Field
instanceKlass java/time/temporal/ChronoUnit
instanceKlass java/time/temporal/ChronoField
instanceKlass java/math/RoundingMode
instanceKlass sun/util/locale/provider/LocaleProviderAdapter$Type
instanceKlass java/util/Locale$Category
instanceKlass com/sun/javafx/tk/FileChooserType
instanceKlass com/sun/javafx/sg/prism/NGNode$RenderRootResult
instanceKlass javafx/animation/Animation$Status
instanceKlass javafx/scene/Scene$DragDetectedState
instanceKlass com/sun/javafx/geom/Path2D$CornerPrefix
instanceKlass com/sun/javafx/geom/transform/BaseTransform$Degree
instanceKlass com/sun/prism/CompositeMode
instanceKlass com/sun/prism/Texture$Usage
instanceKlass javafx/scene/input/TransferMode
instanceKlass com/sun/prism/Texture$WrapMode
instanceKlass com/sun/javafx/cursor/CursorType
instanceKlass com/sun/javafx/geom/BaseBounds$BoundsType
instanceKlass com/sun/javafx/scene/control/inputmap/KeyBinding$OptionalBoolean
instanceKlass javafx/scene/AccessibleAction
instanceKlass com/sun/prism/paint/Paint$Type
instanceKlass com/sun/scenario/effect/Blend$Mode
instanceKlass com/sun/javafx/sg/prism/NGNode$DirtyFlag
instanceKlass com/sun/javafx/tk/quantum/SwipeGestureRecognizer$SwipeRecognitionState
instanceKlass com/sun/glass/ui/GestureSupport$GestureState$StateId
instanceKlass com/sun/javafx/tk/FocusCause
instanceKlass javafx/scene/input/KeyCombination$ModifierValue
instanceKlass java/lang/System$Logger$Level
instanceKlass com/sun/javafx/logging/PlatformLogger$Level
instanceKlass javafx/geometry/Side
instanceKlass javafx/scene/control/ContentDisplay
instanceKlass javafx/geometry/Pos
instanceKlass javafx/scene/effect/BlendMode
instanceKlass javafx/scene/text/FontSmoothingType
instanceKlass javafx/scene/text/FontWeight
instanceKlass javafx/scene/text/FontPosture
instanceKlass jdk/internal/logger/BootstrapLogger$LoggingBackend
instanceKlass javafx/scene/input/MouseButton
instanceKlass javafx/scene/Scene$DirtyBits
instanceKlass javafx/scene/layout/BackgroundRepeat
instanceKlass javafx/scene/effect/BlurType
instanceKlass javafx/scene/paint/CycleMethod
instanceKlass javafx/css/SizeUnits
instanceKlass com/sun/javafx/css/Combinator
instanceKlass javafx/scene/control/OverrunStyle
instanceKlass javafx/geometry/HPos
instanceKlass javafx/scene/input/KeyCode
instanceKlass com/sun/javafx/application/PlatformImpl$HighContrastScheme
instanceKlass javafx/application/ConditionalFeature
instanceKlass com/sun/prism/PixelFormat$DataType
instanceKlass com/sun/prism/PixelFormat
instanceKlass javafx/scene/image/PixelFormat$Type
instanceKlass com/sun/javafx/iio/ImageStorage$ImageType
instanceKlass javafx/css/StyleOrigin
instanceKlass java/lang/invoke/MethodHandleImpl$ArrayAccess
instanceKlass javafx/geometry/Orientation
instanceKlass javafx/scene/AccessibleAttribute
instanceKlass javafx/geometry/NodeOrientation
instanceKlass com/sun/javafx/sg/prism/NGShape$Mode
instanceKlass javafx/scene/text/TextAlignment
instanceKlass javafx/scene/text/TextBoundsType
instanceKlass javafx/geometry/VPos
instanceKlass javafx/scene/shape/StrokeLineCap
instanceKlass javafx/scene/shape/StrokeLineJoin
instanceKlass javafx/scene/shape/StrokeType
instanceKlass javafx/scene/AccessibleRole
instanceKlass com/sun/javafx/scene/LayoutFlags
instanceKlass com/sun/javafx/scene/DirtyBits
instanceKlass javafx/scene/DepthTest
instanceKlass javafx/scene/CacheHint
instanceKlass com/sun/javafx/scene/CssFlags
instanceKlass javafx/stage/Modality
instanceKlass javafx/stage/StageStyle
instanceKlass java/lang/reflect/ProxyGenerator$PrimitiveTypeInfo
instanceKlass java/lang/annotation/RetentionPolicy
instanceKlass com/sun/prism/impl/ps/BaseShaderContext$SpecialShaderType
instanceKlass com/sun/prism/impl/ps/BaseShaderContext$MaskType
instanceKlass com/sun/prism/GraphicsPipeline$ShaderType
instanceKlass com/sun/prism/GraphicsPipeline$ShaderModel
instanceKlass com/sun/prism/impl/PrismSettings$RasterizerType
instanceKlass java/lang/StackStreamFactory$WalkerState
instanceKlass java/lang/StackWalker$ExtendedOption
instanceKlass java/lang/StackWalker$Option
instanceKlass java/util/regex/Pattern$Qtype
instanceKlass java/util/zip/ZipCoder$Comparison
instanceKlass java/util/stream/Collector$Characteristics
instanceKlass java/nio/file/FileTreeWalker$EventType
instanceKlass java/nio/file/FileVisitOption
instanceKlass java/nio/file/AccessMode
instanceKlass java/io/File$PathStatus
instanceKlass java/nio/file/LinkOption
instanceKlass java/util/concurrent/TimeUnit
instanceKlass java/util/stream/StreamShape
instanceKlass java/lang/invoke/MethodHandles$Lookup$ClassOption
instanceKlass java/lang/invoke/VarHandle$AccessType
instanceKlass java/lang/invoke/VarHandle$AccessMode
instanceKlass java/lang/invoke/MethodHandleImpl$Intrinsic
instanceKlass java/lang/invoke/LambdaForm$BasicType
instanceKlass java/lang/invoke/LambdaForm$Kind
instanceKlass sun/invoke/util/Wrapper
instanceKlass java/util/stream/StreamOpFlag$Type
instanceKlass java/util/stream/StreamOpFlag
instanceKlass java/lang/module/ModuleDescriptor$Requires$Modifier
instanceKlass java/lang/reflect/AccessFlag$Location
instanceKlass java/lang/reflect/AccessFlag
instanceKlass java/lang/module/ModuleDescriptor$Modifier
instanceKlass sun/nio/fs/WindowsPathType
instanceKlass java/nio/file/StandardOpenOption
instanceKlass java/util/HexFormat$Case
instanceKlass java/lang/reflect/ClassFileFormatVersion
instanceKlass java/lang/Thread$State
ciInstanceKlass java/lang/Enum 1 1 204 9 7 12 1 1 1 9 12 1 1 10 7 12 1 1 1 9 12 1 10 7 12 1 1 1 100 1 10 10 12 1 1 10 12 1 7 1 10 10 7 12 1 1 10 12 1 1 18 12 1 1 10 100 12 1 1 1 10 12 1 1 11 7 12 1 1 1 100 1 8 1 10 12 1 100 1 7 1 10 8 1 10 12 1 1 10 12 1 1 8 1 10 12 1 10 100 1 8 1 10 10 12 1 1 10 100 12 1 1 1 7 1 7 1 7 1 1 1 1 1 1 1 1 1 1 1 1 1 1 1 1 1 1 1 1 1 1 1 1 1 1 1 1 1 1 1 1 1 1 1 1 1 1 1 1 1 1 1 1 1 1 1 3 1 1 1 1 100 1 7 1 1 100 1 1 1 1 1 1 1 1 1 1 1 16 15 10 12 16 15 10 100 12 1 1 1 1 1 100 1 100 1 1
ciInstanceKlass java/lang/reflect/Method 1 1 472 9 7 12 1 1 1 10 100 12 1 1 1 10 100 12 1 1 9 12 1 1 10 12 1 1 10 12 1 1 10 100 12 1 1 10 7 12 1 1 1 9 12 1 1 9 12 1 9 12 1 1 9 12 1 9 12 1 9 12 1 1 9 12 1 9 12 1 1 9 12 1 9 12 1 9 12 1 1 100 1 8 1 10 12 1 10 12 1 9 12 1 1 8 1 10 7 12 1 1 10 7 12 1 1 1 10 12 1 1 10 12 1 1 10 12 1 10 12 1 1 10 12 1 1 9 100 12 1 1 1 10 12 1 1 10 12 10 7 12 1 1 10 12 1 1 10 12 1 10 12 1 10 12 1 10 7 12 1 1 1 10 12 1 1 10 7 1 10 7 12 1 1 1 10 7 12 1 1 10 12 1 1 10 12 1 1 10 12 1 10 7 12 1 1 1 10 12 1 10 8 1 10 12 1 10 12 1 7 1 8 1 8 1 8 1 10 12 1 10 12 1 1 10 12 1 1 10 10 12 1 1 10 12 1 11 7 1 10 12 1 9 12 1 1 10 12 1 1 10 12 1 10 12 1 1 10 12 1 1 11 7 12 1 1 1 11 12 1 9 12 1 1 10 12 1 10 12 1 10 12 1 10 12 1 10 12 1 10 12 1 9 12 1 1 10 7 12 1 1 1 10 7 12 1 1 10 12 1 1 10 100 12 1 1 1 10 100 12 1 1 1 10 100 12 1 1 1 11 100 12 1 1 1 10 100 12 1 1 1 100 1 100 1 100 1 10 12 1 10 12 1 1 10 12 1 100 1 8 1 10 12 1 10 10 12 1 1 10 12 1 1 10 12 1 1 10 12 1 1 8 1 10 12 1 1 1 1 1 1 1 1 1 1 1 1 1 1 1 1 1 1 1 1 1 1 1 1 1 1 1 1 1 1 1 1 1 1 1 1 1 1 1 1 1 1 1 1 1 1 1 1 1 1 1 1 1 100 1 100 1 100 1 1 1 1 1 1 1 1 1 1 1 1 1 1 1 1 1 1 1 1 1 1 1 1 1 1 1 1 1 1
ciInstanceKlass java/lang/reflect/Field 1 1 457 9 7 12 1 1 1 10 12 1 1 10 100 12 1 1 1 10 100 12 1 1 9 12 1 1 10 12 1 1 10 12 1 1 10 100 12 1 1 10 7 12 1 1 1 9 12 1 1 9 12 1 9 12 1 9 12 1 1 9 12 1 1 9 12 1 9 12 1 1 9 12 1 1 100 1 8 1 10 12 1 10 12 1 9 12 1 1 9 12 1 10 12 1 10 7 12 1 1 10 12 1 1 10 12 1 1 10 12 1 10 12 1 1 9 100 12 1 1 1 10 100 12 1 1 1 100 1 10 12 1 1 10 12 1 1 10 12 1 1 10 12 1 10 12 1 10 7 1 10 7 12 1 1 7 1 10 8 1 10 12 1 1 10 12 1 1 8 1 10 12 10 12 1 8 1 8 1 10 11 7 1 9 12 1 10 12 1 1 10 12 1 1 11 7 12 1 1 1 10 12 1 11 12 1 1 11 12 1 1 11 12 1 1 11 12 1 1 11 12 1 1 11 12 1 1 11 12 1 1 11 12 1 1 11 12 1 1 11 12 1 1 11 12 1 1 11 12 1 1 11 12 1 1 11 12 1 1 11 12 1 1 11 12 1 1 11 12 1 1 10 12 1 10 7 12 1 1 10 12 1 10 12 1 10 12 1 9 12 1 1 10 7 12 1 1 1 10 12 1 1 10 12 1 10 100 12 1 1 10 12 1 1 11 7 1 10 12 1 7 1 10 100 12 1 1 1 10 100 12 1 1 1 9 12 1 10 100 12 1 1 1 11 100 12 1 1 1 10 12 1 1 10 12 1 1 9 100 12 1 1 10 100 12 1 1 1 10 12 1 1 7 1 1 1 1 1 1 1 1 1 1 1 1 1 1 1 1 1 1 1 1 1 1 1 1 1 1 1 1 1 1 1 1 1 1 1 1 1 1 1 100 1 1 1 1 1 1 1 1 1 1 1 1 1 1 1 1 1 1 1 1 1 1 1 1 1 1 1 1 1 1 1 1 7 1 1 1 1 1 1 1 1 1 100 1 1
ciInstanceKlass java/lang/reflect/Parameter 0 0 243 10 7 12 1 1 1 9 7 12 1 1 1 9 12 1 1 9 12 1 1 9 12 1 10 12 1 1 10 12 1 1 10 7 12 1 1 1 7 1 10 10 12 1 1 11 7 12 1 1 1 10 12 1 10 100 12 1 1 1 10 12 1 1 10 12 1 10 12 1 8 1 8 1 10 7 12 1 1 1 10 12 1 10 12 9 100 12 1 1 1 10 100 12 1 1 1 10 12 1 8 1 10 12 1 9 12 1 1 10 12 1 1 9 12 1 1 10 12 1 1 10 12 1 1 10 12 1 1 10 12 1 10 10 12 1 10 100 12 1 1 1 10 12 1 1 11 7 12 1 1 10 7 12 1 1 7 1 10 100 12 1 1 1 10 12 1 1 10 12 1 1 10 12 1 1 10 12 1 1 9 12 1 100 1 10 11 12 1 1 11 12 1 1 7 1 1 1 1 1 1 1 1 1 1 1 1 1 1 1 1 1 1 1 1 1 1 1 1 1 1 1 1 1 1 1 1 1 1 1 1 1 1 1 1 1 100 1 1 1 1 1 1
ciInstanceKlass java/lang/reflect/RecordComponent 0 0 196 10 7 12 1 1 1 9 7 12 1 1 1 9 12 1 1 9 12 1 10 12 1 1 10 12 1 1 10 100 12 1 1 1 10 12 1 1 9 12 1 1 10 12 1 1 10 12 1 1 10 12 1 10 100 12 1 1 10 100 12 1 1 9 12 1 1 10 100 12 1 1 1 11 100 12 1 1 1 10 9 100 12 1 1 1 10 100 12 1 1 1 9 12 1 1 10 100 12 1 1 1 10 12 1 1 11 7 12 1 1 10 7 12 1 1 7 1 9 12 1 9 12 1 1 9 12 1 10 100 12 1 1 1 10 12 1 1 10 12 1 1 7 1 10 10 12 1 10 12 1 1 8 1 10 12 1 10 12 1 9 12 1 7 1 1 1 1 1 1 1 1 1 1 1 1 1 1 1 1 1 1 1 1 1 1 7 1 1 1 1 1 1 100 1 1
ciInstanceKlass java/lang/StringBuffer 0 0 483 10 7 12 1 1 1 10 12 1 10 12 1 10 12 1 1 9 7 12 1 1 1 10 12 1 1 10 12 1 10 12 1 1 9 12 1 1 10 12 1 10 12 1 1 10 12 1 1 10 12 1 10 12 1 1 10 12 1 10 12 1 1 10 12 1 1 10 7 12 1 1 1 10 12 1 1 10 12 1 10 12 1 10 12 1 10 12 1 10 12 1 10 12 1 10 12 1 10 12 1 10 12 1 10 12 1 10 12 1 10 12 1 10 12 1 10 12 1 1 10 12 1 10 12 1 1 10 12 1 1 10 10 12 1 1 10 12 1 10 12 1 10 12 1 10 12 1 10 12 1 10 12 1 10 12 10 12 1 10 12 1 10 12 1 10 12 1 1 10 12 1 10 12 1 10 10 12 1 1 10 12 1 10 12 1 10 12 1 10 10 100 12 1 1 1 10 10 12 1 1 9 12 1 1 10 100 12 1 1 10 100 1 8 10 100 12 1 1 1 8 10 12 1 8 1 10 12 1 10 12 1 10 100 12 1 1 1 10 100 12 1 1 1 100 1 10 12 100 1 8 1 10 10 12 1 1 10 12 1 1 10 12 1 10 12 1 10 12 1 1 10 12 1 10 12 1 10 12 1 10 12 1 10 12 1 10 12 10 12 1 10 12 1 10 12 1 10 12 1 10 12 1 10 12 1 10 12 1 10 12 1 10 12 1 10 12 1 10 12 10 12 10 12 1 10 12 1 10 12 1 10 12 10 12 1 10 12 1 10 12 1 10 12 1 10 12 1 10 12 1 10 12 1 10 12 1 10 12 1 10 12 1 10 12 1 100 1 10 12 1 9 7 12 1 1 1 9 7 1 9 12 1 1 7 1 7 1 7 1 7 1 1 1 1 5 0 1 1 1 1 1 1 1 1 1 1 1 1 1 1 1 1 1 1 1 1 1 1 1 1 1 1 1 1 1 1 1 1 1 1 1 1 1 1 1 1 1 1 1 1 1 1 1 1 1 1 1 1 1 1 1 1 1 1 1 1 1 100 1 1 1 1 1 7 1 1 1 1 1 1 1 1 1 1 1 1 1 1 1 1 1 1
instanceKlass jdk/internal/loader/BuiltinClassLoader
instanceKlass java/net/URLClassLoader
ciInstanceKlass java/security/SecureClassLoader 1 1 102 10 7 12 1 1 1 7 1 10 12 1 9 7 12 1 1 1 10 12 1 10 12 1 10 12 1 1 10 12 1 1 10 12 1 7 1 10 7 1 10 12 1 7 1 10 12 1 11 7 12 1 1 1 7 1 11 12 1 10 12 1 1 1 1 1 1 1 1 1 1 1 1 1 1 1 1 1 1 1 1 1 1 1 1 1 1 1 1 1 1 1 1 1 1 1 1 100 1 1 1 1
ciInstanceKlass java/net/URLClassLoader 0 0 600 10 7 12 1 1 1 100 1 10 12 1 9 7 12 1 1 1 10 7 12 1 1 1 9 12 1 1 100 1 10 12 1 9 12 1 1 10 12 1 10 10 12 1 10 100 12 1 1 1 10 12 1 1 10 7 12 1 1 1 10 100 12 1 1 1 100 1 10 12 1 1 10 12 1 1 10 12 1 1 100 1 100 1 10 7 12 1 1 1 100 1 8 1 10 12 1 10 7 12 1 1 1 10 12 1 1 10 12 1 1 11 100 12 1 1 1 11 7 12 1 1 1 11 12 1 1 7 1 11 12 1 11 7 12 1 1 10 12 1 11 12 1 11 12 1 1 11 10 12 1 1 10 12 1 1 10 12 1 1 100 1 10 12 1 10 12 1 1 7 1 100 1 10 12 1 1 7 1 10 10 12 1 1 10 100 12 1 1 10 12 1 100 1 7 1 10 8 1 10 12 1 1 8 1 10 12 1 1 10 10 12 1 8 1 8 1 10 12 1 1 10 7 12 1 1 1 10 100 12 1 1 1 10 12 1 1 10 12 1 1 10 12 1 1 10 12 1 10 12 1 100 1 100 1 8 1 10 12 1 10 12 1 1 10 12 1 1 7 1 10 12 1 10 100 12 1 1 1 10 12 1 1 10 12 1 1 10 12 1 1 10 12 1 10 100 12 1 1 1 10 12 1 1 8 1 10 12 1 1 11 100 12 1 1 1 9 100 12 1 1 1 10 100 12 1 1 1 9 12 1 9 12 1 9 12 1 9 12 1 9 12 1 9 12 1 10 7 12 1 1 1 8 1 10 12 1 1 100 1 10 10 12 1 10 12 1 1 10 12 1 1 100 1 10 12 1 10 12 1 1 10 12 1 10 12 1 1 100 1 10 100 12 1 1 9 100 12 1 1 1 10 12 1 8 1 100 1 8 1 10 12 1 10 12 1 8 1 10 12 1 10 12 1 9 12 1 1 10 100 12 1 1 10 12 1 10 12 1 10 100 1 8 1 10 100 1 10 12 1 10 100 12 1 100 1 10 12 1 10 12 1 100 1 10 10 7 12 1 1 1 1 1 1 1 1 1 1 1 1 1 1 1 1 1 1 1 1 1 1 1 1 1 1 1 1 1 1 1 1 1 1 1 1 1 7 1 100 1 7 1 7 1 1 1 1 1 1 1 1 1 1 1 1 1 1 1 1 1 1 1 1 1 1 1 1 1 1 1 1 1 1 1 1 1 1 1 1 1 1 1 1 1 1 1 1 1 1 100 1 1 1 1 1 1 1 1 1 1 1 1 1 1 1 1 1 1 1 1 1 1 1 1 1 1 1 1 1 1 1 1 1 1 1 1 1 100 1 1 1
ciInstanceKlass java/util/jar/Manifest 1 1 339 10 7 12 1 1 1 7 1 10 9 7 12 1 1 1 7 1 10 9 12 1 1 9 12 1 1 10 12 1 10 12 1 1 10 12 1 1 10 12 1 1 10 12 1 1 11 7 1 11 12 1 1 10 12 1 1 10 100 12 1 1 1 100 1 7 1 10 8 1 10 12 1 1 10 12 1 1 10 12 1 10 12 1 11 100 1 10 12 1 10 12 1 1 11 12 1 1 10 12 1 11 12 1 1 11 100 12 1 1 1 11 7 12 1 1 11 12 1 1 100 1 10 12 1 8 1 11 12 1 7 1 10 12 1 1 11 12 1 10 12 1 10 12 1 10 7 12 1 1 1 8 1 10 12 1 1 10 9 7 12 1 1 1 10 12 1 1 10 100 12 1 10 12 1 10 12 1 9 100 12 1 1 1 8 1 10 12 1 8 1 8 1 7 1 10 12 1 10 12 1 10 12 1 1 100 1 8 1 10 12 1 1 8 1 10 10 12 1 1 8 1 10 12 1 1 10 7 12 1 1 1 10 12 1 10 11 12 1 1 10 12 1 10 7 12 1 1 1 10 12 1 1 10 12 1 10 12 1 1 11 10 12 1 11 10 12 1 7 1 1 1 1 1 1 1 1 1 1 1 1 1 1 1 1 1 1 1 1 1 1 1 1 1 1 1 1 1 1 1 1 1 1 1 1 1 1 1 1 1 1 1 100 1 1 1 1 1 1 1 1 1 1 1 1 1 1 7 1 1 1 1 1 1 1 1 1 1 1
ciInstanceKlass java/io/ByteArrayInputStream 1 1 135 10 7 12 1 1 1 9 7 12 1 1 1 9 12 1 1 9 12 1 9 12 1 10 100 12 1 1 1 10 7 12 1 1 1 10 7 12 1 1 1 10 100 12 1 1 1 10 12 1 1 10 100 12 1 1 1 100 1 100 1 100 1 3 10 100 1 10 100 12 1 1 1 9 12 1 1 100 1 10 10 7 12 1 1 1 1 1 1 1 1 1 1 1 1 1 1 1 1 1 1 1 1 1 1 1 1 1 1 1 1 1 1 1 1 1 1 1 100 1 100 1 1 1 1 1 1 1 1 1 1 1 1 1 1
staticfield java/io/ByteArrayInputStream $assertionsDisabled Z 1
instanceKlass java/nio/DoubleBuffer
instanceKlass java/nio/ShortBuffer
instanceKlass java/nio/FloatBuffer
instanceKlass java/nio/IntBuffer
instanceKlass java/nio/CharBuffer
instanceKlass java/nio/LongBuffer
instanceKlass java/nio/ByteBuffer
ciInstanceKlass java/nio/Buffer 1 1 256 100 1 10 7 12 1 1 1 9 7 12 1 1 1 9 12 1 9 12 1 1 9 12 1 9 12 1 1 10 12 1 1 10 12 1 1 10 12 100 1 7 1 10 8 1 10 12 1 1 10 12 1 8 1 8 1 10 12 1 1 10 12 1 8 1 9 12 1 1 100 1 8 1 10 12 1 8 1 8 1 9 12 10 12 1 8 1 8 1 8 1 10 12 1 8 1 8 1 8 1 100 1 10 100 1 10 100 1 10 9 12 1 1 10 7 12 1 1 1 100 1 10 12 1 1 10 12 1 10 100 12 1 1 10 7 12 1 1 1 10 7 12 1 1 1 9 12 1 1 10 7 12 1 1 1 9 12 1 1 7 1 10 10 12 1 1 7 1 10 10 7 12 1 1 1 1 1 3 1 1 1 1 1 1 1 1 1 1 1 1 1 1 100 1 1 1 1 1 1 1 7 1 1 1 1 1 1 1 1 1 1 1 1 1 1 1 1 1 1 1 1 1 1 1 1 1 1 1 1 1 1 1 1 1 1 1 1 1 1 1 100 1 100 1 100 1 100 1 100 1 100 1 100 1 1
staticfield java/nio/Buffer UNSAFE Ljdk/internal/misc/Unsafe; jdk/internal/misc/Unsafe
staticfield java/nio/Buffer SCOPED_MEMORY_ACCESS Ljdk/internal/misc/ScopedMemoryAccess; jdk/internal/misc/ScopedMemoryAccess
staticfield java/nio/Buffer IOOBE_FORMATTER Ljava/util/function/BiFunction; jdk/internal/util/Preconditions$4
staticfield java/nio/Buffer $assertionsDisabled Z 1
ciMethod java/nio/Buffer clear ()Ljava/nio/Buffer; 1024 0 5789 0 0
ciMethod java/nio/Buffer position (I)Ljava/nio/Buffer; 512 0 6609 0 168
ciMethod java/nio/Buffer limit (I)Ljava/nio/Buffer; 514 0 7004 0 0
ciMethod java/nio/Buffer arrayOffset ()I 0 0 1 0 -1
ciMethod java/nio/Buffer flip ()Ljava/nio/Buffer; 830 0 5221 0 0
ciMethod java/nio/Buffer <init> (IIIILjava/lang/foreign/MemorySegment;)V 512 0 6852 0 0
ciMethod java/nio/Buffer position ()I 258 0 129 0 0
ciMethod java/nio/Buffer limit ()I 270 0 135 0 0
ciMethod java/nio/Buffer remaining ()I 778 0 12406 0 0
ciMethod java/nio/Buffer capacity ()I 262 0 131 0 0
ciMethod java/nio/Buffer createCapacityException (I)Ljava/lang/IllegalArgumentException; 0 0 1 0 -1
ciMethod java/nio/Buffer createPositionException (I)Ljava/lang/IllegalArgumentException; 0 0 1 0 -1
ciMethod java/nio/Buffer createLimitException (I)Ljava/lang/IllegalArgumentException; 0 0 1 0 -1
ciMethod java/nio/Buffer hasRemaining ()Z 20 0 6213 0 0
ciInstanceKlass jdk/internal/util/Preconditions 1 1 194 10 7 12 1 1 1 11 7 12 1 1 1 11 100 12 1 1 1 7 1 100 1 10 7 12 1 1 1 10 12 1 8 1 7 1 10 7 12 1 1 1 10 12 1 1 8 1 8 1 10 7 12 1 1 7 1 10 12 1 8 1 10 7 12 1 1 1 8 1 10 12 1 1 10 12 1 1 11 12 1 8 1 8 1 11 12 1 1 8 1 8 1 8 1 10 12 1 1 10 12 1 1 10 12 1 10 12 1 10 12 1 10 12 7 1 10 10 12 1 1 9 12 1 1 7 1 10 9 12 1 7 1 10 9 12 1 1 1 1 1 1 1 1 1 1 1 1 1 1 1 1 1 1 1 1 1 1 1 1 1 1 1 1 1 1 1 1 1 1 1 1 1 1 1 1 1 1 1 1 1 1 1 1 1 1 1 1 1 1 1 1 1 1
staticfield jdk/internal/util/Preconditions SIOOBE_FORMATTER Ljava/util/function/BiFunction; jdk/internal/util/Preconditions$4
staticfield jdk/internal/util/Preconditions AIOOBE_FORMATTER Ljava/util/function/BiFunction; jdk/internal/util/Preconditions$4
staticfield jdk/internal/util/Preconditions IOOBE_FORMATTER Ljava/util/function/BiFunction; jdk/internal/util/Preconditions$4
instanceKlass com/sun/javafx/UnmodifiableArrayList
instanceKlass java/util/Vector
instanceKlass java/util/AbstractList$SubList
instanceKlass java/util/Collections$SingletonList
instanceKlass javafx/collections/ObservableListBase
instanceKlass javafx/collections/FXCollections$EmptyObservableList
instanceKlass java/util/Arrays$ArrayList
instanceKlass java/util/AbstractSequentialList
instanceKlass java/util/ArrayList$SubList
instanceKlass java/util/Collections$EmptyList
instanceKlass java/util/ArrayList
ciInstanceKlass java/util/AbstractList 1 1 218 10 7 12 1 1 1 9 7 12 1 1 1 10 12 1 1 10 12 1 1 100 1 10 10 12 1 1 11 100 12 1 1 1 11 12 1 1 11 12 1 10 7 12 1 1 1 10 12 1 11 12 1 11 12 1 11 12 1 10 12 1 1 10 12 1 1 11 7 12 1 1 1 11 7 1 11 7 1 10 12 1 7 1 10 12 1 10 12 1 1 7 1 7 1 10 12 1 100 1 10 100 1 7 1 10 8 1 10 12 1 1 10 12 1 10 12 1 1 10 12 1 8 1 100 1 8 1 8 1 8 1 10 7 1 11 10 10 12 1 11 12 1 10 12 1 1 8 1 8 1 1 1 1 1 1 1 1 1 1 1 1 1 1 1 1 1 1 1 1 1 1 1 1 1 1 1 1 1 1 1 1 1 1 1 1 1 1 1 1 1 1 1 1 1 1 1 1 1 1 1 1 1 1 1 1 1 1 100 1 100 1 1 1 1 1 1 1
ciInstanceKlass java/lang/Iterable 1 1 62 10 7 12 1 1 1 11 7 12 1 1 1 11 7 12 1 1 1 11 12 1 1 11 7 12 1 1 1 10 100 12 1 1 1 100 1 1 1 1 1 1 1 1 1 1 1 1 1 1 1 1 1 1 1 1 1 1 1 1 1 1
ciInstanceKlass java/util/Collection 1 1 115 11 100 12 1 1 1 100 1 11 7 12 1 1 1 10 100 12 1 1 1 11 12 1 1 11 100 12 1 1 1 11 12 1 1 11 100 12 1 1 1 11 12 1 1 10 100 12 1 1 1 11 12 1 10 7 12 1 1 1 100 1 100 1 1 1 1 1 1 1 1 1 1 1 1 1 1 1 1 1 1 1 1 1 1 1 1 1 1 1 1 1 1 1 1 1 1 1 1 1 1 1 1 1 1 1 1 1 1 1 1 1 1 1 1
ciInstanceKlass java/util/SequencedCollection 1 1 109 100 1 10 12 1 1 11 7 12 1 1 1 11 7 12 1 1 1 11 12 1 1 11 12 1 7 1 7 1 1 1 1 1 1 1 1 1 1 1 1 1 1 1 1 1 1 1 1 1 1 1 1 1 1 1 1 1 100 1 8 1 1 12 10 1 1 1 8 1 1 1 8 1 1 1 8 1 1 1 8 1 1 8 1 1 1 8 1 1 8 1 1 1 8 1 1 8 1 1 1 8 1 1 8 1 1 8 1
ciInstanceKlass java/util/List 1 1 251 10 100 12 1 1 1 11 100 12 1 1 1 11 100 12 1 1 1 11 12 1 1 11 100 12 1 1 11 12 1 1 11 12 1 1 10 100 12 1 1 1 7 1 7 1 10 12 1 1 100 1 10 100 12 1 1 1 11 12 1 1 11 12 1 11 12 1 100 1 10 12 1 11 12 1 1 11 12 1 1 11 12 1 10 100 12 1 1 1 9 7 12 1 1 1 7 1 10 12 10 12 1 7 1 10 12 1 1 10 12 1 10 12 1 1 11 12 1 1 100 1 1 1 1 1 1 1 1 1 1 1 1 1 1 1 1 1 1 1 1 1 1 1 1 1 1 1 1 1 1 1 1 1 1 1 1 1 1 1 1 1 1 1 1 100 1 100 1 1 1 1 1 1 1 1 1 1 1 1 1 1 1 1 1 1 1 1 1 1 1 1 1 1 1 1 1 1 1 1 1 1 1 1 1 1 1 1 1 1 1 1 1 1 1 1 1 1 1 1 1 1 1 1 1 1 1 1 1 1 1 1 1 1 1 1 1 1 1 1 1 1 1 1 100 1 1 100 1 1 1
instanceKlass java/util/EnumMap$Values
instanceKlass java/util/IdentityHashMap$Values
instanceKlass java/util/WeakHashMap$Values
instanceKlass java/util/LinkedHashMap$LinkedValues
instanceKlass java/util/AbstractQueue
instanceKlass java/util/HashMap$Values
instanceKlass java/util/ArrayDeque
instanceKlass java/util/AbstractSet
instanceKlass java/util/ImmutableCollections$AbstractImmutableCollection
instanceKlass java/util/AbstractList
ciInstanceKlass java/util/AbstractCollection 1 1 160 10 7 12 1 1 1 10 7 12 1 1 1 10 12 1 1 11 7 12 1 1 1 11 12 1 1 10 12 1 1 10 100 12 1 1 1 10 12 1 1 10 12 1 1 10 7 12 1 1 10 7 12 1 1 1 7 1 10 7 12 1 1 1 10 100 12 1 1 1 100 1 10 11 12 1 11 7 1 10 12 1 10 12 1 10 100 12 1 1 1 11 8 1 7 1 10 10 12 1 1 8 1 10 12 1 10 12 1 1 1 1 1 1 1 1 1 1 1 1 1 1 1 1 1 1 1 1 1 1 1 1 1 1 1 1 1 1 1 1 1 1 1 1 1 1 1 1 1 1 1 1 1 1 1 1 1 1 1 1
ciInstanceKlass java/lang/AssertionStatusDirectives 0 0 24 10 100 12 1 1 1 100 1 1 1 1 1 1 1 1 1 1 1 1 1 1 1 1
instanceKlass com/sun/javafx/geom/IllegalPathStateException
instanceKlass java/util/ConcurrentModificationException
instanceKlass java/time/DateTimeException
instanceKlass java/util/NoSuchElementException
instanceKlass java/lang/IndexOutOfBoundsException
instanceKlass com/sun/javafx/geom/transform/SingularMatrixException
instanceKlass java/lang/UnsupportedOperationException
instanceKlass java/lang/SecurityException
instanceKlass java/lang/IllegalStateException
instanceKlass java/lang/IllegalArgumentException
instanceKlass java/lang/ArithmeticException
instanceKlass java/lang/NullPointerException
instanceKlass java/lang/IllegalMonitorStateException
instanceKlass java/lang/ArrayStoreException
instanceKlass java/lang/ClassCastException
ciInstanceKlass java/lang/RuntimeException 1 1 40 10 7 12 1 1 1 10 12 1 10 12 1 10 12 1 10 12 1 100 1 1 1 1 5 0 1 1 1 1 1 1 1 1 1 1 1 1 1 1
instanceKlass java/lang/reflect/Proxy$ProxyBuilder$ProxyClassContext
instanceKlass java/security/SecureClassLoader$CodeSourceKey
instanceKlass jdk/internal/module/ModuleReferenceImpl$CachedHash
instanceKlass java/util/stream/Collectors$CollectorImpl
instanceKlass java/nio/DirectByteBuffer$Deallocator
instanceKlass jdk/internal/reflect/ReflectionFactory$Config
instanceKlass jdk/internal/foreign/abi/UpcallLinker$CallRegs
instanceKlass jdk/internal/foreign/abi/VMStorage
ciInstanceKlass java/lang/Record 1 1 22 10 7 12 1 1 1 100 1 1 1 1 1 1 1 1 1 1 1 1 1 1
ciInstanceKlass java/lang/invoke/MethodType 1 1 780 7 1 10 7 12 1 1 1 9 12 1 1 9 12 1 1 9 12 1 1 10 7 12 1 1 1 9 7 12 1 1 8 1 10 100 12 1 1 1 9 7 1 9 7 1 10 12 1 1 7 1 10 8 1 10 12 1 1 10 12 1 10 12 1 1 7 1 8 1 10 12 1 100 1 10 10 12 1 10 12 1 1 10 12 1 1 11 7 12 1 1 1 9 12 1 11 12 1 1 7 10 12 1 1 10 12 1 1 7 1 7 1 10 7 12 1 1 1 10 12 1 10 12 1 9 12 1 1 10 7 12 1 1 10 12 1 1 10 7 12 1 1 1 10 7 12 1 1 1 10 12 1 9 12 1 1 10 12 1 1 10 12 1 1 10 12 1 1 10 12 1 1 10 12 1 1 10 12 1 10 12 1 10 12 1 1 10 12 1 8 1 8 1 10 12 1 1 9 12 1 1 100 1 10 10 12 1 1 10 12 1 10 12 1 1 10 12 1 1 10 12 1 10 12 1 10 12 1 8 1 10 12 1 1 10 100 12 1 1 1 10 12 1 10 12 1 1 10 12 1 10 12 1 10 12 1 1 10 12 1 10 12 1 9 12 1 10 12 1 10 10 12 1 1 10 12 1 9 12 1 1 10 12 1 1 11 12 1 1 10 12 1 1 10 12 1 10 12 1 100 1 8 1 8 1 8 1 10 12 1 10 12 1 10 12 1 1 10 10 12 1 11 12 1 1 11 12 1 10 100 12 1 1 1 9 12 1 10 12 1 10 12 1 1 10 12 1 1 10 12 1 10 12 1 10 100 12 1 1 1 10 12 1 1 10 12 1 10 12 1 10 12 1 10 9 12 1 1 7 1 10 12 1 10 12 1 1 9 100 12 1 1 1 10 7 12 1 1 1 10 7 12 1 1 1 10 12 1 1 10 7 12 1 1 1 10 12 1 1 8 1 10 7 12 1 1 1 11 12 1 1 9 12 1 1 10 12 1 1 10 12 1 10 12 1 1 10 12 1 1 10 100 12 1 1 100 1 10 12 1 1 11 100 12 1 1 18 12 1 1 11 12 1 1 18 12 1 11 12 1 100 1 11 100 12 1 1 10 12 1 100 1 10 12 1 10 100 12 1 1 10 12 1 1 9 12 1 1 9 100 12 1 1 1 10 7 12 1 1 1 9 12 1 10 100 12 1 1 10 12 1 100 10 12 1 1 10 12 1 7 1 10 10 12 1 1 7 1 7 1 9 12 1 1 7 1 7 1 7 1 1 1 5 0 1 1 1 1 1 1 1 3 1 3 1 3 1 1 1 1 1 1 1 1 1 1 1 1 1 1 1 1 1 1 1 1 1 1 1 1 1 1 1 1 1 1 1 1 1 1 1 1 1 1 1 1 1 1 1 1 1 1 1 1 1 1 1 1 1 1 1 1 1 1 1 1 1 1 1 1 1 1 1 1 1 1 1 1 1 1 1 1 1 1 1 1 1 1 1 1 1 1 1 1 1 1 1 1 1 1 1 1 1 1 1 1 1 1 1 1 1 1 1 1 1 1 1 1 1 1 1 1 1 1 1 1 1 1 1 1 1 1 1 1 1 1 100 1 100 1 1 1 1 1 1 1 1 1 1 1 1 1 100 1 1 1 7 1 1 1 1 1 1 1 1 1 1 1 1 1 1 1 1 1 1 1 1 1 1 16 15 10 12 16 16 15 10 12 16 15 10 100 12 1 1 1 1 1 7 1 1 7 1 1 100 1 100 1 1
staticfield java/lang/invoke/MethodType internTable Ljdk/internal/util/ReferencedKeySet; jdk/internal/util/ReferencedKeySet
staticfield java/lang/invoke/MethodType NO_PTYPES [Ljava/lang/Class; 0 [Ljava/lang/Class;
staticfield java/lang/invoke/MethodType objectOnlyTypes [Ljava/lang/invoke/MethodType; 20 [Ljava/lang/invoke/MethodType;
staticfield java/lang/invoke/MethodType METHOD_HANDLE_ARRAY [Ljava/lang/Class; 1 [Ljava/lang/Class;
staticfield java/lang/invoke/MethodType serialPersistentFields [Ljava/io/ObjectStreamField; 0 [Ljava/io/ObjectStreamField;
staticfield java/lang/invoke/MethodType $assertionsDisabled Z 1
ciInstanceKlass java/lang/invoke/TypeDescriptor$OfMethod 1 0 43 100 1 100 1 100 1 1 1 1 1 1 1 1 1 1 1 1 1 1 1 1 1 1 1 1 1 1 1 1 1 1 1 1 1 1 1 1 1 1 100 1 1
instanceKlass java/lang/InstantiationException
instanceKlass java/lang/reflect/InvocationTargetException
instanceKlass java/lang/IllegalAccessException
instanceKlass java/lang/NoSuchFieldException
instanceKlass java/lang/NoSuchMethodException
instanceKlass java/lang/ClassNotFoundException
ciInstanceKlass java/lang/ReflectiveOperationException 1 1 34 10 7 12 1 1 1 10 12 1 10 12 1 10 12 1 100 1 1 1 1 5 0 1 1 1 1 1 1 1 1 1 1 1
instanceKlass java/lang/invoke/DelegatingMethodHandle
instanceKlass java/lang/invoke/BoundMethodHandle
instanceKlass java/lang/invoke/DirectMethodHandle
ciInstanceKlass java/lang/invoke/MethodHandle 1 1 736 100 1 9 7 12 1 1 1 10 7 12 1 1 1 10 7 12 1 1 1 7 1 7 1 10 12 1 1 9 12 1 1 10 12 1 10 12 1 1 10 12 1 1 10 100 12 1 1 1 10 12 1 1 10 12 1 1 11 7 12 1 1 1 10 12 1 1 10 12 1 10 12 1 10 12 1 1 9 12 1 1 9 12 1 1 10 7 12 1 1 1 10 12 1 1 10 12 1 10 12 1 100 1 7 1 10 8 1 10 12 1 1 10 12 1 8 1 10 12 1 1 10 12 1 10 7 12 1 1 1 10 12 1 1 10 12 1 1 10 12 1 1 10 7 12 1 1 1 10 12 1 1 10 12 1 1 10 12 1 10 12 1 1 10 7 12 1 1 10 7 12 1 1 10 12 1 10 12 1 10 12 1 1 10 12 1 1 10 12 1 1 10 12 1 1 10 7 12 1 1 1 10 7 12 1 1 1 10 12 1 1 10 12 1 1 10 12 1 1 8 1 10 7 12 1 1 1 8 1 10 12 1 10 12 1 1 10 12 1 1 10 12 1 8 1 10 12 1 1 8 1 10 12 1 8 1 10 7 12 1 1 1 9 12 1 1 100 1 10 9 7 12 1 1 1 9 7 1 8 1 10 12 1 1 10 12 1 10 12 1 1 10 12 1 10 12 1 1 10 12 1 10 12 1 1 10 12 1 10 12 1 1 10 12 1 1 8 1 10 12 1 1 8 1 10 12 1 10 12 1 1 10 12 1 10 12 1 10 12 1 1 9 100 12 1 1 1 10 12 1 1 11 12 1 10 12 1 10 12 1 1 10 100 12 1 1 100 1 11 12 1 10 100 1 11 12 1 7 1 10 12 1 11 12 1 9 100 12 1 1 1 11 12 1 1 11 100 12 1 1 1 10 12 1 1 9 12 1 11 12 1 9 12 1 9 12 1 9 12 1 11 12 1 1 9 12 1 9 12 1 9 12 1 9 12 1 9 12 1 9 12 1 9 12 1 8 1 10 12 1 10 12 1 8 1 10 12 1 10 12 1 10 12 1 1 10 10 10 7 12 1 1 10 12 1 1 100 1 100 1 8 1 8 1 10 10 12 1 1 10 12 1 10 12 1 7 1 10 100 12 1 1 1 10 9 7 12 1 1 1 10 12 1 1 10 12 1 1 8 1 8 1 10 7 12 1 1 9 12 1 9 12 1 1 9 12 1 1 10 12 1 7 1 10 12 1 10 12 1 1 9 12 1 1 9 12 1 1 10 7 12 1 1 1 11 7 12 1 1 9 12 1 10 12 1 1 10 12 1 9 12 1 10 12 1 8 10 12 1 1 8 1 1 1 1 1 1 1 1 7 1 1 1 1 1 1 1 1 1 1 1 1 1 1 1 1 1 1 1 1 1 1 1 1 1 1 1 1 1 1 100 1 1 1 1 1 1 1 1 1 1 1 1 1 1 1 1 1 1 1 1 1 1 1 1 1 1 1 1 1 1 1 1 1 1 1 1 1 1 1 1 1 1 1 1 1 1 1 1 1 1 1 1 1 1 1 1 1 1 1 1 1 1 1 1 1 1 1 1 1 1 1 1 1 1 1 1 1 1 1 1 1 1 1 1 1 1 100 1 1 100 1 7 1 100 1 1 100 1 1 100 1 1 1 1
staticfield java/lang/invoke/MethodHandle FORM_OFFSET J 20
staticfield java/lang/invoke/MethodHandle UPDATE_OFFSET J 13
staticfield java/lang/invoke/MethodHandle $assertionsDisabled Z 1
ciInstanceKlass java/util/concurrent/ConcurrentHashMap 1 1 1210 7 1 7 1 3 10 12 1 1 3 7 1 10 7 12 1 1 1 7 1 10 7 12 1 1 1 100 1 11 12 1 1 11 12 1 11 12 1 1 9 12 1 1 9 12 1 1 9 12 1 10 7 12 1 1 1 7 1 10 12 1 1 10 12 1 1 10 7 12 1 1 1 4 10 12 1 9 12 1 10 12 1 1 100 1 10 5 0 10 12 1 10 12 1 1 5 0 10 12 1 1 10 12 1 9 12 1 1 10 12 1 1 9 12 1 9 12 1 1 10 12 1 1 9 12 1 10 12 1 1 9 12 1 1 10 12 1 1 100 1 10 100 1 10 12 1 10 12 1 1 10 12 1 1 10 12 1 1 10 12 1 10 12 1 1 10 12 1 1 100 1 10 12 1 1 7 1 100 1 8 1 10 12 1 10 12 1 1 10 12 1 1 11 7 12 1 1 10 12 1 1 11 12 1 1 11 7 12 1 1 1 11 7 12 1 1 1 11 12 1 7 1 11 12 1 11 12 1 10 12 1 1 10 12 1 1 9 12 1 1 10 100 12 1 1 1 9 10 12 1 1 9 12 1 10 12 1 1 5 0 9 12 1 1 7 1 10 12 1 9 12 1 1 7 1 10 12 1 9 12 1 7 1 10 7 1 10 10 12 1 1 8 1 10 12 1 10 12 1 1 11 100 1 10 12 1 10 100 12 1 1 1 8 1 10 100 12 1 1 1 8 1 10 12 1 8 1 10 12 1 10 12 1 1 10 100 12 1 1 10 12 1 10 12 1 10 12 1 9 12 1 9 10 12 1 9 12 1 1 11 100 12 1 1 1 11 7 12 1 1 1 100 1 10 12 11 100 12 1 1 10 11 7 12 1 10 12 1 100 1 10 12 1 100 1 10 10 9 7 12 1 1 1 10 12 3 10 7 12 1 1 9 12 1 10 12 1 1 9 12 1 1 9 12 1 10 12 1 1 10 100 12 1 1 9 12 1 9 7 12 1 1 10 12 1 1 10 12 1 3 9 12 1 9 12 1 10 12 1 1 7 1 9 3 9 12 1 7 1 10 12 1 9 12 1 10 12 1 9 12 1 10 12 1 9 12 1 10 100 12 1 1 1 100 10 12 1 7 1 5 0 10 100 12 1 1 100 1 10 12 1 1 10 12 1 10 12 1 100 1 10 12 1 10 100 1 100 1 10 10 12 1 10 100 1 10 12 1 10 100 1 10 12 1 10 7 1 10 12 1 1 100 1 10 12 1 10 10 12 1 100 1 10 12 1 10 10 12 1 100 1 10 12 1 10 100 1 10 12 1 10 100 1 10 12 1 10 100 1 10 12 1 10 100 1 10 12 1 10 100 1 10 12 1 10 100 1 10 12 1 10 100 1 10 12 1 10 100 1 10 10 100 1 10 10 100 1 10 10 100 1 10 12 1 10 100 1 10 12 1 10 100 1 10 12 1 10 100 1 10 12 1 10 100 1 10 12 1 10 100 1 10 10 100 1 10 10 100 1 10 10 100 1 10 12 1 10 100 1 10 12 1 10 100 1 10 12 1 10 100 1 10 12 1 10 100 1 10 12 1 10 10 12 1 10 7 12 1 1 1 10 12 1 7 1 7 1 10 12 1 9 12 1 1 9 12 1 1 10 12 1 1 8 10 12 1 1 8 8 8 8 7 10 12 1 1 10 12 1 100 1 8 1 10 7 1 7 1 7 1 1 1 5 0 1 1 3 1 3 1 1 1 1 3 1 3 1 3 1 1 1 1 1 3 1 3 1 3 1 1 1 1 1 1 1 1 1 1 1 1 1 1 1 1 1 1 1 1 1 1 1 1 1 100 1 1 1 1 1 1 1 1 1 1 1 1 1 1 1 1 1 1 1 1 1 1 1 1 1 1 1 1 1 1 1 1 1 1 1 1 1 1 1 1 1 1 1 1 1 1 1 1 1 1 1 1 1 1 1 1 1 1 1 1 1 1 1 1 1 1 1 1 1 1 1 1 1 1 1 1 1 1 1 1 1 1 1 1 100 1 1 1 1 1 1 1 1 1 1 1 7 1 1 1 1 1 1 1 1 1 1 1 1 1 1 1 1 1 1 1 1 1 1 1 1 1 1 1 1 1 1 1 1 1 1 1 1 1 1 1 1 1 1 1 1 1 1 1 1 1 1 1 1 1 1 1 1 1 1 1 1 1 1 1 1 1 1 1 1 1 1 1 1 1 1 1 1 1 1 1 1 1 1 1 1 1 1 1 1 1 1 1 1 1 1 1 1 1 1 1 1 1 1 1 1 1 1 1 1 1 1 1 1 1 1 1 1 1 1 1 1 1 1 1 1 1 1 1 1 1 1 1 1 1 1 1 1 1 1 1 1 1 1 1 1 1 1 1 1 1 1 1 1 1 1 1 1 1 1 1 1 1 1 1 1 1 1 1 1 1 1 1 1 1 1 1 1 1 1 1 1 1 1 1 1 1 1 1 1 1 1 1 1 1 1 1 1 1 1 1 1 1 1 1 1 1 1 1 1 1 1 1 1 1 1 1 1 1 1 1 1 1 1 1 100 1 100 1 100 1 100 1 100 1 100 1 100 1 100 1 100 1 1 1 1 1 1 1 1 1 1 1 1 1 1 1 1 1 1 1 1 1 1 1 1 1 1 1 1 1 1 1 1 1 1 1 1 1 1 1 1 1 1 1 1 1 1 1 1 1 1 1 1 1 1 1 1 1 1
staticfield java/util/concurrent/ConcurrentHashMap NCPU I 12
staticfield java/util/concurrent/ConcurrentHashMap serialPersistentFields [Ljava/io/ObjectStreamField; 3 [Ljava/io/ObjectStreamField;
staticfield java/util/concurrent/ConcurrentHashMap U Ljdk/internal/misc/Unsafe; jdk/internal/misc/Unsafe
staticfield java/util/concurrent/ConcurrentHashMap SIZECTL J 20
staticfield java/util/concurrent/ConcurrentHashMap TRANSFERINDEX J 32
staticfield java/util/concurrent/ConcurrentHashMap BASECOUNT J 24
staticfield java/util/concurrent/ConcurrentHashMap CELLSBUSY J 36
staticfield java/util/concurrent/ConcurrentHashMap CELLVALUE J 144
staticfield java/util/concurrent/ConcurrentHashMap ABASE I 16
staticfield java/util/concurrent/ConcurrentHashMap ASHIFT I 2
instanceKlass java/util/Collections$SingletonMap
instanceKlass javafx/collections/FXCollections$EmptyObservableMap
instanceKlass java/util/TreeMap
instanceKlass java/util/stream/Collectors$Partition
instanceKlass java/util/IdentityHashMap
instanceKlass java/util/EnumMap
instanceKlass java/util/WeakHashMap
instanceKlass java/util/Collections$EmptyMap
instanceKlass java/util/HashMap
instanceKlass sun/util/PreHashedMap
instanceKlass java/util/ImmutableCollections$AbstractImmutableMap
instanceKlass java/util/concurrent/ConcurrentHashMap
ciInstanceKlass java/util/AbstractMap 1 1 198 10 7 12 1 1 1 10 7 12 1 1 1 11 7 12 1 1 1 10 11 12 1 1 11 7 12 1 1 1 11 12 1 1 7 1 11 12 1 10 12 1 1 11 12 1 100 1 10 11 12 1 11 7 1 10 12 1 1 11 12 1 9 12 1 1 100 1 10 12 1 9 12 1 1 100 1 10 11 11 12 1 1 11 12 1 7 1 100 1 11 12 1 8 1 7 1 10 10 12 1 1 8 1 10 12 1 10 12 1 1 10 12 1 1 1 1 1 1 1 1 1 1 1 1 1 1 1 1 1 1 1 1 1 1 1 1 1 1 1 1 1 1 1 1 1 1 1 1 1 1 1 1 7 1 1 1 1 1 1 1 7 1 1 1 1 1 1 1 1 1 100 1 1 1 1 1 1 1 1 1 100 1 100 1 100 1 100 1 100 1 1 1 1 1 1 1 1
ciInstanceKlass java/util/concurrent/ConcurrentMap 1 1 208 11 7 12 1 1 1 10 100 12 1 1 11 12 1 1 11 100 12 1 1 1 11 7 12 1 1 1 11 12 1 1 100 1 11 12 1 11 12 1 100 1 11 100 12 1 1 1 18 12 1 11 12 1 1 11 100 12 1 1 11 12 1 1 11 100 12 1 11 12 1 1 11 12 1 1 7 1 7 1 1 1 1 1 1 1 1 1 1 1 1 1 1 1 1 1 1 1 1 1 1 1 1 1 1 1 1 1 1 1 1 1 1 1 1 1 1 1 1 1 1 1 1 1 1 1 1 1 1 1 1 1 1 1 1 1 1 1 1 16 15 11 12 15 10 100 12 1 1 1 1 1 100 1 100 1 1 1 100 1 8 1 1 12 10 1 1 1 8 1 1 1 8 1 1 8 1 1 1 8 1 1 1 8 1 1 1 8 1 1 1 8 1 1 1 8 1 1 1 8 1 1 1 8 1 1 8 1
ciInstanceKlass jdk/internal/loader/ClassLoaders 1 1 183 10 7 12 1 1 1 10 7 12 1 1 1 10 12 1 1 10 100 12 1 1 1 9 7 12 1 1 1 9 12 1 1 9 12 1 1 7 1 11 100 12 1 1 1 100 1 11 12 1 1 11 12 1 1 10 100 12 1 1 1 10 100 12 1 1 1 100 1 100 1 10 7 12 1 1 1 9 12 1 1 10 12 1 1 7 1 10 12 1 1 10 12 1 7 1 8 1 10 7 12 1 1 1 10 12 1 1 7 1 10 12 1 10 12 1 10 12 1 8 1 10 7 12 1 1 8 1 8 1 10 12 1 7 1 10 12 1 10 12 1 10 12 1 1 1 1 1 1 1 1 1 1 1 1 1 1 1 1 1 1 1 1 7 1 1 1 1 1 1 1 1 1 1 1 1 1 1 1 1 1 1 1
staticfield jdk/internal/loader/ClassLoaders JLA Ljdk/internal/access/JavaLangAccess; java/lang/System$2
staticfield jdk/internal/loader/ClassLoaders BOOT_LOADER Ljdk/internal/loader/ClassLoaders$BootClassLoader; jdk/internal/loader/ClassLoaders$BootClassLoader
staticfield jdk/internal/loader/ClassLoaders PLATFORM_LOADER Ljdk/internal/loader/ClassLoaders$PlatformClassLoader; jdk/internal/loader/ClassLoaders$PlatformClassLoader
staticfield jdk/internal/loader/ClassLoaders APP_LOADER Ljdk/internal/loader/ClassLoaders$AppClassLoader; jdk/internal/loader/ClassLoaders$AppClassLoader
instanceKlass jdk/internal/loader/ClassLoaders$BootClassLoader
instanceKlass jdk/internal/loader/ClassLoaders$PlatformClassLoader
instanceKlass jdk/internal/loader/ClassLoaders$AppClassLoader
ciInstanceKlass jdk/internal/loader/BuiltinClassLoader 1 1 737 9 7 12 1 1 1 10 7 12 1 1 1 10 7 12 1 1 1 9 12 1 1 9 12 1 1 7 1 10 12 1 9 12 1 10 12 1 9 12 1 10 7 12 1 1 1 10 7 12 1 1 1 10 7 12 1 1 1 11 7 12 1 1 1 7 1 7 1 10 10 12 1 1 8 1 10 12 1 10 12 7 1 10 12 1 10 12 1 1 11 7 12 1 1 1 11 7 12 1 1 1 11 12 1 1 7 1 8 1 8 1 10 9 12 1 1 10 7 12 1 1 11 12 1 1 10 12 1 1 10 12 1 1 10 12 1 1 10 7 12 1 1 1 10 12 1 10 7 12 1 1 1 10 12 1 1 11 7 12 1 1 1 10 7 12 1 1 7 1 10 7 12 1 1 1 10 12 1 100 1 8 1 10 12 1 1 10 8 1 10 12 1 1 10 12 1 1 10 12 1 1 11 7 12 1 1 11 12 1 7 1 10 11 12 1 1 11 10 12 1 1 7 1 10 12 1 10 7 12 1 10 12 1 7 1 10 12 1 10 7 12 1 1 1 100 1 10 12 1 1 11 12 1 7 1 100 1 10 12 1 10 12 1 1 100 1 100 1 10 12 1 10 12 1 18 12 1 1 10 12 1 10 12 1 1 18 100 1 10 7 12 1 1 1 7 1 10 10 12 1 1 10 12 1 1 10 12 1 1 10 12 1 9 12 1 1 100 1 10 10 12 1 1 10 12 1 1 10 12 1 10 12 10 12 1 1 10 12 1 1 10 12 1 1 10 12 1 10 12 1 1 18 12 1 7 1 10 12 1 1 10 12 1 10 12 1 1 10 12 1 100 1 10 12 1 7 1 10 12 1 10 100 12 1 1 1 10 12 1 11 12 1 7 1 10 12 1 7 1 100 1 10 12 1 10 12 1 11 12 1 1 10 12 1 1 10 12 1 1 10 12 1 1 10 12 1 1 10 12 1 10 12 1 10 12 1 10 12 1 8 1 10 12 1 1 10 100 12 1 1 10 12 1 100 1 8 1 8 1 10 10 12 1 8 1 8 1 10 100 12 1 1 1 11 100 12 1 1 1 9 100 12 1 1 1 10 100 12 1 1 1 9 12 1 9 12 1 9 12 1 9 12 1 9 12 1 9 12 1 10 7 12 1 1 1 8 1 10 12 1 7 1 10 12 1 1 10 12 1 7 1 10 11 12 1 1 10 12 10 12 1 10 12 1 100 1 10 12 1 10 12 1 10 10 12 1 10 7 12 1 1 8 1 10 7 12 1 1 10 12 1 1 1 1 1 1 1 1 1 1 1 1 1 1 1 1 1 1 1 1 1 1 1 1 1 1 1 1 1 1 1 1 1 1 1 1 1 1 1 1 1 1 1 1 1 1 1 1 1 1 1 1 1 1 1 1 7 1 1 1 1 1 1 1 1 1 1 1 1 1 1 1 1 1 1 7 1 7 1 1 1 1 1 1 1 1 1 1 1 1 1 1 1 1 1 1 1 1 1 1 1 1 1 1 1 1 1 1 1 1 1 1 1 1 1 1 1 1 1 1 1 1 1 1 1 1 1 1 1 100 1 1 16 15 10 12 16 15 10 12 16 15 10 12 16 1 15 10 100 12 1 1 1 1 1 100 1 1 1 1 1 100 1 100 1 1
staticfield jdk/internal/loader/BuiltinClassLoader packageToModule Ljava/util/Map; java/util/concurrent/ConcurrentHashMap
staticfield jdk/internal/loader/BuiltinClassLoader $assertionsDisabled Z 1
ciInstanceKlass jdk/internal/loader/ClassLoaders$AppClassLoader 1 1 119 8 1 10 7 12 1 1 1 10 7 12 1 1 1 10 7 12 1 1 1 10 12 1 1 10 7 12 1 1 1 10 12 1 1 10 12 1 1 7 1 8 1 10 12 10 7 12 1 1 1 10 7 12 1 1 10 12 1 1 10 12 1 1 10 7 12 1 1 1 7 1 10 12 1 1 1 1 1 1 1 1 1 1 1 1 1 1 1 1 1 1 1 1 1 7 1 1 1 1 1 1 1 1 1 1 1 1 1 1 1 1 1 1 1 7 1 1 1
ciInstanceKlass jdk/internal/loader/ClassLoaders$PlatformClassLoader 1 1 42 8 1 10 7 12 1 1 1 10 7 12 1 1 1 7 1 10 12 1 7 1 1 1 1 1 1 1 1 1 1 1 1 1 1 7 1 1 1 100 1 1
ciInstanceKlass java/lang/ArithmeticException 1 1 26 10 100 12 1 1 1 10 12 1 100 1 1 1 1 5 0 1 1 1 1 1 1 1 1 1
ciInstanceKlass java/lang/ArrayStoreException 1 1 26 10 100 12 1 1 1 10 12 1 100 1 1 1 1 5 0 1 1 1 1 1 1 1 1 1
ciInstanceKlass java/lang/ClassCastException 1 1 26 10 100 12 1 1 1 10 12 1 100 1 1 1 1 5 0 1 1 1 1 1 1 1 1 1
ciInstanceKlass java/lang/ClassNotFoundException 1 1 96 7 1 10 7 12 1 1 1 10 12 1 10 12 1 1 10 100 12 1 1 1 8 1 10 100 12 1 1 1 10 7 12 1 1 10 100 12 1 1 1 10 100 12 1 1 1 10 12 1 1 7 1 10 12 1 9 12 1 1 1 1 1 5 0 1 1 1 1 1 1 1 1 1 1 1 1 1 1 1 1 1 1 100 1 1 1 1 1 1 1 1 1 1 1 1
staticfield java/lang/ClassNotFoundException serialPersistentFields [Ljava/io/ObjectStreamField; 1 [Ljava/io/ObjectStreamField;
instanceKlass java/nio/charset/UnsupportedCharsetException
instanceKlass java/nio/charset/IllegalCharsetNameException
instanceKlass java/lang/NumberFormatException
ciInstanceKlass java/lang/IllegalArgumentException 1 1 35 10 7 12 1 1 1 10 12 1 10 12 1 10 12 1 100 1 1 1 1 5 0 1 1 1 1 1 1 1 1 1 1 1 1
ciMethod java/lang/IllegalArgumentException <init> (Ljava/lang/String;)V 0 0 1 0 -1
ciInstanceKlass java/lang/IllegalMonitorStateException 1 1 26 10 100 12 1 1 1 10 12 1 100 1 1 1 1 5 0 1 1 1 1 1 1 1 1 1
ciMethod java/lang/IllegalMonitorStateException <init> ()V 0 0 1 0 -1
ciInstanceKlass java/lang/BootstrapMethodError 0 0 45 10 100 12 1 1 1 10 12 1 10 12 1 10 100 12 1 1 1 10 100 12 1 1 1 1 1 1 5 0 1 1 1 1 1 1 1 1 1 1 1 100 1 1 1
instanceKlass java/lang/UnsatisfiedLinkError
instanceKlass java/lang/IncompatibleClassChangeError
instanceKlass java/lang/BootstrapMethodError
instanceKlass java/lang/NoClassDefFoundError
ciInstanceKlass java/lang/LinkageError 1 1 31 10 7 12 1 1 1 10 12 1 10 12 1 100 1 1 1 1 5 0 1 1 1 1 1 1 1 1 1 1 1
ciInstanceKlass java/lang/NullPointerException 1 1 52 10 7 12 1 1 1 10 12 1 9 7 12 1 1 1 10 12 1 1 9 12 1 1 10 12 1 1 10 12 1 1 1 1 5 0 1 1 1 1 1 1 1 1 100 1 100 1 100 1 1 1
ciInstanceKlass java/lang/NoClassDefFoundError 0 0 26 10 100 12 1 1 1 10 12 1 100 1 1 1 1 5 0 1 1 1 1 1 1 1 1 1
ciInstanceKlass java/lang/StackOverflowError 1 1 26 10 100 12 1 1 1 10 12 1 100 1 1 1 1 5 0 1 1 1 1 1 1 1 1 1
ciInstanceKlass java/lang/StackTraceElement 1 1 235 10 7 12 1 1 1 10 7 12 1 1 9 12 1 1 9 12 1 1 9 12 1 9 12 1 8 1 10 100 12 1 1 1 7 1 9 12 1 8 1 9 12 1 9 12 1 9 12 1 1 10 12 1 1 10 12 1 8 1 10 100 12 1 1 1 7 1 10 12 1 10 12 1 1 10 12 1 10 12 1 1 10 12 1 10 12 1 10 10 12 1 8 1 10 12 1 10 12 1 1 10 12 1 1 10 12 1 10 12 1 10 12 1 9 12 1 1 10 7 12 1 1 1 10 12 1 1 7 1 10 12 1 1 10 7 12 1 1 10 7 12 1 1 1 10 7 12 1 1 10 7 12 1 1 10 10 12 1 1 10 12 1 1 10 12 1 1 10 12 1 7 1 1 1 1 1 1 1 3 1 3 1 1 5 0 1 1 1 1 1 1 1 1 1 1 1 1 1 1 1 1 1 1 1 1 1 1 1 1 1 1 1 1 1 7 1 7 1 1 1 1 1 1 1 100 1 1 1 1 1 1 1 1 1
instanceKlass java/util/concurrent/locks/AbstractQueuedSynchronizer
ciInstanceKlass java/util/concurrent/locks/AbstractOwnableSynchronizer 1 1 32 10 7 12 1 1 1 9 7 12 1 1 1 100 1 1 1 1 5 0 1 1 1 1 1 1 1 1 1 1 1 1
ciMethod java/util/concurrent/locks/AbstractOwnableSynchronizer setExclusiveOwnerThread (Ljava/lang/Thread;)V 328 0 164 0 0
ciMethod java/util/concurrent/locks/AbstractOwnableSynchronizer getExclusiveOwnerThread ()Ljava/lang/Thread; 256 0 128 0 0
ciInstanceKlass java/lang/StringCoding 1 1 49 10 100 12 1 1 1 10 7 12 1 1 1 10 100 12 1 1 1 1 1 1 1 1 1 1 1 1 1 1 1 1 1 1 1 1 1 1 1 1 1 1 1 1 1 1 1 1 1
ciMethod java/lang/StringCoding implEncodeAsciiArray ([CI[BII)I 742 8192 2360 0 -1
ciInstanceKlass jdk/internal/vm/Continuation 0 0 549 9 100 12 1 1 1 9 12 1 9 12 1 100 1 7 1 10 12 1 1 8 1 10 12 1 1 10 12 1 10 12 1 1 10 12 1 9 7 12 1 1 1 11 100 12 1 1 1 10 7 1 9 12 1 1 9 12 1 1 10 8 1 10 12 1 9 12 1 1 10 11 12 1 1 100 1 10 100 12 1 1 1 10 12 1 1 10 12 1 10 12 1 1 11 12 1 1 9 12 1 1 10 12 1 1 18 12 1 1 10 7 12 1 1 1 100 1 10 12 1 11 100 12 1 1 1 10 12 1 9 12 1 10 12 1 1 100 1 8 1 10 12 1 10 12 1 1 9 12 1 1 11 12 1 1 9 12 1 1 8 1 10 11 12 1 1 11 12 1 1 10 12 1 1 10 12 1 1 9 12 1 10 12 1 10 10 12 1 8 1 10 12 1 8 1 8 1 10 7 12 1 1 1 10 7 12 1 1 1 10 12 1 9 12 1 11 12 1 7 1 10 12 1 10 12 1 1 9 12 1 1 7 1 10 12 1 1 9 12 1 1 10 12 1 10 12 1 11 7 12 1 1 10 7 1 10 12 1 8 1 9 12 1 10 12 1 1 9 12 1 1 10 7 12 1 1 8 1 8 1 8 1 8 1 10 12 1 1 10 12 1 10 12 1 10 12 1 10 12 1 1 10 12 1 1 8 1 10 12 1 1 9 12 1 1 10 12 1 1 9 12 1 8 1 10 7 12 1 1 1 10 12 1 8 1 100 1 8 1 10 9 12 1 1 8 1 10 7 12 1 1 10 100 12 1 1 8 1 8 1 10 12 10 100 12 1 1 1 10 7 1 10 7 12 1 1 1 18 11 100 12 1 1 1 18 12 1 11 12 1 1 7 1 10 7 12 1 1 10 12 1 1 8 10 12 1 1 10 100 12 1 1 1 10 100 12 1 1 10 12 1 8 1 10 12 1 7 1 7 1 10 12 1 1 1 1 1 1 1 1 1 1 1 1 1 1 1 1 1 1 1 1 1 1 1 1 1 1 1 1 1 1 1 1 1 1 1 1 1 1 1 1 1 1 1 1 1 1 1 1 1 1 1 1 1 1 1 1 1 1 1 1 1 1 1 1 1 1 1 1 1 1 1 1 1 1 1 100 1 1 16 1 15 10 12 16 15 11 7 12 1 1 1 16 1 16 1 15 10 12 16 15 10 100 12 1 1 1 1 1 1 1 1 100 1 100 1 1
ciInstanceKlass jdk/internal/misc/UnsafeConstants 1 1 34 10 100 12 1 1 1 9 7 12 1 1 1 9 12 1 9 12 1 1 9 12 1 9 12 1 1 1 1 1 1 1 1 1
staticfield jdk/internal/misc/UnsafeConstants ADDRESS_SIZE0 I 8
staticfield jdk/internal/misc/UnsafeConstants PAGE_SIZE I 4096
staticfield jdk/internal/misc/UnsafeConstants BIG_ENDIAN Z 0
staticfield jdk/internal/misc/UnsafeConstants UNALIGNED_ACCESS Z 1
staticfield jdk/internal/misc/UnsafeConstants DATA_CACHE_LINE_FLUSH_SIZE I 0
ciInstanceKlass java/lang/invoke/LambdaForm 1 1 1060 7 1 100 1 10 7 12 1 1 1 9 12 1 1 9 12 1 9 12 1 9 12 1 1 9 12 1 1 9 12 1 1 9 12 1 1 9 12 1 1 9 12 1 10 7 12 1 1 9 12 1 10 12 1 1 100 1 10 10 12 1 1 10 12 1 10 12 1 10 12 1 1 10 12 1 9 12 1 9 12 1 10 12 1 1 10 7 12 1 1 1 10 12 1 1 9 100 12 1 1 1 10 12 1 1 9 7 12 1 1 10 12 1 10 12 1 1 10 12 1 1 10 12 1 1 7 1 10 7 12 1 1 1 10 12 1 1 10 12 1 10 12 1 1 9 12 1 1 9 12 1 9 12 1 1 10 12 1 9 12 1 10 100 12 1 1 1 10 12 1 1 7 1 10 12 1 9 12 1 1 10 7 12 1 1 1 10 12 1 10 12 1 7 1 10 12 1 10 12 1 10 12 1 1 10 12 1 1 10 12 1 10 12 1 10 12 1 10 12 1 1 8 1 10 12 1 10 12 1 10 10 12 1 8 1 8 1 9 12 1 9 12 1 1 10 12 1 1 10 12 1 9 12 1 10 12 1 1 10 7 12 1 1 1 10 12 1 1 10 12 1 10 12 1 10 100 12 1 1 1 9 12 1 10 12 1 8 1 8 1 8 1 8 1 8 1 8 1 8 1 8 1 10 12 1 9 12 1 7 1 10 12 1 1 9 12 1 10 12 1 10 12 1 1 10 12 10 12 1 10 12 1 1 10 12 1 1 10 10 12 1 1 10 12 1 1 7 1 8 1 10 12 1 1 10 12 1 10 12 1 1 10 8 1 10 12 1 1 8 1 8 1 8 1 10 12 1 10 12 1 10 12 1 1 100 1 10 12 1 1 10 12 1 1 10 7 12 1 1 1 10 12 1 1 9 12 1 1 8 1 10 100 12 1 1 1 10 7 12 1 1 10 12 10 12 1 1 10 12 1 1 9 12 1 8 10 12 1 1 100 1 10 12 1 1 10 12 1 9 7 12 1 1 9 7 12 1 1 1 8 1 10 100 12 1 1 10 12 1 1 7 1 7 1 10 10 12 1 1 10 12 1 1 8 1 8 1 7 1 8 1 10 12 10 12 1 10 12 1 10 12 1 1 8 1 8 1 10 12 1 10 12 1 1 8 1 8 1 8 1 7 1 8 1 7 1 8 1 7 1 8 1 10 12 1 8 1 9 10 7 12 1 1 1 10 12 1 9 12 1 1 10 12 1 10 10 12 1 10 12 1 10 12 1 10 12 1 1 10 12 1 10 12 1 1 10 12 1 1 10 12 1 1 10 12 1 1 8 1 100 10 12 1 10 12 1 9 12 1 1 10 7 12 1 1 8 1 8 1 7 1 8 1 8 1 8 1 8 1 8 1 8 1 8 1 8 1 10 12 1 1 10 12 1 1 10 12 1 10 12 1 10 12 1 10 12 1 8 1 8 1 8 1 10 12 1 8 1 10 12 1 8 1 8 1 8 1 8 1 8 1 10 12 1 10 12 1 10 12 1 1 10 7 12 1 1 1 10 12 1 10 12 1 10 12 1 10 12 1 10 12 1 10 12 1 10 12 1 9 12 1 1 8 1 10 12 1 1 9 12 1 1 10 12 1 1 9 12 1 9 12 1 1 9 12 1 9 12 1 1 7 1 10 7 12 1 1 1 9 12 1 10 12 1 10 12 1 8 1 10 12 1 9 12 1 1 7 1 10 7 12 1 1 1 8 1 100 1 10 12 1 9 12 1 9 12 1 10 12 1 10 12 1 10 7 12 1 1 1 10 12 1 9 7 12 1 1 10 12 1 1 10 12 1 10 12 1 10 12 1 9 12 10 12 1 10 10 12 1 9 12 1 9 9 12 1 7 9 12 1 1 10 12 1 1 9 12 1 10 12 1 10 7 1 9 1 1 1 1 3 1 3 1 1 3 1 3 1 1 1 1 1 1 1 1 1 1 1 1 1 1 1 1 1 1 1 1 1 1 1 1 1 1 1 1 1 1 1 1 1 1 1 1 1 1 1 1 1 1 1 1 1 1 1 1 1 1 1 100 1 1 1 1 1 1 1 1 1 1 1 1 1 1 1 1 1 1 1 1 1 1 1 1 1 1 1 1 1 1 1 1 1 1 1 1 1 1 1 1 1 1 1 1 1 1 1 1 1 1 1 1 1 1 1 1 1 1 1 1 1 1 1 100 1 1 1 1 1 1 1 1 1 1 1 1 1 1 1 1 1 1 1 1 1 1 1 1 1 1 1 1 1 1 1 1 1 1 7 1 1 1 1 1 1 1 1 1 1 1 1 1 1 1 1 1 1 1 1 1 1 100 1 1 1 100 1 1 7 1 1 1 1 1 1 1 1 1 1 1
staticfield java/lang/invoke/LambdaForm DEFAULT_CUSTOMIZED Ljava/lang/invoke/MethodHandle; null
staticfield java/lang/invoke/LambdaForm DEFAULT_KIND Ljava/lang/invoke/LambdaForm$Kind; java/lang/invoke/LambdaForm$Kind
staticfield java/lang/invoke/LambdaForm COMPILE_THRESHOLD I 0
staticfield java/lang/invoke/LambdaForm INTERNED_ARGUMENTS [[Ljava/lang/invoke/LambdaForm$Name; 5 [[Ljava/lang/invoke/LambdaForm$Name;
staticfield java/lang/invoke/LambdaForm IMPL_NAMES Ljava/lang/invoke/MemberName$Factory; java/lang/invoke/MemberName$Factory
staticfield java/lang/invoke/LambdaForm LF_identity [Ljava/lang/invoke/LambdaForm; 6 [Ljava/lang/invoke/LambdaForm;
staticfield java/lang/invoke/LambdaForm LF_zero [Ljava/lang/invoke/LambdaForm; 6 [Ljava/lang/invoke/LambdaForm;
staticfield java/lang/invoke/LambdaForm NF_identity [Ljava/lang/invoke/LambdaForm$NamedFunction; 6 [Ljava/lang/invoke/LambdaForm$NamedFunction;
staticfield java/lang/invoke/LambdaForm NF_zero [Ljava/lang/invoke/LambdaForm$NamedFunction; 6 [Ljava/lang/invoke/LambdaForm$NamedFunction;
staticfield java/lang/invoke/LambdaForm createFormsLock Ljava/lang/Object; java/lang/Object
staticfield java/lang/invoke/LambdaForm DEBUG_NAME_COUNTERS Ljava/util/HashMap; null
staticfield java/lang/invoke/LambdaForm DEBUG_NAMES Ljava/util/HashMap; null
staticfield java/lang/invoke/LambdaForm TRACE_INTERPRETER Z 0
staticfield java/lang/invoke/LambdaForm $assertionsDisabled Z 1
ciInstanceKlass java/lang/invoke/MemberName 1 1 729 7 1 7 1 100 1 9 12 1 1 10 7 12 1 1 1 9 12 1 1 10 12 1 1 10 12 1 1 10 12 1 1 10 12 1 10 12 1 1 10 7 12 1 1 1 10 12 1 9 7 12 1 1 10 12 1 7 1 7 1 10 12 1 8 1 10 12 1 1 10 12 1 10 12 1 1 10 12 1 9 12 1 1 8 1 10 100 12 1 1 1 7 1 10 10 12 1 1 100 1 100 1 10 12 1 9 12 1 1 100 1 8 1 10 12 1 10 12 1 10 12 1 10 12 1 10 12 1 1 10 12 1 10 12 1 10 12 1 1 8 1 8 1 10 12 1 8 1 9 12 1 1 3 10 12 1 10 12 1 10 12 1 10 10 7 12 1 1 1 10 12 1 10 12 1 10 12 1 10 12 1 7 1 8 10 12 1 1 10 12 1 1 8 1 9 7 1 8 9 7 1 10 12 1 1 10 12 1 10 12 1 8 1 10 12 1 1 10 12 1 10 12 1 10 12 1 10 12 1 1 7 1 10 12 1 1 10 12 1 8 1 10 12 1 10 12 1 8 1 10 12 1 1 10 12 1 1 7 1 10 12 1 1 10 12 8 1 8 1 7 1 10 12 1 10 100 12 1 1 1 100 1 10 12 10 12 1 10 12 1 10 12 1 10 12 1 10 10 12 1 10 12 1 10 12 1 3 10 12 1 3 10 12 1 3 3 3 3 3 3 10 12 1 3 9 12 1 10 12 1 1 3 10 12 1 10 10 7 12 1 1 1 10 12 1 1 10 7 12 1 1 10 10 12 1 10 12 1 1 10 12 1 10 10 12 1 1 10 12 1 10 12 1 10 12 1 7 1 10 10 10 12 100 1 10 10 10 12 1 1 10 12 1 1 10 10 12 1 8 10 7 1 10 12 1 10 7 1 10 12 1 10 12 1 10 12 1 10 10 12 1 10 12 1 1 10 12 1 1 10 12 1 10 12 1 10 12 1 100 1 10 12 1 1 100 1 8 1 10 7 1 10 12 1 10 12 10 12 1 1 10 12 1 10 12 1 8 1 8 1 8 1 8 1 10 12 1 10 12 1 10 7 12 1 1 1 8 1 8 1 10 12 1 8 1 10 10 10 12 1 10 12 1 8 1 8 1 10 10 12 1 8 1 10 100 12 1 1 1 8 1 100 1 10 12 1 10 12 1 1 10 12 1 8 1 8 1 8 1 8 1 100 1 10 8 1 8 1 8 1 8 1 10 12 1 100 1 100 1 100 1 10 100 1 10 7 1 10 7 12 1 1 1 9 7 12 1 1 1 7 1 7 1 1 1 1 1 1 1 3 1 3 1 3 1 3 1 3 1 3 1 1 1 1 1 1 1 1 3 1 3 1 1 1 1 1 1 1 1 1 1 1 1 1 1 1 1 1 1 1 1 1 1 1 1 1 1 1 1 1 1 1 1 1 1 1 1 1 1 1 1 1 1 1 1 1 1 1 1 1 1 1 1 1 1 1 1 1 1 1 1 1 1 1 1 1 1 1 1 1 1 1 1 1 1 1 1 1 1 1 1 1 1 1 1 1 1 1 1 1 1 1 1 1 1 1 1 1 1 1 1 7 1 1 1 1 1 1 1 1 1 1 1 1 1 1 1 1
staticfield java/lang/invoke/MemberName $assertionsDisabled Z 1
instanceKlass java/lang/invoke/VarHandleBooleans$FieldInstanceReadOnly
instanceKlass java/lang/invoke/VarHandleReferences$FieldInstanceReadOnly
instanceKlass java/lang/invoke/VarHandleInts$FieldInstanceReadOnly
instanceKlass java/lang/invoke/VarHandleByteArrayAsDoubles$ByteArrayViewVarHandle
instanceKlass java/lang/invoke/VarHandleByteArrayAsLongs$ByteArrayViewVarHandle
instanceKlass java/lang/invoke/VarHandleByteArrayAsFloats$ByteArrayViewVarHandle
instanceKlass java/lang/invoke/VarHandleByteArrayAsInts$ByteArrayViewVarHandle
instanceKlass java/lang/invoke/VarHandleByteArrayAsChars$ByteArrayViewVarHandle
instanceKlass java/lang/invoke/VarHandleByteArrayAsShorts$ByteArrayViewVarHandle
ciInstanceKlass java/lang/invoke/VarHandle 1 1 474 10 7 12 1 1 1 10 7 12 1 1 9 12 1 1 9 12 1 1 10 12 1 1 8 1 10 12 1 1 10 7 12 1 1 1 10 12 1 1 10 7 12 1 1 1 9 100 12 1 1 1 10 12 1 1 10 7 12 1 1 1 10 12 1 1 9 12 1 10 12 1 9 12 1 1 10 100 12 1 1 10 12 1 9 100 12 1 1 1 9 12 1 1 10 12 1 1 100 1 7 1 10 8 1 10 12 1 1 10 12 1 8 1 10 12 1 10 12 1 9 12 1 1 9 12 1 10 12 1 10 12 1 1 10 12 1 10 10 100 12 1 1 1 10 12 1 1 10 12 1 1 10 7 12 1 1 1 10 100 12 1 1 1 10 100 12 1 1 1 9 12 1 1 9 10 12 1 10 12 1 1 10 12 1 1 10 12 1 10 7 12 1 1 1 9 12 1 1 10 12 1 1 9 12 1 10 12 1 10 12 1 10 7 12 1 1 100 1 10 9 7 12 1 1 1 9 12 1 1 10 7 12 1 1 1 10 12 1 10 12 1 10 12 1 10 12 1 10 12 1 10 12 1 1 8 10 12 1 1 7 1 10 12 1 1 7 1 1 1 1 1 1 1 1 1 1 1 1 1 1 1 1 1 1 1 1 1 1 1 1 1 1 1 1 1 1 1 1 1 1 1 1 1 1 1 1 1 1 1 1 1 1 1 1 1 1 1 1 1 1 1 1 1 1 1 1 1 1 1 1 1 100 1 1 1 1 1 1 1 1 100 1 1 1 1 1 1 1 1 1 1 1 1 100 1 100 1 1 100 1 100 1 100 1 100 1 100 1 100 1 100 1 100 1 100 1 100 1 100 1 100 1 100 1 100 1 100 1 100 1 100 1 100 1 100 1 100 1 100 1 100 1 100 1 100 1 100 1 100 1 100 1 100 1 100 1 100 1 100 1 100 1 100 1 100 1 100 1 100 1 1 1 1 1 1 100 1 1 1 100 1 1 100 1 100 1 100 1 100 1 100 1 100 1 1 1 1 100 1 100 1 100 1 100 1 100 1 100 1 100 1 100 1
staticfield java/lang/invoke/VarHandle VFORM_OFFSET J 16
staticfield java/lang/invoke/VarHandle $assertionsDisabled Z 1
instanceKlass jdk/internal/reflect/DirectMethodHandleAccessor
ciInstanceKlass jdk/internal/reflect/MethodAccessorImpl 1 1 38 10 7 12 1 1 1 10 100 12 1 1 1 100 1 1 1 1 1 1 1 100 1 100 1 1 1 1 1 1 1 1 1 1 1 1 1 1
ciInstanceKlass jdk/internal/reflect/MethodAccessor 1 0 17 100 1 100 1 1 1 1 100 1 100 1 1 1 1 1 1
instanceKlass jdk/internal/reflect/FieldAccessorImpl
instanceKlass jdk/internal/reflect/ConstructorAccessorImpl
instanceKlass jdk/internal/reflect/MethodAccessorImpl
ciInstanceKlass jdk/internal/reflect/MagicAccessorImpl 1 1 16 10 7 12 1 1 1 100 1 1 1 1 1 1 1 1
ciInstanceKlass jdk/internal/reflect/DelegatingClassLoader 0 0 18 10 100 12 1 1 1 100 1 1 1 1 1 1 1 1 1 1
ciInstanceKlass jdk/internal/reflect/CallerSensitive 1 0 17 100 1 100 1 100 1 1 1 1 1 1 1 1 1 1 1
ciInstanceKlass jdk/internal/reflect/DirectConstructorHandleAccessor$NativeAccessor 1 1 44 10 7 12 1 1 1 9 7 12 1 1 1 10 12 1 1 1 1 1 1 1 1 1 1 1 1 1 1 1 1 1 100 1 100 1 1 1 1 1 100 1 1 1
ciInstanceKlass jdk/internal/reflect/ConstructorAccessor 1 0 16 100 1 100 1 1 1 1 100 1 100 1 100 1 1 1
instanceKlass jdk/internal/reflect/DirectConstructorHandleAccessor
instanceKlass jdk/internal/reflect/SerializationConstructorAccessorImpl
instanceKlass jdk/internal/reflect/DirectConstructorHandleAccessor$NativeAccessor
ciInstanceKlass jdk/internal/reflect/ConstructorAccessorImpl 1 1 27 10 7 12 1 1 1 100 1 100 1 1 1 1 1 1 1 1 1 100 1 100 1 100 1 1 1
ciInstanceKlass jdk/internal/reflect/SerializationConstructorAccessorImpl 0 0 16 10 100 12 1 1 1 100 1 1 1 1 1 1 1 1
ciInstanceKlass jdk/internal/reflect/ConstantPool 1 1 142 10 7 12 1 1 1 9 7 12 1 1 1 10 12 1 1 10 12 1 1 10 12 1 10 12 1 1 10 12 1 1 10 12 1 10 12 1 1 10 12 1 10 12 1 1 10 12 1 10 12 1 10 12 1 10 12 1 1 10 12 1 1 10 12 1 1 10 12 1 1 10 12 1 10 12 1 1 10 100 12 1 1 1 8 11 7 12 1 1 1 10 7 12 1 1 1 1 1 1 1 1 1 1 1 1 1 1 1 1 1 1 1 1 1 1 1 1 1 1 1 1 1 1 1 1 1 1 1 1 1 1 1 1 1 1 1 1 1 1 1 1
instanceKlass java/lang/invoke/VolatileCallSite
instanceKlass java/lang/invoke/MutableCallSite
instanceKlass java/lang/invoke/ConstantCallSite
ciInstanceKlass java/lang/invoke/CallSite 1 1 308 10 7 12 1 1 1 10 7 12 1 1 1 9 7 12 1 1 1 10 12 1 1 9 12 1 1 10 7 12 1 1 1 10 12 1 7 1 10 12 1 1 10 12 1 1 9 100 12 1 1 1 10 7 12 1 1 10 12 1 1 100 1 7 1 10 10 7 12 1 1 1 10 12 1 1 8 1 10 12 1 10 12 1 1 10 12 1 10 12 1 1 10 12 1 1 10 10 100 12 1 1 10 12 1 1 9 12 1 9 100 12 1 1 1 8 1 10 7 12 1 1 1 10 12 1 1 7 1 10 12 1 1 9 12 1 8 1 100 1 10 12 1 10 12 1 100 1 8 1 10 10 12 1 10 12 1 1 100 1 10 12 1 1 10 12 1 10 12 1 10 12 1 1 10 12 1 1 9 12 1 1 8 10 12 1 1 9 12 1 1 100 1 10 10 12 1 10 7 12 1 1 1 10 12 1 1 10 12 1 1 10 12 1 10 7 12 1 1 1 7 1 8 1 10 10 12 10 12 1 1 7 1 7 1 7 1 8 1 10 12 1 10 7 12 1 1 1 1 1 1 1 1 1 1 1 1 1 1 1 1 1 1 1 1 1 1 1 1 1 1 1 1 1 1 1 1 1 1 1 1 1 1 1 1 1 1 1 1 1 1 1 1 1 1 1 1 1 1 1 1 7 1 7 1 1 1 1
staticfield java/lang/invoke/CallSite $assertionsDisabled Z 1
ciInstanceKlass java/lang/invoke/ConstantCallSite 1 1 65 10 7 12 1 1 1 9 7 12 1 1 1 9 12 1 1 10 7 12 1 1 1 10 12 1 100 1 10 12 9 12 1 1 100 1 10 10 12 1 1 10 12 1 1 1 1 1 1 1 1 1 1 1 1 1 100 1 1 1 1 1 1 1 1
staticfield java/lang/invoke/ConstantCallSite UNSAFE Ljdk/internal/misc/Unsafe; jdk/internal/misc/Unsafe
instanceKlass java/lang/invoke/DirectMethodHandle$StaticAccessor
instanceKlass java/lang/invoke/DirectMethodHandle$Special
instanceKlass java/lang/invoke/DirectMethodHandle$Interface
instanceKlass java/lang/invoke/DirectMethodHandle$Constructor
instanceKlass java/lang/invoke/DirectMethodHandle$Accessor
ciInstanceKlass java/lang/invoke/DirectMethodHandle 1 1 923 7 1 7 1 100 1 7 1 7 1 10 7 12 1 1 1 10 7 12 1 1 1 7 1 10 12 1 10 12 1 1 10 7 12 1 1 10 12 1 1 10 12 1 10 12 1 7 1 10 12 1 1 10 12 1 1 10 12 1 10 12 1 1 10 7 12 1 1 1 10 12 1 9 12 1 1 100 1 10 9 12 1 1 9 12 1 10 12 1 10 12 1 10 12 1 1 10 12 1 10 12 1 10 12 1 10 7 12 1 1 1 10 12 1 10 12 1 1 8 1 10 12 1 1 7 1 10 12 1 7 1 10 10 12 1 10 12 1 10 12 1 10 7 12 1 1 1 10 12 1 1 7 1 10 12 1 10 12 1 7 1 10 12 1 10 12 1 1 10 12 1 1 10 12 8 10 7 12 1 1 1 10 12 1 10 12 1 10 12 1 1 10 12 1 9 7 12 1 1 1 7 1 10 12 1 10 7 12 1 1 1 10 12 1 10 12 1 1 9 12 1 1 7 1 10 8 1 10 12 1 1 10 12 1 1 8 1 10 12 1 10 12 1 10 10 12 1 10 12 1 10 12 1 10 12 1 10 12 1 1 10 12 1 10 12 1 1 10 12 1 10 12 1 1 10 10 7 12 1 1 1 10 12 1 10 12 1 1 10 12 1 10 12 1 1 8 1 9 7 12 1 1 1 8 1 9 12 1 9 12 1 8 1 9 12 1 9 12 1 8 1 9 12 1 9 12 1 8 1 10 12 1 10 12 1 1 9 12 1 1 7 1 10 12 1 1 7 1 10 7 12 1 1 1 10 12 1 1 10 12 1 10 12 1 1 7 1 10 12 1 1 10 12 1 10 12 1 1 7 1 10 12 1 1 10 12 1 10 7 12 1 1 1 10 12 1 10 12 1 1 10 12 1 9 12 1 1 10 7 1 9 12 9 12 1 10 7 12 1 1 1 10 12 1 7 1 7 1 7 1 9 12 1 1 10 7 12 1 1 1 10 12 10 12 1 100 1 10 12 1 10 12 1 1 8 1 9 12 1 9 12 1 10 12 1 1 9 12 1 1 10 100 12 1 1 1 9 12 1 1 9 12 1 1 10 12 1 10 12 1 10 12 1 10 12 1 1 10 12 1 9 12 1 10 12 1 10 12 1 10 12 1 10 12 1 1 10 12 1 1 9 12 1 1 10 12 1 1 9 7 12 1 1 1 9 12 1 9 12 1 9 12 1 9 12 1 9 12 1 9 12 1 9 12 1 9 12 1 9 12 1 9 12 1 9 12 1 9 12 1 9 12 1 9 12 1 9 12 1 9 12 1 9 12 1 9 12 1 9 12 1 9 12 1 9 12 1 9 12 1 9 12 1 9 12 1 9 12 1 9 12 1 9 12 1 9 12 1 9 12 1 9 12 1 9 12 1 9 12 1 9 12 1 9 12 1 9 12 1 9 12 1 8 1 9 12 1 1 9 12 1 1 10 12 1 10 12 1 1 9 7 1 10 12 1 9 12 1 1 10 12 10 12 1 10 12 1 10 12 1 10 12 1 10 8 1 8 1 8 1 8 1 10 12 1 1 9 12 1 1 10 12 1 10 100 12 1 1 1 8 9 12 1 1 10 12 1 1 8 1 8 8 9 12 1 8 1 8 8 8 8 8 1 8 10 12 1 7 1 10 12 1 8 1 8 1 10 12 1 10 12 1 10 12 1 10 12 1 1 7 1 1 1 1 3 1 3 1 3 1 3 1 3 1 3 1 3 1 3 1 3 1 3 1 1 1 1 1 1 1 1 1 1 3 1 3 1 1 1 1 3 1 1 1 1 1 1 1 1 1 1 1 1 1 1 1 1 1 1 1 1 1 1 1 1 1 1 1 1 1 1 1 1 1 1 1 1 1 1 1 1 1 1 1 1 1 1 1 1 1 1 1 1 1 1 1 1 1 1 100 1 1 1 1 1 1 1 1 1 100 1 1 1 1 1 1 1 1 1 1 1 1 1 1 1 1 1 1 1 1 1 1 1 1 1 1 1 1 1 1 1 1 1 1 1 1 1 1 1 1 1 1 1 1 1 1 1 1 1 1 1 1
staticfield java/lang/invoke/DirectMethodHandle IMPL_NAMES Ljava/lang/invoke/MemberName$Factory; java/lang/invoke/MemberName$Factory
staticfield java/lang/invoke/DirectMethodHandle FT_UNCHECKED_REF I 8
staticfield java/lang/invoke/DirectMethodHandle ACCESSOR_FORMS [Ljava/lang/invoke/LambdaForm; 132 [Ljava/lang/invoke/LambdaForm;
staticfield java/lang/invoke/DirectMethodHandle ALL_WRAPPERS [Lsun/invoke/util/Wrapper; 10 [Lsun/invoke/util/Wrapper;
staticfield java/lang/invoke/DirectMethodHandle NFS [Ljava/lang/invoke/LambdaForm$NamedFunction; 12 [Ljava/lang/invoke/LambdaForm$NamedFunction;
staticfield java/lang/invoke/DirectMethodHandle OBJ_OBJ_TYPE Ljava/lang/invoke/MethodType; java/lang/invoke/MethodType
staticfield java/lang/invoke/DirectMethodHandle LONG_OBJ_TYPE Ljava/lang/invoke/MethodType; java/lang/invoke/MethodType
staticfield java/lang/invoke/DirectMethodHandle $assertionsDisabled Z 1
ciMethod java/lang/invoke/DirectMethodHandle internalMemberName (Ljava/lang/Object;)Ljava/lang/Object; 520 0 6471 0 -1
ciInstanceKlass java/lang/invoke/MutableCallSite 0 0 63 10 100 12 1 1 1 10 12 1 9 100 12 1 1 1 10 12 1 10 12 1 1 9 12 1 1 10 100 12 1 1 1 10 100 12 1 1 1 10 12 1 1 1 1 1 1 1 1 1 1 1 1 1 1 1 1 1 1 100 1 1 1
ciInstanceKlass java/lang/invoke/VolatileCallSite 0 0 37 10 100 12 1 1 1 10 12 1 10 100 12 1 1 1 10 12 1 10 12 1 1 1 1 1 1 1 1 1 1 1 1 1 1 1 1
ciInstanceKlass java/lang/invoke/ResolvedMethodName 1 1 25 10 100 12 1 1 1 9 100 12 1 1 1 1 1 1 1 1 1 1 1 1 1 1 1
ciInstanceKlass java/lang/invoke/MethodHandleNatives 1 1 694 100 1 10 7 12 1 1 1 9 7 12 1 1 1 10 12 1 1 100 1 10 10 12 1 1 10 12 1 10 12 1 8 1 8 1 8 1 8 1 8 1 8 1 8 1 8 1 8 1 8 1 10 12 1 1 7 1 10 7 12 1 1 1 10 7 12 1 1 1 7 1 10 10 12 1 1 8 1 10 12 1 8 1 10 12 1 1 8 1 10 12 1 1 9 7 12 1 1 1 8 1 10 100 12 1 1 1 7 1 10 12 100 1 100 1 8 1 7 1 10 10 12 1 7 1 9 7 12 1 1 10 12 1 1 10 12 1 10 7 12 1 1 1 10 12 1 1 9 12 1 8 1 10 12 1 1 10 12 1 8 1 10 12 1 1 7 1 10 12 1 10 7 12 1 1 1 10 12 1 10 12 1 1 10 12 1 1 8 1 10 12 1 1 8 1 10 12 1 8 1 8 1 8 1 7 1 10 12 1 8 1 10 7 12 1 1 1 10 12 1 1 10 7 12 1 1 10 10 12 1 1 10 12 1 10 100 12 1 1 1 100 1 8 1 10 100 12 1 1 1 7 1 8 1 10 12 1 8 1 8 1 8 1 8 1 8 1 10 12 1 1 10 12 1 1 10 12 1 10 12 1 1 10 12 1 1 7 1 10 12 1 7 1 7 1 10 12 1 10 12 1 8 1 8 1 10 10 12 1 1 10 12 1 1 8 1 10 7 12 1 1 8 1 8 1 10 12 1 1 10 7 12 1 1 1 100 1 10 12 1 1 7 1 9 12 1 1 10 7 12 1 1 1 10 10 12 1 9 12 1 10 12 1 9 12 1 9 12 1 10 12 1 1 10 12 1 10 12 1 1 7 1 7 1 10 12 1 1 10 12 1 10 12 1 1 10 7 12 1 1 1 10 12 1 8 1 10 12 1 10 12 1 10 12 1 1 10 12 1 10 7 12 1 1 1 10 12 1 1 100 1 8 1 10 9 7 12 1 1 1 10 12 1 1 10 12 1 1 7 1 10 12 1 1 10 12 1 1 100 1 100 1 10 10 100 1 100 1 10 100 1 10 10 12 1 1 10 7 1 10 12 1 10 12 1 1 10 12 1 1 10 12 1 1 10 12 1 10 12 1 1 10 8 1 10 12 1 10 12 1 10 12 1 10 12 1 10 12 1 1 10 12 1 10 12 1 10 12 1 10 10 7 12 1 1 10 12 1 1 1 1 1 1 1 1 1 1 1 1 1 7 1 1 1 1 1 1 1 1 1 1 1 1 1 1 1 1 1 1 1 1 1 1 1 1 1 1 1 1 1 1 1 1 1 1 1 1 1 1 1 1 1 1 1 1 1 1 1 1 1 1 1 1 1 1 1 1 1 1 1 1 1 1 1 1 1 100 1 1 1 1 1 1 1 1 1 1 1 1 1 1 1 1 1 1 1 1 1 1 1 1 1 1 1 1 1 1 1 1 1 1 1 100 1 1 1 1 1 1 1 1 1 1 1 1 1 1 1 1 1 1 1 1 1 1 1 1 1 1 1 1 7 1 1 1 1 1 1 1 100 1 1 1
staticfield java/lang/invoke/MethodHandleNatives $assertionsDisabled Z 1
ciInstanceKlass java/lang/invoke/MethodHandleNatives$CallSiteContext 1 1 49 10 7 12 1 1 1 7 1 10 10 7 12 1 1 1 10 7 12 1 1 1 10 7 12 1 1 1 100 1 1 1 1 1 1 1 1 1 1 1 1 1 1 1 1 1 100 1 1
ciInstanceKlass jdk/internal/foreign/abi/NativeEntryPoint 0 0 199 10 7 12 1 1 1 9 7 12 1 1 1 9 12 1 1 100 1 8 1 10 12 1 10 12 1 1 100 1 10 100 12 1 1 1 10 12 1 9 12 1 1 18 12 1 1 10 100 12 1 1 1 10 7 12 1 1 1 9 7 12 1 1 1 7 1 10 8 1 10 12 1 1 10 12 1 10 12 1 1 8 1 10 12 1 1 7 1 8 1 10 12 1 10 12 1 1 7 1 8 1 10 10 12 1 9 12 1 1 18 12 1 1 10 100 12 1 1 1 10 12 1 1 10 12 1 10 100 12 1 1 1 10 1 1 1 1 1 1 1 1 1 1 1 1 1 1 1 1 1 1 1 1 1 1 1 1 1 1 1 1 1 1 1 1 1 1 1 1 1 16 1 15 10 12 16 1 16 15 10 12 15 10 100 12 1 1 1 1 1 100 1 1 100 1 100 1 1
ciInstanceKlass jdk/internal/foreign/abi/ABIDescriptor 0 0 55 10 100 12 1 1 1 9 100 12 1 1 1 9 12 1 1 9 12 1 9 12 1 9 12 1 1 9 12 1 9 12 1 1 9 12 1 9 12 1 9 12 1 9 12 1 1 1 1 1 1 1 1 1 1
ciInstanceKlass jdk/internal/foreign/abi/VMStorage 0 0 91 10 7 12 1 1 1 9 7 12 1 1 1 9 12 1 1 9 12 1 1 9 12 1 1 7 1 10 8 1 10 12 1 1 10 12 1 10 12 1 1 10 12 1 18 12 1 18 12 1 1 18 12 1 1 1 1 1 1 1 1 1 1 1 1 1 1 1 1 1 1 1 8 1 15 15 15 15 15 10 100 12 1 1 1 1 100 1 100 1 1
ciInstanceKlass jdk/internal/foreign/abi/UpcallLinker$CallRegs 0 0 66 10 7 12 1 1 1 9 7 12 1 1 1 9 12 1 18 12 1 1 18 12 1 1 18 12 1 1 1 1 1 1 1 1 1 1 1 1 1 1 1 1 1 1 100 1 1 1 8 1 15 15 15 10 100 12 1 1 1 1 1 100 1 100 1 1
instanceKlass java/lang/StackFrameInfo
ciInstanceKlass java/lang/ClassFrameInfo 1 1 126 10 7 12 1 1 1 9 7 12 1 1 1 7 1 3 9 12 1 1 9 12 1 1 7 1 9 12 1 1 3 11 7 12 1 1 1 11 12 1 10 12 1 1 10 12 1 1 10 12 1 100 1 10 10 12 1 1 8 1 8 1 10 12 7 1 10 10 12 1 1 8 1 10 12 1 8 1 10 12 8 1 10 12 1 10 7 12 1 1 1 7 1 1 1 1 1 1 1 1 1 1 1 1 1 1 1 1 1 1 1 1 1 1 1 1 1 1 1 7 1 1 1 1 1 1
staticfield java/lang/ClassFrameInfo JLIA Ljdk/internal/access/JavaLangInvokeAccess; java/lang/invoke/MethodHandleImpl$1
ciInstanceKlass java/lang/StackWalker$StackFrame 1 1 41 100 1 10 12 1 1 100 1 100 1 1 1 1 1 1 1 1 1 1 1 1 1 1 1 1 1 1 1 1 1 1 1 1 1 1 1 100 1 1 1
ciInstanceKlass java/lang/StackWalker 1 1 259 9 7 12 1 1 1 10 7 12 1 1 1 7 1 10 7 12 1 1 1 10 12 1 1 11 7 12 1 1 1 10 12 1 1 10 12 1 1 10 12 1 1 100 1 8 1 10 12 1 10 12 1 10 12 1 10 7 12 1 1 9 12 1 1 9 12 1 1 9 12 1 1 9 12 1 1 10 12 1 1 9 12 1 1 9 12 1 1 9 12 1 1 10 7 12 1 1 1 11 12 1 1 100 1 8 1 10 10 7 12 1 1 9 12 1 1 10 12 1 1 10 7 12 1 1 1 10 100 12 1 1 1 18 12 1 1 100 1 8 1 10 8 1 10 12 1 1 10 7 12 1 1 1 10 12 1 1 10 12 1 9 7 12 1 1 11 100 12 1 1 1 10 12 1 1 1 1 1 1 1 1 1 1 1 1 1 1 1 1 1 1 1 1 1 1 1 1 1 1 1 1 1 1 1 1 1 1 1 1 1 1 1 1 1 1 1 1 1 1 1 1 1 1 1 1 1 1 1 1 1 1 7 1 1 16 15 10 12 16 1 15 10 100 12 1 1 1 1 1 1 1 1 1 100 1 100 1 1
staticfield java/lang/StackWalker DEFAULT_EMPTY_OPTION Ljava/util/EnumSet; java/util/RegularEnumSet
staticfield java/lang/StackWalker DEFAULT_WALKER Ljava/lang/StackWalker; java/lang/StackWalker
instanceKlass java/lang/LiveStackFrameInfo
ciInstanceKlass java/lang/StackFrameInfo 0 0 150 10 100 12 1 1 1 9 100 12 1 1 1 9 12 1 1 11 100 12 1 1 1 10 12 1 1 10 100 12 1 1 1 9 12 1 1 10 12 1 1 9 12 1 1 100 1 10 12 10 12 1 9 12 1 100 1 100 1 10 12 1 1 11 12 1 1 10 12 1 10 12 1 10 12 1 1 9 12 1 1 10 12 1 1 10 100 12 1 1 10 12 1 1 9 12 1 10 100 12 1 1 1 9 12 1 1 10 100 1 10 12 1 9 12 1 1 10 12 1 1 10 12 1 1 1 1 1 1 1 1 1 1 1 1 1 1 1 1 100 1 100 1 1 1 1 1 1 1 1
ciInstanceKlass java/lang/LiveStackFrameInfo 0 0 97 10 7 12 1 1 1 9 7 12 1 1 1 9 12 1 9 12 1 9 12 1 9 12 1 1 7 1 10 12 1 1 10 12 1 8 1 10 12 1 1 8 1 8 1 8 1 10 100 1 10 12 1 100 1 10 12 1 7 1 7 1 1 1 3 1 3 1 1 1 1 1 1 1 1 1 1 1 1 1 1 1 1 1 1 1 1 1 1 1 1 1 1 1 100 1 1
ciInstanceKlass java/lang/LiveStackFrame 0 0 135 100 1 10 100 12 1 1 1 11 7 12 1 1 1 11 12 1 10 7 12 1 1 1 100 1 8 1 10 12 1 1 10 7 12 1 1 1 9 100 12 1 1 1 10 7 12 1 1 1 10 7 12 1 1 1 11 12 1 10 12 1 7 1 7 1 1 1 1 1 1 1 1 1 1 1 1 1 1 1 1 1 1 1 1 1 1 1 1 1 1 1 1 100 1 1 1 1 1 1 1 100 1 8 1 1 12 10 1 1 1 8 1 1 1 8 1 1 1 8 1 1 1 8 1 1 8 1 1 1 8 1 1 8 1
instanceKlass java/lang/StackStreamFactory$CallerClassFinder
ciInstanceKlass java/lang/StackStreamFactory$AbstractStackWalker 1 1 364 7 1 7 1 3 10 7 12 1 1 1 10 7 12 1 1 10 7 12 1 1 1 9 12 1 1 9 12 1 1 9 12 1 1 9 12 1 9 12 1 10 7 12 1 1 1 10 12 1 1 10 7 12 1 1 9 12 1 1 9 12 1 1 10 12 1 1 9 12 1 1 10 7 12 1 1 1 10 12 1 1 9 12 1 1 9 7 12 1 1 1 7 1 10 8 1 10 12 1 1 10 12 1 8 1 10 12 1 1 10 100 12 1 1 1 100 1 8 1 10 12 1 8 1 10 12 10 7 12 1 1 9 12 1 1 8 1 5 0 8 1 8 1 9 12 1 1 10 12 1 1 18 12 1 1 10 7 12 1 1 1 10 12 1 1 10 12 1 10 12 1 9 7 12 1 1 1 10 12 1 1 9 12 1 10 12 1 10 12 1 10 12 1 10 12 1 10 12 1 10 12 1 1 8 1 10 12 1 10 12 1 10 12 1 10 12 1 1 8 1 10 12 1 1 10 12 1 1 10 12 1 1 10 12 1 10 12 1 10 12 1 9 12 1 8 1 10 12 1 8 1 10 12 1 10 12 1 1 10 12 1 10 12 1 10 12 1 1 10 12 1 10 12 1 10 12 1 10 12 1 10 12 1 10 12 1 1 10 12 1 10 12 1 10 12 1 10 12 1 8 1 1 1 1 1 1 1 1 1 1 1 1 1 7 1 1 1 1 1 1 7 1 1 1 1 7 1 1 1 1 1 1 1 1 1 1 1 1 1 1 1 1 1 1 16 15 15 10 100 12 1 1 1 1 1 1 1 1 100 1 100 1 1
ciInstanceKlass jdk/internal/module/Modules 1 1 507 10 7 12 1 1 1 9 7 12 1 1 1 11 7 12 1 1 1 11 12 1 1 11 12 1 1 11 12 1 1 11 12 1 11 12 1 11 12 1 11 12 1 11 12 1 11 12 1 1 10 7 12 1 1 1 10 100 12 1 1 1 18 12 1 1 10 7 12 1 1 1 7 1 10 7 12 1 1 1 10 100 12 1 1 1 10 100 12 1 1 10 12 1 1 11 12 1 9 12 1 1 11 7 12 1 1 1 10 12 1 1 10 10 12 1 10 9 12 1 1 10 100 12 1 1 10 12 1 1 10 100 12 1 1 100 1 11 100 12 1 1 1 10 100 12 1 1 1 11 100 12 1 1 10 12 1 1 10 100 12 1 1 10 100 12 1 1 1 10 12 1 1 10 12 1 1 11 12 1 1 18 12 1 1 11 100 12 1 1 10 100 12 1 1 1 11 100 12 1 1 1 7 1 11 12 1 1 11 7 12 1 1 1 11 12 1 1 10 12 1 1 10 100 12 1 1 18 12 1 1 11 12 1 1 18 12 1 1 11 12 1 1 10 12 1 18 18 10 12 1 1 9 12 1 1 11 7 12 1 1 1 100 1 10 11 12 1 11 12 1 1 11 12 1 1 10 100 1 10 12 1 1 10 100 12 1 1 10 12 1 1 11 12 10 12 1 1 7 1 10 18 12 1 10 12 1 1 7 1 8 1 10 12 1 10 100 12 1 1 18 12 1 11 11 12 10 12 1 10 10 100 1 18 12 1 10 10 10 7 12 1 1 10 7 12 1 1 1 10 12 1 1 1 1 1 1 1 1 1 1 1 1 1 1 1 1 1 1 1 1 1 1 1 1 1 1 1 1 1 1 1 1 1 100 1 1 1 1 1 1 1 1 1 1 1 1 1 1 1 1 1 1 1 1 1 1 1 1 1 1 1 1 1 1 1 1 1 1 1 7 1 1 1 1 1 1 1 1 1 1 1 1 1 1 1 1 1 1 1 1 1 1 1 16 15 10 12 1 16 16 15 10 12 1 16 1 16 1 15 10 12 1 16 1 16 1 15 10 12 16 1 15 10 16 1 15 10 12 16 1 15 10 12 16 15 10 12 16 15 10 12 15 10 100 12 1 1 1 1 1 1 100 1 100 1 1
staticfield jdk/internal/module/Modules JLA Ljdk/internal/access/JavaLangAccess; java/lang/System$2
staticfield jdk/internal/module/Modules JLMA Ljdk/internal/access/JavaLangModuleAccess; java/lang/module/ModuleDescriptor$1
staticfield jdk/internal/module/Modules $assertionsDisabled Z 1
ciInstanceKlass java/lang/invoke/Invokers$Holder 1 1 128 1 100 1 100 1 1 1 1 1 1 1 7 1 7 1 7 1 1 12 10 1 1 12 10 1 1 12 10 1 1 100 1 1 12 9 1 1 1 12 10 1 1 1 12 10 1 1 12 10 1 1 12 10 1 12 10 1 1 1 12 10 1 1 100 1 1 12 10 1 12 10 1 1 12 10 1 12 10 1 1 12 10 1 1 12 10 1 12 10 1 1 12 10 1 1 12 10 1 1 12 10 1 12 10 12 10 12 10 12 10 12 10 1 1 12 10 1 1 12 10 1 1 12 10 1 1 1
ciMethod java/lang/invoke/Invokers$Holder linkToTargetMethod (Ljava/lang/Object;Ljava/lang/Object;)Ljava/lang/Object; 514 0 4732 0 -1
ciInstanceKlass java/lang/invoke/DirectMethodHandle$Holder 1 1 560 1 100 1 100 1 1 1 1 1 1 1 7 1 1 12 10 1 12 10 1 7 1 7 1 1 12 10 1 1 1 1 12 10 1 1 12 10 1 1 12 10 1 1 12 10 1 1 12 10 1 1 12 10 1 1 12 10 1 1 12 10 1 1 12 10 1 1 12 10 1 1 12 10 1 1 12 10 1 1 12 10 1 1 12 10 1 1 12 10 1 1 12 10 1 1 12 10 1 1 12 10 1 1 12 10 1 1 12 10 1 1 12 10 1 1 12 10 1 1 12 10 1 1 12 10 1 1 12 10 1 1 12 10 1 1 12 10 1 1 12 10 1 1 12 10 1 1 12 10 1 1 12 10 1 1 12 10 1 1 12 10 1 1 12 10 1 1 12 10 1 1 12 10 1 1 12 10 1 1 12 10 1 1 12 10 1 1 12 10 1 1 12 10 1 1 12 10 1 1 12 10 1 1 12 10 1 1 12 10 1 1 12 10 1 1 12 10 1 1 12 10 1 1 12 10 1 1 12 10 1 1 12 10 12 10 12 10 1 1 12 10 12 10 1 1 12 10 1 1 12 10 12 10 12 10 12 10 1 1 12 10 12 10 1 1 12 10 12 10 1 1 12 10 1 1 12 10 12 10 12 10 12 10 12 10 1 1 12 10 1 1 12 10 1 1 12 10 1 1 12 10 1 1 12 10 1 1 12 10 1 1 12 10 1 1 12 10 1 1 12 10 1 1 12 10 1 1 12 10 1 1 12 10 1 1 12 10 1 1 12 10 1 1 12 10 1 1 12 10 1 1 12 10 12 10 12 10 12 10 1 12 10 1 1 12 10 1 1 12 10 1 1 1 1 12 10 12 10 1 1 12 10 1 12 10 12 10 1 1 12 10 1 12 10 12 10 1 1 1 12 10 1 12 10 1 100 1 1 12 9 1 100 1 12 10 1 12 10 1 1 1 12 10 1 12 10 1 1 12 10 1 12 10 1 1 1 12 10 1 12 10 1 1 12 10 1 12 10 1 1 12 10 1 12 10 1 1 12 10 1 12 10 1 1 12 10 1 12 10 1 1 12 10 1 12 10 1 1 12 10 1 12 10 1 1 12 10 1 12 10 1 1 1 12 10 1 12 10 1 1 1 12 10 1 12 10 1 1 1 1 12 10 1 12 10 1 1 1 12 10 1 12 10 1 1 1 1 1 12 10 1 12 10 1 1 1 12 10 1 12 10 1 1 1 12 10 1 12 10 1 1 12 10 1 12 10 1 1 1
ciMethod java/lang/invoke/DirectMethodHandle$Holder invokeStatic (Ljava/lang/Object;Ljava/lang/Object;Ljava/lang/Object;)Ljava/lang/Object; 562 0 4084 0 -1
ciInstanceKlass java/util/ArrayList 1 1 509 10 7 12 1 1 1 7 1 9 7 12 1 1 1 9 12 1 100 1 7 1 10 8 1 10 12 1 1 10 12 1 10 12 1 1 10 12 1 9 12 1 11 7 12 1 1 1 9 12 1 1 11 12 1 1 7 10 7 12 1 1 1 9 12 1 10 12 1 10 12 1 1 10 7 12 1 1 1 10 7 12 1 1 1 10 12 1 1 10 12 1 1 10 12 1 1 10 12 1 10 12 1 1 100 1 7 1 10 12 1 10 10 7 12 1 1 1 10 7 12 1 1 10 12 1 100 1 10 10 12 10 12 1 1 10 12 1 1 10 12 1 10 12 10 12 1 1 7 1 10 12 1 1 10 12 1 1 10 12 1 100 1 10 11 12 1 1 11 7 12 1 1 1 11 12 1 10 12 1 10 12 1 10 12 1 1 100 1 10 12 1 1 10 10 12 1 1 10 12 1 8 1 8 1 8 1 8 1 10 12 1 1 10 12 1 1 11 12 1 7 1 10 100 12 1 1 10 12 1 10 12 1 1 10 100 12 1 1 10 12 1 10 100 12 1 1 1 11 100 12 1 1 1 10 12 1 100 1 8 1 10 100 1 10 12 1 7 1 10 12 1 10 12 1 1 7 1 10 12 1 10 12 1 1 11 100 12 1 1 7 1 10 12 1 10 12 1 1 11 100 12 1 1 10 12 1 1 10 12 1 1 10 12 1 1 10 12 1 1 11 100 12 1 1 10 12 1 1 7 1 7 1 7 1 1 1 1 5 0 1 3 1 1 1 1 1 1 1 1 1 1 1 1 1 1 1 1 1 1 1 1 1 1 1 1 1 1 1 1 1 1 1 1 1 1 1 1 1 1 1 1 1 1 1 1 1 1 1 1 1 1 1 1 1 1 1 1 1 1 1 1 1 1 1 1 1 1 1 1 1 1 1 1 1 1 1 1 1 1 1 1 1 1 1 1 1 1 1 1 1 1 1 1 1 1 1 1 1 1 1 1 1 1 1 1 100 1 1 1 1 7 1 1 1 1 1 1 1 1 1 1 1 1 1 1 1 1 1 1 1 1 1 1 1 1 1 1 1 1 1 100 1 1 1 1 1 1 1 1 1 1 1 1 1 1 1 1 1 1 100 1 100 1 1 1 1 1 1
staticfield java/util/ArrayList EMPTY_ELEMENTDATA [Ljava/lang/Object; 0 [Ljava/lang/Object;
staticfield java/util/ArrayList DEFAULTCAPACITY_EMPTY_ELEMENTDATA [Ljava/lang/Object; 0 [Ljava/lang/Object;
ciInstanceKlass java/util/RandomAccess 1 0 7 100 1 100 1 1 1
ciInstanceKlass jdk/internal/misc/Blocker 1 1 106 10 7 12 1 1 1 9 7 12 1 1 1 11 100 12 1 1 1 10 7 12 1 1 1 10 7 1 10 12 1 10 12 1 10 12 1 1 10 100 12 1 1 1 9 12 1 1 100 1 10 10 12 1 5 0 10 12 1 1 10 12 1 1 10 7 12 1 1 10 7 12 1 1 1 7 1 8 1 10 12 1 1 1 1 1 1 1 1 1 1 1 1 7 1 1 1 1 1 1 1 1 1 1 1 1
staticfield jdk/internal/misc/Blocker JLA Ljdk/internal/access/JavaLangAccess; java/lang/System$2
staticfield jdk/internal/misc/Blocker $assertionsDisabled Z 1
ciMethod jdk/internal/misc/Blocker currentCarrierThread ()Ljava/lang/Thread; 0 0 5156 0 0
ciMethod jdk/internal/misc/Blocker begin ()J 520 0 5465 0 144
ciMethod jdk/internal/misc/Blocker end (J)V 518 0 6406 0 120
ciInstanceKlass java/nio/charset/CodingErrorAction 1 1 38 10 7 12 1 1 1 9 7 12 1 1 1 8 1 10 12 1 9 12 1 8 1 9 12 8 1 9 12 1 1 1 1 1 1 1 1 1
staticfield java/nio/charset/CodingErrorAction IGNORE Ljava/nio/charset/CodingErrorAction; java/nio/charset/CodingErrorAction
staticfield java/nio/charset/CodingErrorAction REPLACE Ljava/nio/charset/CodingErrorAction; java/nio/charset/CodingErrorAction
staticfield java/nio/charset/CodingErrorAction REPORT Ljava/nio/charset/CodingErrorAction; java/nio/charset/CodingErrorAction
instanceKlass sun/nio/cs/SingleByte$Encoder
instanceKlass sun/nio/cs/UTF_8$Encoder
ciInstanceKlass java/nio/charset/CharsetEncoder 1 1 396 10 7 12 1 1 1 9 7 12 1 1 1 9 7 12 1 1 9 12 1 9 12 1 1 9 12 1 1 9 12 1 1 100 1 8 1 10 12 1 8 1 8 1 9 12 1 1 9 12 1 1 9 12 1 10 12 1 1 10 12 1 10 7 12 1 1 1 8 1 8 1 8 1 10 12 1 1 8 1 10 12 1 1 10 7 12 1 1 1 100 1 10 12 1 10 100 12 1 1 1 10 12 1 1 10 12 1 10 12 1 10 12 1 10 100 12 1 1 1 10 12 1 1 10 12 1 1 10 100 12 1 1 1 10 12 1 1 10 7 12 1 1 1 8 1 10 12 1 1 10 12 1 10 12 1 1 10 12 1 1 7 1 100 1 10 12 1 10 12 1 10 12 1 10 12 1 10 10 12 1 1 10 12 1 10 12 1 9 12 1 1 100 1 10 12 1 1 10 9 12 1 9 12 1 1 10 12 1 9 12 1 10 12 1 10 12 1 10 12 10 10 12 1 1 9 12 1 10 12 1 10 12 100 1 3 10 100 12 1 1 1 10 12 1 10 12 1 10 12 1 1 10 12 1 10 12 1 1 10 12 1 1 10 12 1 10 12 1 10 12 1 10 12 10 12 1 10 12 10 12 1 100 1 10 12 1 10 12 1 10 12 1 1 10 12 1 11 7 1 10 12 1 100 1 7 1 10 8 1 10 12 1 1 9 12 1 1 8 1 10 10 10 7 12 1 1 7 1 8 1 8 1 8 1 8 1 1 1 3 1 3 1 3 1 3 1 1 1 1 1 1 1 1 1 100 1 1 1 1 1 1 1 1 1 1 1 1 1 1 1 1 1 1 1 1 1 1 1 1 1 1 1 1 7 1 1 1 1 1 1 1 1 1 1 1
staticfield java/nio/charset/CharsetEncoder $assertionsDisabled Z 1
ciMethod java/nio/charset/CharsetEncoder encodeLoop (Ljava/nio/CharBuffer;Ljava/nio/ByteBuffer;)Ljava/nio/charset/CoderResult; 0 0 1 0 -1
ciMethod java/nio/charset/CharsetEncoder maxBytesPerChar ()F 256 0 128 0 0
ciMethod java/nio/charset/CharsetEncoder encode (Ljava/nio/CharBuffer;Ljava/nio/ByteBuffer;Z)Ljava/nio/charset/CoderResult; 1024 0 4598 0 0
ciMethod java/nio/charset/CharsetEncoder throwIllegalStateException (II)V 0 0 1 0 -1
instanceKlass java/nio/MappedByteBuffer
instanceKlass java/nio/HeapByteBuffer
ciInstanceKlass java/nio/ByteBuffer 1 1 446 10 7 12 1 1 1 9 7 12 1 1 1 10 7 12 1 1 1 9 12 1 1 9 12 1 9 12 1 1 9 12 1 1 10 12 1 10 12 1 7 1 10 12 1 10 12 1 1 7 1 10 12 1 10 12 1 100 1 100 1 10 12 1 10 12 1 1 10 7 12 1 1 1 10 12 1 1 10 12 1 100 1 10 10 12 1 1 10 12 1 10 12 1 10 12 100 1 5 0 9 12 1 1 9 12 1 9 12 1 1 10 12 1 1 10 12 1 1 10 7 12 1 1 1 10 7 12 1 1 1 10 12 1 10 12 1 1 10 12 1 1 100 1 10 100 1 10 10 12 1 1 9 12 1 10 12 1 100 1 10 10 12 1 10 12 1 10 12 10 12 1 9 12 100 1 10 10 12 1 10 12 10 12 1 1 10 12 1 10 12 1 10 12 1 10 12 1 7 1 10 10 7 12 1 1 1 10 7 12 1 1 1 10 12 1 1 8 1 10 12 1 8 1 8 1 10 12 1 8 1 10 12 1 10 100 12 1 1 1 10 100 12 1 1 1 10 12 1 1 10 7 1 9 12 1 8 1 10 12 1 8 1 8 1 10 10 12 1 10 12 1 1 10 12 1 1 10 12 10 12 1 1 10 12 10 12 10 12 10 12 10 12 10 12 10 12 1 1 10 12 1 9 12 1 1 7 10 7 12 1 1 1 7 1 1 1 1 1 1 1 1 1 1 1 1 100 1 1 1 1 1 1 1 1 1 1 1 1 1 1 1 1 1 1 1 1 1 7 1 1 1 1 1 1 1 1 1 1 1 1 1 1 1 1 1 1 1 1 1 1 1 1 1 1 1 1 1 1 1 1 1 1 1 1 1 1 1 1 1 1 1 1 1 1 1 1 1 1 1 1 1 1 1 1 1 1 1 1 1 1 1 1 1 1 1 1 1 1 1 1 1 1 1 1 1 1 1 1 1 1 1 1 1 1 1 1 1 1 1 1 1 1 1 100 1
staticfield java/nio/ByteBuffer ARRAY_BASE_OFFSET J 16
staticfield java/nio/ByteBuffer $assertionsDisabled Z 1
ciMethod java/nio/ByteBuffer position (I)Ljava/nio/Buffer; 512 0 6448 0 0
ciMethod java/nio/ByteBuffer hasArray ()Z 772 0 6416 0 0
ciMethod java/nio/ByteBuffer arrayOffset ()I 772 0 17149 0 128
ciMethod java/nio/ByteBuffer clear ()Ljava/nio/ByteBuffer; 1024 0 5151 0 0
ciMethod java/nio/ByteBuffer position (I)Ljava/nio/ByteBuffer; 512 0 7202 0 0
ciMethod java/nio/ByteBuffer flip ()Ljava/nio/ByteBuffer; 880 0 5188 0 0
ciMethod java/nio/ByteBuffer put ([B)Ljava/nio/ByteBuffer; 0 0 1 0 -1
ciMethod java/nio/ByteBuffer array ()[B 774 0 11218 0 0
ciMethod java/nio/ByteBuffer allocate (I)Ljava/nio/ByteBuffer; 28 0 14 0 -1
instanceKlass java/nio/HeapCharBuffer
ciInstanceKlass java/nio/CharBuffer 1 1 476 10 7 12 1 1 1 9 7 12 1 1 1 9 12 1 1 10 12 1 10 12 1 10 12 1 1 7 1 10 12 1 10 12 1 100 1 100 1 10 12 1 10 12 1 1 10 12 1 1 10 12 1 9 12 1 1 100 1 10 10 12 1 10 100 12 1 1 1 10 12 1 10 12 1 1 100 1 10 12 1 11 7 12 1 1 10 12 1 10 100 12 1 1 1 100 1 10 10 12 1 1 10 12 10 12 1 10 12 10 12 1 1 100 1 5 0 9 12 1 1 9 12 1 10 12 1 1 10 100 12 1 1 9 12 1 1 10 12 1 1 10 12 1 1 7 1 5 0 10 100 12 1 1 1 10 12 1 1 10 7 12 1 1 1 10 12 1 10 12 1 1 10 12 1 100 1 10 100 1 10 10 12 1 1 10 12 1 10 7 12 1 1 1 10 12 1 10 12 1 10 12 10 12 10 7 1 10 12 1 10 12 1 10 12 1 9 12 100 1 10 10 12 1 10 12 10 12 1 1 10 12 1 10 12 1 10 12 1 10 12 1 10 100 12 1 1 1 10 12 1 1 10 10 12 1 1 10 12 1 8 1 10 12 1 11 12 1 10 12 1 10 12 1 11 12 1 1 18 12 1 10 100 12 1 1 1 10 12 1 1 10 12 1 1 10 12 10 12 1 1 10 12 10 12 10 12 10 12 10 12 10 12 1 1 10 12 1 10 12 10 12 1 10 12 100 1 10 12 1 10 12 1 9 12 1 1 7 10 7 12 1 1 1 7 1 7 1 7 1 1 1 1 1 1 1 1 1 1 1 1 1 1 1 1 1 1 1 1 1 1 1 7 1 1 100 1 1 1 1 1 1 1 1 1 1 1 1 1 1 1 1 1 1 1 1 1 1 1 1 1 7 1 1 1 1 1 1 1 1 1 1 1 1 1 1 1 1 1 1 1 1 1 1 1 1 1 1 1 1 1 1 1 1 1 1 1 1 1 1 1 1 1 1 100 1 100 1 100 1 100 1 1 16 15 10 12 16 15 10 100 12 1 1 1 1 100 1 100 1 1 100 1 100 1 1
staticfield java/nio/CharBuffer ARRAY_BASE_OFFSET J 16
staticfield java/nio/CharBuffer $assertionsDisabled Z 1
ciInstanceKlass java/lang/Readable 1 0 12 100 1 100 1 1 1 1 100 1 1 1
ciMethod java/nio/CharBuffer position (I)Ljava/nio/Buffer; 552 0 9276 0 168
ciMethod java/nio/CharBuffer limit (I)Ljava/nio/Buffer; 1024 0 5315 0 0
ciMethod java/nio/CharBuffer hasArray ()Z 1024 0 4817 0 0
ciMethod java/nio/CharBuffer arrayOffset ()I 516 0 11485 0 128
ciMethod java/nio/CharBuffer get ()C 0 0 1 0 -1
ciMethod java/nio/CharBuffer <init> (IIII[CILjava/lang/foreign/MemorySegment;)V 1024 0 5279 0 0
ciMethod java/nio/CharBuffer wrap ([CII)Ljava/nio/CharBuffer; 916 0 4554 0 0
ciMethod java/nio/CharBuffer position (I)Ljava/nio/CharBuffer; 1308 0 9404 0 0
ciMethod java/nio/CharBuffer limit (I)Ljava/nio/CharBuffer; 1024 0 5393 0 0
ciMethod java/nio/CharBuffer array ()[C 930 0 4849 0 0
ciInstanceKlass java/nio/charset/CoderResult 1 1 198 10 7 12 1 1 1 9 7 12 1 1 1 9 12 1 9 12 1 1 10 12 1 1 7 1 10 10 12 1 1 8 1 10 12 1 8 1 10 12 1 1 100 1 10 100 1 8 1 10 12 1 9 12 1 1 9 100 12 1 1 1 9 12 1 1 10 7 12 1 1 1 18 12 1 1 11 7 12 1 1 1 9 12 1 9 12 1 18 100 1 10 100 1 10 100 1 10 12 1 100 1 10 9 12 1 1 100 1 10 10 12 1 1 10 12 1 10 7 12 1 1 7 1 8 1 8 1 8 1 8 1 9 12 1 9 12 1 1 3 1 3 1 3 1 1 3 1 1 1 1 1 1 1 1 1 1 1 1 1 1 1 1 100 1 1 1 1 1 1 1 1 1 1 1 16 1 15 10 12 16 15 10 12 15 10 100 12 1 1 1 1 1 100 1 100 1 1
staticfield java/nio/charset/CoderResult names [Ljava/lang/String; 4 [Ljava/lang/String;
staticfield java/nio/charset/CoderResult UNDERFLOW Ljava/nio/charset/CoderResult; java/nio/charset/CoderResult
staticfield java/nio/charset/CoderResult OVERFLOW Ljava/nio/charset/CoderResult; java/nio/charset/CoderResult
staticfield java/nio/charset/CoderResult malformed4 [Ljava/nio/charset/CoderResult; 4 [Ljava/nio/charset/CoderResult;
staticfield java/nio/charset/CoderResult unmappable4 [Ljava/nio/charset/CoderResult; 4 [Ljava/nio/charset/CoderResult;
staticfield java/nio/charset/CoderResult $assertionsDisabled Z 1
ciMethod java/nio/charset/CoderResult length ()I 0 0 1 0 -1
ciMethod java/nio/charset/CoderResult isUnderflow ()Z 516 0 9344 0 0
ciMethod java/nio/charset/CoderResult throwException ()V 0 0 1 0 -1
ciMethod java/nio/charset/CoderResult isOverflow ()Z 810 0 4697 0 0
ciMethod java/nio/charset/CoderResult isMalformed ()Z 0 0 1 0 -1
ciMethod java/nio/charset/CoderResult isUnmappable ()Z 0 0 1 0 -1
ciMethod java/nio/charset/CoderResult malformedForLength (I)Ljava/nio/charset/CoderResult; 0 0 1 0 -1
ciInstanceKlass java/lang/annotation/Annotation 1 0 17 100 1 100 1 1 1 1 1 1 1 1 1 1 1 1 1
ciInstanceKlass jdk/internal/misc/InternalLock 1 1 69 10 7 12 1 1 1 7 1 10 9 7 12 1 1 1 9 12 1 1 10 10 12 1 1 10 12 10 12 1 10 12 1 8 1 10 7 12 1 1 1 10 7 12 1 1 8 1 10 12 1 1 1 1 1 1 1 1 1 1 1 1 1 1 1 1 1 1 1
staticfield jdk/internal/misc/InternalLock CAN_USE_INTERNAL_LOCK Z 1
ciMethod jdk/internal/misc/InternalLock lock ()V 1024 0 43789 0 496
ciMethod jdk/internal/misc/InternalLock unlock ()V 1024 0 44108 0 408
ciInstanceKlass java/util/concurrent/ForkJoinPool 1 1 1265 7 1 9 12 1 1 9 12 1 1 10 7 12 1 1 1 9 12 1 1 100 1 8 1 10 12 1 1 10 7 12 1 1 1 9 12 1 1 9 12 1 10 7 12 1 1 1 10 12 1 1 10 12 1 1 9 12 1 9 12 1 1 9 12 1 10 12 1 1 9 12 1 10 12 1 10 12 1 1 9 12 1 10 12 1 1 100 1 9 12 1 10 12 1 10 12 1 1 9 12 1 10 12 1 1 10 12 1 1 10 7 12 1 1 1 10 7 12 1 1 1 3 9 12 1 1 9 12 1 1 11 100 12 1 1 1 10 7 12 1 1 1 10 7 12 1 7 1 10 12 1 1 9 12 1 1 10 12 1 1 8 1 10 7 12 1 1 1 10 7 12 1 1 1 100 1 9 7 12 1 1 1 10 100 12 1 1 10 12 1 9 12 1 3 3 10 12 1 9 12 1 1 9 12 1 10 12 1 10 12 1 9 12 1 1 9 12 1 3 3 10 12 1 1 9 12 1 5 0 5 0 5 0 5 0 5 0 10 12 1 1 10 12 1 1 10 12 1 1 10 12 1 1 9 12 1 9 12 1 10 12 1 1 10 12 1 1 9 12 1 10 12 1 1 9 12 1 9 12 1 1 10 12 1 1 5 0 9 12 1 9 12 1 10 12 1 1 10 12 1 5 0 10 12 1 1 10 12 1 1 5 0 10 12 1 10 12 1 1 10 12 1 1 5 0 5 0 10 12 1 1 3 10 12 1 9 12 1 10 7 12 1 1 1 5 0 10 12 10 12 1 10 12 1 10 12 1 1 10 12 1 10 12 1 10 12 1 1 9 12 1 5 0 5 0 9 12 1 1 11 100 12 1 1 1 100 1 8 1 10 10 12 1 1 10 12 1 1 9 12 1 10 12 1 1 10 12 1 1 10 12 1 10 12 1 1 100 1 9 12 1 1 10 12 1 5 0 10 12 1 3 10 12 1 1 10 12 1 1 9 12 1 1 10 12 1 1 9 12 1 10 12 1 1 10 12 1 10 12 1 10 12 1 1 10 12 1 10 12 10 12 1 1 10 12 1 1 10 12 1 1 10 12 1 1 10 12 1 10 12 1 9 12 1 1 10 12 1 10 12 1 10 12 1 10 12 10 12 1 1 10 7 12 1 1 1 10 12 1 10 12 9 12 1 5 0 9 100 12 1 1 1 10 12 1 10 7 1 10 12 100 1 10 100 1 10 10 7 12 1 1 9 12 1 1 10 12 1 10 12 1 1 10 12 1 10 12 1 7 1 10 8 1 10 12 1 1 10 12 1 8 1 10 12 1 1 8 1 10 12 1 10 12 1 1 8 1 8 1 8 1 10 7 12 1 1 1 10 12 1 1 7 1 10 12 1 1 7 1 10 7 12 1 1 1 7 1 7 1 8 1 10 7 12 1 1 1 10 12 1 1 10 12 1 1 7 1 7 1 10 12 100 1 10 12 1 100 1 10 12 1 100 1 10 100 1 10 12 1 100 1 10 10 12 1 1 5 0 100 1 8 1 10 10 12 1 7 1 11 7 12 1 1 10 11 12 1 1 11 7 12 1 1 11 12 1 100 1 10 12 1 1 10 12 1 10 10 12 1 1 10 12 1 10 100 1 11 10 12 1 10 12 1 1 10 12 1 1 10 12 1 100 1 10 10 12 1 1 100 1 9 12 1 1 100 1 10 10 12 1 10 12 1 10 12 1 10 12 1 11 8 1 8 1 8 1 8 1 10 8 1 8 1 10 12 1 8 1 8 1 8 1 8 1 10 12 1 8 1 8 1 8 1 10 100 12 1 1 1 10 12 1 1 100 1 10 10 12 1 1 9 12 1 10 12 1 1 10 12 10 12 1 10 12 1 11 7 12 1 1 11 12 1 10 12 1 10 12 1 10 12 1 10 12 1 10 12 1 1 8 1 10 12 1 1 10 12 1 1 10 12 1 1 100 1 100 1 10 8 10 12 1 1 8 8 8 1 8 7 10 12 1 1 10 12 1 8 1 10 7 1 10 10 12 1 100 1 10 10 7 12 1 1 1 7 1 10 10 7 12 1 1 1 1 1 1 1 3 1 3 1 1 1 1 3 1 3 1 3 1 3 1 3 1 3 1 3 1 3 1 3 1 1 1 1 1 1 1 1 1 1 1 3 1 1 1 3 1 1 1 1 1 1 1 1 1 1 1 1 1 1 1 1 1 1 1 1 1 1 1 1 1 1 1 1 1 1 1 1 1 1 1 1 1 1 1 1 1 1 1 1 1 1 1 1 1 1 100 1 1 1 1 1 1 1 1 1 1 1 1 1 1 1 1 1 1 1 1 1 1 1 1 1 1 1 1 1 1 1 1 1 1 1 1 1 1 1 1 1 1 1 1 1 1 1 1 1 1 1 1 1 1 1 1 1 1 1 1 1 1 1 1 1 1 1 1 1 1 1 1 1 1 1 1 1 1 1 1 1 1 1 1 1 1 1 1 1 1 1 1 1 1 1 1 1 1 1 1 1 1 1 1 1 1 1 1 1 1 1 1 1 1 1 1 1 1 1 1 1 1 1 1 1 1 7 1 1 1 1 1 1 1 1 1 1 1 1 1 1 1 1 1 1 1 1 1 1 1 1 1 1 1 1 1 1 1 1 100 1 1 1 1 1 1 1 1 1 1 1 1 1 1 1 1 1 1 1 1 1 1 1 1 1 1 1 1 1 1 1 1 1 1 1 1 1 1 1 1 1 1 1 1 1 1 1 100 1 1 1 1 1 1 1 1 1 1 1 1 1 1 1 1 1 1 1 1 1 1 100 1 100 1 1 1 1 1 1 1 1 1 1 1 1 1
staticfield java/util/concurrent/ForkJoinPool ABASE J 16
staticfield java/util/concurrent/ForkJoinPool ASHIFT I 2
staticfield java/util/concurrent/ForkJoinPool defaultForkJoinWorkerThreadFactory Ljava/util/concurrent/ForkJoinPool$ForkJoinWorkerThreadFactory; java/util/concurrent/ForkJoinPool$DefaultForkJoinWorkerThreadFactory
staticfield java/util/concurrent/ForkJoinPool common Ljava/util/concurrent/ForkJoinPool; java/util/concurrent/ForkJoinPool
staticfield java/util/concurrent/ForkJoinPool U Ljdk/internal/misc/Unsafe; jdk/internal/misc/Unsafe
staticfield java/util/concurrent/ForkJoinPool CTL J 208
staticfield java/util/concurrent/ForkJoinPool RUNSTATE J 12
staticfield java/util/concurrent/ForkJoinPool PARALLELISM J 216
staticfield java/util/concurrent/ForkJoinPool THREADIDS J 40
staticfield java/util/concurrent/ForkJoinPool TERMINATION J 48
staticfield java/util/concurrent/ForkJoinPool POOLIDS_BASE Ljava/lang/Object; java/lang/Class
staticfield java/util/concurrent/ForkJoinPool POOLIDS J 368
staticfield java/util/concurrent/ForkJoinPool $assertionsDisabled Z 1
ciInstanceKlass jdk/internal/misc/CarrierThread 0 0 141 9 7 12 1 1 1 10 7 12 1 1 1 9 12 1 1 9 12 1 1 10 7 12 1 1 1 10 7 12 1 1 1 9 12 1 9 12 1 9 12 1 1 10 12 1 9 12 1 1 100 1 8 1 10 12 1 100 1 10 12 1 10 7 12 1 1 1 7 1 7 1 7 1 10 12 1 10 12 1 10 100 12 1 1 1 9 12 1 1 10 12 1 1 10 12 1 1 10 12 1 1 7 1 8 1 10 12 1 1 8 1 8 1 1 1 1 1 1 1 1 1 1 1 1 1 1 1 1 1 1 1 1 1 1 1 1 1 7 1 1
instanceKlass jdk/internal/misc/CarrierThread
ciInstanceKlass java/util/concurrent/ForkJoinWorkerThread 0 0 128 10 100 12 1 1 1 10 100 12 1 1 1 9 100 12 1 1 1 9 12 1 1 100 1 9 12 1 1 10 12 1 9 12 1 1 10 12 1 1 10 12 1 1 10 100 12 1 1 1 10 12 1 1 10 12 1 10 12 1 1 10 12 1 10 12 1 1 10 12 1 1 10 12 1 10 12 1 1 10 12 1 1 100 1 1 1 1 1 1 1 1 1 1 1 1 1 100 1 100 1 100 1 1 1 1 1 1 1 1 1 1 1 1 1 1 1 1 100 1 100 1 100 1 1 1 1 1
ciMethod java/util/concurrent/ForkJoinWorkerThread getPool ()Ljava/util/concurrent/ForkJoinPool; 0 0 1 0 -1
ciMethod jdk/internal/misc/CarrierThread inBlocking ()Z 0 0 1 0 -1
ciMethod jdk/internal/misc/CarrierThread beginBlocking ()V 0 0 1 0 -1
ciMethod jdk/internal/misc/CarrierThread endBlocking ()V 0 0 1 0 -1
ciInstanceKlass java/io/BufferedWriter 1 1 190 10 7 12 1 1 1 10 7 12 1 1 1 10 12 1 7 1 10 7 12 1 1 1 100 1 8 1 10 12 1 9 12 1 1 9 12 1 1 9 12 1 1 9 12 1 10 12 1 1 10 12 1 100 1 8 1 10 9 12 1 7 1 3 10 12 1 1 10 100 12 1 1 1 9 12 1 1 7 1 10 12 1 10 12 1 10 12 1 10 12 1 10 12 1 1 10 12 1 1 10 12 1 10 12 1 10 12 10 100 12 1 1 1 10 7 12 1 1 1 10 12 1 10 7 12 1 1 1 10 12 1 1 10 12 10 12 1 10 12 1 10 12 1 10 12 1 7 1 10 12 1 1 1 1 3 1 3 1 1 1 1 1 1 1 1 1 1 1 1 1 1 1 1 7 1 1 1 1 1 1 100 1 1 1 1 1 1 1 1
instanceKlass java/io/BufferedWriter
instanceKlass sun/nio/cs/StreamEncoder
instanceKlass java/io/OutputStreamWriter
ciInstanceKlass java/io/Writer 1 1 151 100 1 10 12 1 1 10 7 1 9 7 12 1 1 1 10 12 1 1 7 1 7 1 100 1 10 7 12 1 1 1 100 1 10 10 12 10 12 1 1 10 12 1 9 12 1 1 10 12 1 1 10 7 12 1 1 1 10 12 1 10 12 10 12 1 1 10 12 1 1 10 12 1 8 1 11 7 12 1 1 1 10 12 1 1 10 12 10 12 1 10 12 1 7 1 7 1 7 1 1 1 1 3 1 1 1 1 1 1 1 1 1 1 1 1 1 1 7 1 1 1 1 1 7 1 1 100 1 1 1 1 1 1 1 100 1 1 1 1 1 1 1 1 1 1 1 1 1 1 1
ciMethod java/io/Writer write ([CII)V 0 0 1 0 -1
ciMethod java/io/Writer write (Ljava/lang/String;)V 1024 0 4230 0 0
ciMethod java/io/Writer write (Ljava/lang/String;II)V 0 0 1 0 -1
ciMethod java/io/BufferedWriter write (Ljava/lang/String;II)V 1024 0 4252 0 0
ciMethod java/io/BufferedWriter flushBuffer ()V 1024 0 4230 0 0
ciMethod java/io/BufferedWriter min (II)I 1024 0 4278 0 0
ciMethod java/io/BufferedWriter ensureOpen ()V 944 0 8556 0 0
ciMethod java/io/BufferedWriter implWrite (Ljava/lang/String;II)V 1024 1022 4256 0 0
ciMethod java/io/BufferedWriter growIfNeeded (I)V 1024 0 4278 0 0
ciMethod java/io/BufferedWriter implFlushBuffer ()V 1024 0 4366 0 0
ciInstanceKlass java/io/OutputStreamWriter 1 1 167 10 7 12 1 1 1 7 1 100 1 10 7 12 1 1 1 10 7 12 1 1 1 100 1 8 1 10 12 1 10 12 1 1 10 7 12 1 1 1 9 12 1 1 100 1 10 12 1 1 10 100 12 1 1 10 12 1 8 8 1 10 12 1 10 12 1 1 10 12 1 1 10 12 1 1 10 12 1 10 12 1 8 1 11 7 12 1 1 1 10 12 1 1 100 1 10 12 1 10 7 12 1 1 1 10 12 10 12 1 10 12 1 10 12 1 1 1 1 1 1 1 1 1 1 1 7 1 1 1 1 1 1 100 1 1 100 1 1 1 1 1 1 1 1 1 1 100 1 100 1 1 1 1 1 1 1 1 1 1 1 1 1 1 1 1 1
ciMethod java/io/OutputStreamWriter write ([CII)V 1024 0 4438 0 0
ciMethod java/io/OutputStreamWriter flushBuffer ()V 1024 0 4230 0 0
ciInstanceKlass java/util/function/BiFunction 1 1 65 10 100 12 1 1 1 18 12 1 1 11 7 12 1 1 11 100 12 1 7 1 1 1 1 1 1 1 1 1 1 1 1 1 1 1 1 1 1 1 1 1 1 1 1 1 1 1 16 15 11 12 15 10 100 12 1 1 1 1 100 1 100 1 1
ciInstanceKlass java/net/URI 1 1 740 7 1 10 7 12 1 1 1 9 12 1 1 7 1 10 12 1 10 12 1 1 10 12 1 1 10 12 1 1 10 12 1 9 12 1 1 10 12 1 1 100 1 10 9 12 1 1 9 12 1 7 1 10 10 12 1 1 10 12 1 10 12 1 10 12 1 10 7 12 1 1 1 100 1 100 1 10 12 1 10 12 1 9 12 1 9 12 1 10 10 12 1 1 10 12 1 1 10 12 1 1 10 12 10 12 1 10 7 12 1 1 1 9 12 1 9 12 1 10 12 1 1 9 12 1 10 12 1 1 10 12 1 10 12 1 10 12 1 10 12 1 10 12 1 1 9 12 1 10 12 1 10 12 1 1 9 12 1 9 12 1 9 12 1 9 12 1 9 12 1 9 12 1 10 12 1 9 12 1 10 12 1 1 10 12 1 10 12 1 9 12 1 10 12 1 1 10 12 10 12 1 1 10 12 1 10 12 1 8 1 10 12 1 1 8 1 10 12 1 1 8 1 10 12 1 10 12 1 10 12 1 10 100 12 1 1 10 100 12 1 1 100 1 8 1 10 10 100 12 1 1 1 10 12 1 1 10 12 1 1 10 12 1 1 10 12 1 10 12 1 10 12 1 10 12 1 1 10 100 12 1 1 1 10 12 1 8 1 10 12 1 5 0 5 0 10 12 1 1 10 12 1 10 12 1 5 0 8 1 5 0 10 12 1 1 5 0 5 0 10 12 1 1 10 12 1 8 1 10 12 1 8 1 10 12 10 10 12 1 10 12 1 1 7 1 10 10 12 1 10 12 1 1 10 12 1 1 10 12 1 10 12 1 10 12 1 1 10 12 1 9 12 1 1 10 7 12 1 1 1 10 100 12 1 1 100 1 10 7 12 1 1 10 12 1 1 10 12 1 1 10 12 1 1 10 7 12 1 1 1 10 12 1 9 7 12 1 1 1 10 12 1 1 10 12 1 1 9 100 12 1 1 1 10 100 12 1 1 10 12 1 10 12 10 12 1 10 12 1 1 10 12 1 10 12 1 1 9 7 12 1 1 1 10 7 12 1 1 1 10 12 1 10 12 1 1 10 12 1 10 12 1 1 10 12 1 10 12 1 10 12 1 10 12 1 10 100 12 1 1 10 12 1 1 10 12 10 10 12 1 10 7 12 1 1 7 1 10 10 7 12 1 1 1 7 1 7 1 1 1 1 5 0 1 5 0 1 5 0 1 1 5 0 1 1 5 0 1 1 5 0 1 1 1 1 5 0 1 5 0 1 5 0 1 5 0 1 1 5 0 1 5 0 1 5 0 1 1 1 1 5 0 1 1 1 1 5 0 1 1 5 0 1 1 1 1 1 1 1 1 5 0 1 1 5 0 1 1 5 0 1 5 0 1 1 1 1 1 1 1 1 1 1 1 1 1 1 1 1 1 1 1 1 1 100 1 1 1 1 1 1 1 1 1 1 1 1 1 1 1 1 1 1 1 1 1 1 1 1 1 1 1 1 1 1 1 1 1 1 1 1 7 1 1 1 1 1 1 1 1 1 1 1 1 1 1 1 1 1 1 1 1 1 1 1 1 1 1 1 1 1 1 1 1 1 1 100 100 1 1 1 1 1 1 1 1 1 1 1 1 1 1 1 1 1 1 1 1 1 1 1 1 1 1 1 1 1 1 1
staticfield java/net/URI hexDigits [C 16
staticfield java/net/URI $assertionsDisabled Z 1
ciInstanceKlass java/lang/invoke/DirectMethodHandle$Constructor 1 1 91 10 7 12 1 1 1 9 7 12 1 1 1 9 12 1 1 9 12 1 1 10 100 12 1 1 1 100 1 10 12 1 9 12 1 9 12 1 10 12 1 10 12 1 1 9 12 1 1 10 12 1 1 10 7 12 1 1 1 1 1 1 1 1 1 1 1 1 1 1 100 1 100 1 1 1 1 1 1 1 1 1 1 1 1 1 1 1 1 1 1
staticfield java/lang/invoke/DirectMethodHandle$Constructor $assertionsDisabled Z 1
ciInstanceKlass java/util/concurrent/locks/Lock 1 0 19 100 1 100 1 1 1 1 1 100 1 1 1 1 1 1 1 1 1
instanceKlass jdk/internal/loader/NativeLibraries$CountedLock
instanceKlass java/util/concurrent/ConcurrentHashMap$Segment
ciInstanceKlass java/util/concurrent/locks/ReentrantLock 1 1 177 10 7 12 1 1 1 7 1 10 9 7 12 1 1 1 100 1 10 10 7 12 1 1 10 12 1 10 12 1 1 10 100 12 1 1 1 10 12 1 1 10 12 1 1 10 12 1 1 10 12 1 1 10 12 1 10 12 1 10 12 1 1 10 12 1 10 12 1 1 10 12 1 10 12 1 1 100 1 10 100 1 100 1 8 1 10 12 1 10 12 1 1 10 12 1 1 10 12 1 1 7 1 10 10 12 1 1 10 12 1 1 8 1 8 1 10 7 12 1 1 8 1 10 7 1 7 1 1 1 1 5 0 1 1 1 1 1 1 1 1 1 1 100 1 1 1 1 1 1 1 1 1 1 1 1 1 1 1 1 1 1 1 1 1 7 1 1 1 1 1 1 1 1 100 1 1
ciMethod java/util/concurrent/locks/ReentrantLock lock ()V 170 0 44179 0 0
ciMethod java/util/concurrent/locks/ReentrantLock unlock ()V 168 0 45521 0 0
ciInstanceKlass java/util/concurrent/locks/LockSupport 1 1 105 10 7 12 1 1 1 9 7 12 1 1 1 9 12 1 1 10 7 12 1 1 1 10 7 12 1 1 1 10 12 1 1 10 100 12 1 1 1 10 12 1 10 12 1 1 10 12 1 10 12 1 10 12 1 10 12 1 100 1 10 10 12 1 1 10 12 1 1 10 12 1 1 8 1 10 12 1 1 1 1 1 1 1 1 1 1 1 1 1 1 1 7 1 1 1 1 1 1 1 1 1 1 1 1
staticfield java/util/concurrent/locks/LockSupport U Ljdk/internal/misc/Unsafe; jdk/internal/misc/Unsafe
staticfield java/util/concurrent/locks/LockSupport PARKBLOCKER J 92
ciMethod java/util/concurrent/locks/LockSupport unpark (Ljava/lang/Thread;)V 0 0 33 0 0
ciInstanceKlass jdk/internal/access/JavaIOFileDescriptorAccess 1 0 29 100 1 100 1 1 1 1 1 1 1 1 1 1 1 1 100 1 1 1 1 1 1 1 1 1 1 1 1
ciMethod jdk/internal/access/JavaIOFileDescriptorAccess getAppend (Ljava/io/FileDescriptor;)Z 0 0 1 0 -1
ciInstanceKlass jdk/internal/util/Preconditions$4 1 1 61 9 7 12 1 1 1 10 7 12 1 1 1 10 100 12 1 1 1 11 100 12 1 1 1 100 1 100 1 100 1 10 12 1 100 1 1 1 1 1 1 1 1 1 1 1 1 1 1 1 1 1 1 1 1 1 12 1 1 1 1
ciInstanceKlass java/util/concurrent/locks/ReentrantLock$NonfairSync 1 1 69 10 7 12 1 1 1 10 7 12 1 1 1 10 7 12 1 1 1 10 12 1 1 10 12 1 10 12 1 1 7 1 8 1 10 12 1 10 12 1 1 1 1 1 5 0 1 1 1 1 1 1 1 1 1 1 1 1 1 1 1 1 1 1 100 1 1 1 1
instanceKlass java/util/concurrent/ThreadPoolExecutor$Worker
instanceKlass java/util/concurrent/CountDownLatch$Sync
instanceKlass java/util/concurrent/locks/ReentrantReadWriteLock$Sync
instanceKlass java/util/concurrent/locks/ReentrantLock$Sync
ciInstanceKlass java/util/concurrent/locks/AbstractQueuedSynchronizer 1 1 367 10 7 12 1 1 1 9 7 12 1 1 1 9 12 1 1 9 12 1 1 10 7 12 1 1 1 9 12 1 10 12 1 1 9 12 1 1 9 12 1 10 7 12 1 1 7 1 10 7 1 9 12 1 10 12 1 1 10 7 12 1 1 1 10 12 1 1 9 7 12 1 1 9 12 1 9 12 1 1 10 7 12 1 1 1 9 12 1 10 12 1 1 9 7 1 10 12 1 1 10 12 1 10 12 1 10 12 1 1 7 1 10 12 1 1 10 12 1 10 12 1 10 12 1 1 10 10 10 12 1 1 10 7 12 1 1 1 10 12 1 1 10 12 1 10 12 1 1 10 12 1 5 0 10 12 1 10 12 1 10 12 1 3 100 1 10 10 12 1 1 100 1 10 10 12 1 10 12 1 100 1 10 10 12 1 7 1 10 10 12 1 1 7 1 10 10 7 12 1 1 1 10 12 1 1 8 1 10 12 1 1 10 12 1 8 1 10 12 1 8 1 8 1 8 1 10 10 100 12 1 1 1 10 12 1 1 100 1 8 1 10 12 1 10 12 1 10 12 1 10 12 1 1 10 12 1 1 8 10 12 1 1 8 8 7 1 1 1 5 0 1 3 1 1 3 1 1 1 1 1 1 1 1 1 1 1 1 1 1 1 1 1 1 1 1 1 1 1 1 1 1 1 1 1 1 1 1 1 1 1 1 1 1 1 1 1 1 1 1 1 1 1 1 1 1 1 1 1 1 1 1 1 1 1 1 1 1 1 1 1 1 1 1 1 1 1 1 1 1 7 1 1 1 1 1 1 1 1 1 1 1 1 1 1 1 1
staticfield java/util/concurrent/locks/AbstractQueuedSynchronizer U Ljdk/internal/misc/Unsafe; jdk/internal/misc/Unsafe
staticfield java/util/concurrent/locks/AbstractQueuedSynchronizer STATE J 16
staticfield java/util/concurrent/locks/AbstractQueuedSynchronizer HEAD J 20
staticfield java/util/concurrent/locks/AbstractQueuedSynchronizer TAIL J 24
ciMethod java/util/concurrent/locks/AbstractQueuedSynchronizer tryRelease (I)Z 0 0 1 0 -1
ciMethod java/util/concurrent/locks/AbstractQueuedSynchronizer getState ()I 256 0 128 0 0
ciMethod java/util/concurrent/locks/AbstractQueuedSynchronizer compareAndSetState (II)Z 512 0 1387 0 104
ciMethod java/util/concurrent/locks/AbstractQueuedSynchronizer setState (I)V 256 0 128 0 0
ciMethod java/util/concurrent/locks/AbstractQueuedSynchronizer release (I)Z 170 0 45549 0 0
ciMethod java/util/concurrent/locks/AbstractQueuedSynchronizer acquire (I)V 0 0 124 0 -1
ciMethod java/util/concurrent/locks/AbstractQueuedSynchronizer signalNext (Ljava/util/concurrent/locks/AbstractQueuedSynchronizer$Node;)V 258 0 6546 0 168
instanceKlass java/util/concurrent/locks/ReentrantLock$NonfairSync
ciInstanceKlass java/util/concurrent/locks/ReentrantLock$Sync 1 1 127 10 7 12 1 1 1 10 7 12 1 1 1 10 7 12 1 1 1 10 12 1 1 10 12 1 1 10 12 1 7 1 8 1 10 12 1 10 12 1 1 10 12 1 1 10 12 1 10 12 1 100 1 10 10 12 1 10 12 1 1 7 1 10 7 1 10 12 1 10 12 1 10 100 12 1 1 1 1 1 5 0 1 1 1 1 1 1 1 1 1 1 1 1 1 1 1 1 1 1 1 1 1 1 1 1 1 1 1 1 1 1 1 1 1 100 1 7 1 1 1 1 100 1 1 1 1
ciMethod java/util/concurrent/locks/ReentrantLock$Sync tryRelease (I)Z 170 0 13775 0 240
ciMethod java/util/concurrent/locks/ReentrantLock$Sync initialTryLock ()Z 0 0 1 0 -1
ciMethod java/util/concurrent/locks/ReentrantLock$Sync lock ()V 170 0 44188 0 0
ciMethod java/util/concurrent/locks/ReentrantLock$NonfairSync initialTryLock ()Z 782 0 22644 0 432
ciInstanceKlass java/io/FileDescriptor$1 1 1 81 10 7 12 1 1 1 10 7 12 1 1 1 9 12 1 1 9 12 1 1 10 12 1 10 7 12 1 1 1 10 12 1 1 10 12 1 10 12 1 1 9 12 1 1 100 1 100 1 1 1 1 1 1 1 1 1 1 1 1 1 1 1 1 100 1 1 1 1 1 1 1 1 1 1 1 1 1 1 1 1
ciMethod java/io/FileDescriptor$1 getAppend (Ljava/io/FileDescriptor;)Z 1024 0 5482 0 0
instanceKlass java/util/concurrent/locks/AbstractQueuedSynchronizer$SharedNode
instanceKlass java/util/concurrent/locks/AbstractQueuedSynchronizer$ConditionNode
instanceKlass java/util/concurrent/locks/AbstractQueuedSynchronizer$ExclusiveNode
ciInstanceKlass java/util/concurrent/locks/AbstractQueuedSynchronizer$Node 1 1 84 10 7 12 1 1 1 9 7 12 1 1 1 9 7 12 1 1 1 10 7 12 1 1 1 9 12 1 9 12 1 10 12 1 1 10 12 1 1 10 12 1 1 10 12 1 8 1 10 12 1 1 8 1 8 1 1 1 1 1 1 1 1 1 1 1 1 1 1 1 1 1 1 1 1 1 1 1 1 1 1 1 1 1
staticfield java/util/concurrent/locks/AbstractQueuedSynchronizer$Node STATUS J 12
staticfield java/util/concurrent/locks/AbstractQueuedSynchronizer$Node NEXT J 20
staticfield java/util/concurrent/locks/AbstractQueuedSynchronizer$Node PREV J 16
ciMethod java/util/concurrent/locks/AbstractQueuedSynchronizer$Node getAndUnsetStatus (I)I 0 0 49 0 0
ciInstanceKlass sun/nio/cs/StreamEncoder 1 1 360 9 7 12 1 1 1 100 1 8 1 10 12 1 1 10 7 12 1 1 1 10 12 1 100 1 100 1 100 1 10 10 12 1 10 12 1 10 12 1 1 10 12 1 1 9 12 1 1 7 1 10 12 1 10 12 1 10 12 1 10 12 1 10 12 1 1 10 12 1 10 12 1 100 1 10 12 10 12 1 10 7 12 1 1 1 10 7 12 1 1 1 10 12 1 10 12 1 10 12 10 12 1 10 12 1 10 12 1 10 12 1 10 12 1 1 9 7 12 1 1 1 10 7 12 1 1 1 10 12 1 10 7 12 1 1 9 12 1 9 12 1 1 9 12 1 1 10 12 1 1 9 12 1 1 9 12 1 1 10 7 12 1 1 1 9 12 1 1 9 12 1 1 10 10 12 1 1 10 12 1 10 9 12 1 100 1 10 10 12 1 1 10 12 1 10 7 12 1 1 10 12 1 10 12 10 12 1 9 12 1 1 10 12 1 1 10 12 1 10 12 1 1 10 12 10 12 1 1 10 7 12 1 1 10 12 1 10 12 1 10 12 1 10 12 1 1 10 12 1 1 10 12 1 10 12 1 1 10 12 10 12 1 10 12 1 1 10 7 12 1 1 1 10 12 1 1 10 12 1 10 12 1 10 12 1 7 1 10 12 1 1 10 12 1 100 1 11 12 1 10 12 1 10 7 12 1 1 1 1 3 1 3 1 1 1 1 1 1 1 1 1 1 1 1 1 100 1 1 1 1 1 1 1 1 1 7 1 1 1 1 1 1 100 1 1 1 1 1 1 1 1 1 1 1 1 1 1 1 1
staticfield sun/nio/cs/StreamEncoder $assertionsDisabled Z 1
ciMethod sun/nio/cs/StreamEncoder write ([CII)V 1024 0 4438 0 0
ciMethod sun/nio/cs/StreamEncoder isOpen ()Z 1024 0 5115 0 0
ciMethod sun/nio/cs/StreamEncoder writeBytes ()V 1024 0 4598 0 0
ciMethod sun/nio/cs/StreamEncoder ensureOpen ()V 1024 0 4502 0 0
ciMethod sun/nio/cs/StreamEncoder implWrite ([CII)V 1024 0 4502 0 0
ciMethod sun/nio/cs/StreamEncoder implWrite (Ljava/nio/CharBuffer;)V 1024 0 4506 0 0
ciMethod sun/nio/cs/StreamEncoder flushBuffer ()V 1024 0 5046 0 0
ciMethod sun/nio/cs/StreamEncoder lockedFlushBuffer ()V 1024 0 5054 0 0
ciMethod sun/nio/cs/StreamEncoder implFlushBuffer ()V 1024 0 4612 0 0
ciMethod sun/nio/cs/StreamEncoder lockedWrite ([CII)V 1024 0 4454 0 0
ciMethod sun/nio/cs/StreamEncoder flushLeftoverChar (Ljava/nio/CharBuffer;Z)V 0 0 1 0 -1
ciMethod sun/nio/cs/StreamEncoder growByteBufferIfNeeded (I)V 1024 0 4594 0 0
instanceKlass java/nio/DirectByteBufferR
ciInstanceKlass java/nio/DirectByteBuffer 1 1 566 9 7 12 1 1 1 9 12 1 1 10 7 12 1 1 1 10 7 12 1 1 1 10 7 12 1 1 1 10 7 12 1 1 1 10 12 1 1 9 12 1 1 10 7 12 1 1 1 7 1 10 12 1 10 12 1 1 9 12 1 1 7 1 10 12 1 10 7 12 1 1 1 7 1 10 12 1 1 10 12 1 10 12 1 1 100 1 7 1 10 12 1 8 1 10 12 1 1 10 12 1 8 1 10 12 1 1 10 12 1 7 1 5 0 8 1 7 1 9 11 7 12 1 1 1 10 12 1 10 12 1 9 12 1 1 100 1 10 10 12 1 1 10 12 1 9 12 1 1 10 12 1 10 100 12 1 1 1 10 12 1 10 12 1 100 1 10 10 12 1 1 10 100 12 1 1 1 10 12 1 100 1 8 1 10 10 12 1 9 12 1 1 10 12 1 10 12 1 1 10 7 12 1 1 1 10 7 12 1 1 1 10 12 1 1 10 12 1 10 12 1 1 10 12 1 1 10 12 1 10 12 10 12 1 9 12 1 10 12 1 1 10 12 10 12 1 1 10 12 1 10 12 1 1 10 12 10 12 1 1 9 12 1 5 0 100 1 10 12 1 100 1 10 9 12 1 100 1 10 12 1 100 1 10 10 12 1 1 10 12 1 1 10 12 1 1 10 12 1 1 100 1 10 100 1 10 100 1 10 100 1 10 10 12 1 1 10 12 1 10 12 1 1 10 12 1 1 5 0 100 1 10 100 1 10 100 1 10 100 1 10 10 12 1 1 10 12 1 10 12 1 1 10 12 1 1 5 0 100 1 10 100 1 10 7 1 10 100 1 10 10 7 12 1 1 1 10 12 1 1 10 12 1 1 10 12 1 1 100 1 10 100 1 10 7 1 10 100 1 10 10 7 12 1 1 1 10 12 1 10 12 1 1 10 12 1 1 100 1 10 100 1 10 100 1 10 100 1 10 10 12 1 1 10 12 1 10 12 1 1 10 12 10 7 12 1 1 10 12 1 1 1 1 1 1 1 1 1 1 1 1 1 1 1 1 1 1 1 1 1 1 1 1 1 1 1 1 1 1 1 1 1 1 100 1 100 1 7 1 1 1 1 1 1 1 1 1 1 1 1 1 1 1 1 1 1 1 1 1 1 1 1 1 1 1 100 1 1 1 1 1 1 1 1 100 1 1 1 1 1 100 1 1 1 1 1 100 1 1 1 1 1 1 1 100 1 1 1 1 1 1 1 1 100 1 1 1 1 1 1 1 1 1 1 1
staticfield java/nio/DirectByteBuffer UNALIGNED Z 1
staticfield java/nio/DirectByteBuffer $assertionsDisabled Z 1
ciInstanceKlass java/nio/HeapByteBuffer 1 1 360 10 7 12 1 1 1 9 7 12 1 1 1 9 12 1 9 12 1 10 12 1 1 10 12 1 9 12 1 1 9 12 1 1 9 12 1 1 10 12 1 10 7 12 1 1 1 10 12 1 10 12 1 100 1 10 10 12 1 10 12 1 1 10 12 1 10 12 1 1 100 1 10 12 10 7 12 1 1 1 10 12 1 10 12 1 100 1 10 10 12 1 1 10 12 1 9 12 1 1 100 1 10 10 12 10 12 1 9 12 1 1 10 12 1 1 10 12 10 12 1 1 9 12 1 10 7 12 1 1 1 10 12 1 10 12 10 12 1 1 100 1 10 12 1 100 1 10 10 12 1 1 10 12 1 1 100 1 10 100 1 10 10 12 1 1 10 12 1 1 100 1 10 100 1 10 10 12 1 1 10 12 1 1 100 1 10 100 1 10 10 100 12 1 1 1 10 12 1 1 100 1 10 100 1 10 10 100 12 1 1 1 10 12 1 1 100 1 10 100 1 10 10 12 1 1 10 12 1 1 10 12 10 7 12 1 1 1 9 12 1 1 7 10 7 12 1 1 1 10 12 1 1 1 1 1 1 1 1 1 1 1 1 1 1 1 1 1 1 1 1 1 1 1 1 1 1 1 1 1 1 1 1 1 1 1 1 1 1 1 1 1 1 1 1 1 1 1 1 1 1 1 100 1 1 1 1 1 1 1 1 1 1 100 1 1 1 1 1 100 1 1 1 1 1 1 1 1 1 100 1 1 1 1 1 1 1 1 1 1 100 1 1 1 1 1 1 1 1 1 1 100 1 1 1 1 1 1 1 1
staticfield java/nio/HeapByteBuffer ARRAY_BASE_OFFSET J 16
staticfield java/nio/HeapByteBuffer ARRAY_INDEX_SCALE J 1
staticfield java/nio/HeapByteBuffer $assertionsDisabled Z 1
ciInstanceKlass java/lang/invoke/BoundMethodHandle$Species_LL 1 1 73 1 7 1 7 1 1 1 1 1 1 1 1 12 9 1 1 1 12 10 12 9 12 9 1 1 12 10 1 1 1 100 1 7 1 1 12 10 1 7 1 1 12 10 1 1 1 12 10 1 1 1 12 10 1 1 1 12 10 1 1 1 12 10 1 1 1 12 10 1 1 1 1
ciInstanceKlass java/nio/HeapCharBuffer 1 1 253 10 7 12 1 1 1 9 7 12 1 1 1 9 12 1 9 12 1 10 12 1 1 10 12 1 9 12 1 1 9 12 1 1 9 12 1 1 10 12 1 10 7 12 1 1 1 10 12 1 10 12 1 100 1 10 10 12 1 10 12 1 1 10 12 1 10 12 1 1 100 1 10 12 10 7 12 1 1 1 10 12 1 10 12 1 100 1 10 10 12 1 1 10 12 1 11 100 12 1 1 10 12 1 7 1 10 12 1 1 100 1 10 100 1 10 10 12 1 1 10 12 1 1 10 12 10 9 12 1 1 100 1 10 10 12 10 12 1 10 12 1 100 1 100 1 10 10 100 12 1 1 1 10 12 1 10 10 10 12 1 1 10 12 1 1 10 12 1 10 12 10 7 12 1 1 1 9 12 1 1 7 10 7 12 1 1 1 10 12 1 1 1 1 1 1 1 1 1 1 1 1 1 1 1 1 1 1 1 1 1 1 1 1 1 1 1 1 1 1 1 1 1 1 1 1 1 1 1 1 1 1 1 1 1 1 1 1 1 1 1 1 100 1 1 1 1 1 1 1 1 1 1
staticfield java/nio/HeapCharBuffer ARRAY_BASE_OFFSET J 16
staticfield java/nio/HeapCharBuffer ARRAY_INDEX_SCALE J 2
staticfield java/nio/HeapCharBuffer $assertionsDisabled Z 1
ciMethod java/nio/HeapCharBuffer <init> ([CIILjava/lang/foreign/MemorySegment;)V 922 0 4562 0 0
ciMethod jdk/internal/util/Preconditions outOfBoundsCheckFromIndexSize (Ljava/util/function/BiFunction;III)Ljava/lang/RuntimeException; 0 0 1 0 -1
ciMethod jdk/internal/util/Preconditions outOfBoundsCheckFromToIndex (Ljava/util/function/BiFunction;III)Ljava/lang/RuntimeException; 0 0 1 0 -1
ciMethod jdk/internal/util/Preconditions checkFromIndexSize (IIILjava/util/function/BiFunction;)I 1024 0 56298 0 0
ciMethod jdk/internal/util/Preconditions checkFromToIndex (IIILjava/util/function/BiFunction;)I 516 0 36380 0 192
ciMethod java/lang/OutOfMemoryError <init> (Ljava/lang/String;)V 0 0 1 0 -1
ciMethod java/util/Arrays copyOf ([CI)[C 0 0 1 0 -1
ciMethod java/util/Arrays copyOf ([BI)[B 52 0 1198 0 -1
ciMethod java/lang/StringConcatHelper stringOf (Ljava/lang/Object;)Ljava/lang/String; 512 0 11856 0 0
ciMethod java/lang/StringConcatHelper checkOverflow (J)J 770 0 6777 0 0
ciMethod java/lang/StringConcatHelper initialCoder ()J 514 0 5800 0 0
ciMethod java/lang/StringConcatHelper prepend (J[BLjava/lang/String;)J 770 0 6726 0 608
ciMethod java/lang/StringConcatHelper mix (JLjava/lang/String;)J 768 0 6747 0 176
ciMethod java/lang/StringConcatHelper simpleConcat (Ljava/lang/Object;Ljava/lang/Object;)Ljava/lang/String; 514 0 5805 0 -1
ciMethod java/lang/StringConcatHelper newString ([BJ)Ljava/lang/String; 512 0 5938 0 0
ciMethod java/lang/StringConcatHelper newArray (J)[B 360 0 8479 0 -1
ciMethod java/lang/Math round (F)I 778 0 5117 0 -1
ciMethod java/lang/Math max (II)I 1024 0 31707 0 -1
ciMethod java/lang/Math min (II)I 1024 0 59907 0 -1
ciMethod jdk/internal/access/JavaLangAccess currentCarrierThread ()Ljava/lang/Thread; 0 0 1 0 -1
ciMethod jdk/internal/access/JavaLangAccess encodeASCII ([CI[BII)I 0 0 1 0 -1
ciMethod java/lang/Thread isVirtual ()Z 166 0 196 0 -1
ciMethod java/lang/Thread currentThread ()Ljava/lang/Thread; 0 0 1 0 -1
ciMethod jdk/internal/misc/Unsafe getAndBitwiseAndInt (Ljava/lang/Object;JI)I 130 0 49 0 -1
ciMethod jdk/internal/misc/Unsafe allocateUninitializedArray (Ljava/lang/Class;I)Ljava/lang/Object; 360 0 7025 0 360
ciMethod jdk/internal/misc/Unsafe unpark (Ljava/lang/Object;)V 94 0 33 0 -1
ciMethod jdk/internal/misc/Unsafe weakCompareAndSetInt (Ljava/lang/Object;JII)Z 444 0 206 0 -1
ciMethod jdk/internal/misc/Unsafe compareAndSetInt (Ljava/lang/Object;JII)Z 512 0 256 0 -1
ciMethod jdk/internal/misc/Unsafe getIntVolatile (Ljava/lang/Object;J)I 446 0 207 0 -1
ciMethod jdk/internal/misc/Unsafe allocateUninitializedArray0 (Ljava/lang/Class;I)Ljava/lang/Object; 632 0 6970 0 -1
ciMethod java/io/FileOutputStream writeBytes ([BIIZ)V 2304 0 1152 0 -1
ciMethod java/lang/InternalError <init> (Ljava/lang/String;)V 0 0 1 0 -1
ciMethod java/lang/Error <init> (Ljava/lang/String;)V 28 0 36 0 -1
ciMethod jdk/internal/misc/VM isBooted ()Z 514 0 5499 0 0
ciMethod sun/nio/cs/UTF_8 updatePositions (Ljava/nio/Buffer;ILjava/nio/Buffer;I)V 1024 0 4822 0 0
ciMethod java/io/BufferedOutputStream growIfNeeded (I)V 1024 0 5298 0 0
ciMethod java/io/BufferedOutputStream flushBuffer ()V 1024 0 5300 0 0
ciMethod java/io/BufferedOutputStream implWrite ([BII)V 1024 0 5254 0 0
ciMethod java/io/BufferedOutputStream implFlush ()V 1024 0 5389 0 0
ciMethod java/lang/String getBytes ([BIB)V 518 0 6802 0 512
ciMethod java/lang/String checkBoundsBeginEnd (III)V 538 0 36027 0 0
ciMethod java/lang/String isLatin1 ()Z 806 0 127570 0 88
ciMethod java/lang/String checkBoundsOffCount (III)I 1024 0 15342 0 0
ciMethod java/lang/String coder ()B 1024 0 286075 0 88
ciMethod java/lang/String valueOf (Ljava/lang/Object;)Ljava/lang/String; 50 0 4196 0 0
ciMethod java/lang/String indexOf (II)I 1024 0 16739 0 568
ciMethod java/lang/String indexOf (I)I 1024 0 11323 0 480
ciMethod java/lang/String getChars (II[CI)V 1024 0 4392 0 0
ciMethod java/lang/String <init> (Ljava/lang/String;)V 2 0 11 0 0
ciMethod java/lang/String <init> ([BB)V 514 0 41675 0 312
ciMethod java/io/PrintStream implWrite (Ljava/lang/String;)V 1024 0 4180 0 0
ciMethod java/io/PrintStream implWrite ([BII)V 1024 0 5184 0 0
ciMethod java/io/PrintStream ensureOpen ()V 988 0 8460 0 0
ciMethod java/io/PrintStream write (Ljava/lang/String;)V 428 0 4166 0 0
ciMethod java/io/OutputStream write ([BII)V 0 0 1 0 -1
ciMethod java/lang/StringBuilder append (I)Ljava/lang/StringBuilder; 6 0 861 0 -1
ciMethod java/lang/StringBuilder append (Ljava/lang/String;)Ljava/lang/StringBuilder; 32 0 13211 0 -1
ciMethod java/lang/StringBuilder <init> ()V 8 0 5144 0 -1
ciMethod java/lang/Object <init> ()V 1024 0 175724 0 80
ciInstanceKlass  @bci com/sun/marlin/TransformingPathConsumer2D$PathTracer <init> (Ljava/lang/String;)V 6 <appendix> form vmentry <vmtarget> ; 1 1 43 1 7 1 100 1 1 1 1 1 1 1 7 1 1 12 9 1 12 9 1 7 1 12 10 1 1 1 1 1 7 1 1 12 10 1 7 12 9 1 1 1 1
staticfield  @bci com/sun/marlin/TransformingPathConsumer2D$PathTracer <init> (Ljava/lang/String;)V 6 <appendix> form vmentry <vmtarget> ; _D_0 Ljava/lang/invoke/LambdaForm; java/lang/invoke/LambdaForm
ciInstanceKlass com/sun/glass/ui/InvokeLaterDispatcher 1 1 104 8 1 10 7 12 1 1 1 7 1 10 12 1 9 7 12 1 1 1 7 1 8 1 10 9 12 1 1 9 12 1 1 9 12 1 10 12 1 1 9 12 1 1 11 7 12 1 1 1 7 1 11 12 1 1 10 7 12 1 1 7 1 10 12 1 11 7 12 1 1 1 10 12 1 1 100 1 11 12 1 10 12 1 1 1 1 1 1 1 1 100 1 1 1 1 1 1 1 1 1 1 1 1
ciInstanceKlass sun/nio/cs/UTF_8$Encoder 1 1 177 4 4 10 7 12 1 1 1 10 100 12 1 1 1 10 12 1 1 10 7 12 1 1 1 9 7 12 1 1 1 10 7 12 1 1 1 10 12 1 1 10 12 1 1 10 12 10 12 1 10 7 12 1 1 10 10 10 9 12 1 1 10 7 12 1 1 1 11 7 12 1 1 1 10 7 12 1 1 1 9 12 1 10 12 1 1 9 12 1 1 100 1 10 12 1 10 12 1 1 10 12 1 1 10 12 1 1 10 12 1 1 10 10 12 1 10 12 1 1 10 12 1 10 12 1 10 12 1 10 10 12 1 1 10 12 1 1 1 1 1 1 1 1 1 1 1 1 1 1 1 1 1 1 1 1 1 1 1 1 1 1 1 1 1 100 100 1 1 1 1 1 1 1 100 1 1
instanceKlass java/io/UnsupportedEncodingException
instanceKlass java/io/EOFException
instanceKlass com/sun/javafx/iio/ImageStorageException
instanceKlass java/nio/file/FileSystemException
instanceKlass java/io/FileNotFoundException
instanceKlass java/net/MalformedURLException
ciInstanceKlass java/io/IOException 1 1 34 10 7 12 1 1 1 10 12 1 10 12 1 10 12 1 100 1 1 1 1 5 0 1 1 1 1 1 1 1 1 1 1 1
ciInstanceKlass java/lang/UnsupportedOperationException 0 0 34 10 100 12 1 1 1 10 12 1 10 12 1 10 12 1 100 1 1 1 1 5 0 1 1 1 1 1 1 1 1 1 1 1
ciInstanceKlass java/lang/AssertionError 0 0 79 10 100 12 1 1 1 10 12 1 10 100 12 1 1 1 10 100 1 100 1 10 12 1 1 10 12 1 10 12 1 10 12 1 10 12 1 10 12 1 10 12 1 10 12 1 1 1 1 5 0 1 1 1 1 1 1 1 1 1 1 100 1 1 1 1 1 1 1 1 1 1 1 1 1 1 1 1 1
ciInstanceKlass java/util/concurrent/ThreadPoolExecutor$Worker 1 1 112 9 7 12 1 1 1 10 7 12 1 1 1 10 12 1 1 9 12 1 1 10 7 12 1 1 1 11 7 12 1 1 1 9 12 1 1 10 12 1 1 10 12 1 1 10 12 1 1 10 7 12 1 1 1 10 12 1 1 10 12 1 10 12 1 1 10 12 1 10 12 1 1 10 12 1 10 12 1 100 1 100 1 1 1 1 5 0 1 1 1 1 1 1 1 1 1 1 1 1 1 1 1 1 1 1 1 1 1 1 1 1
instanceKlass java/lang/ArrayIndexOutOfBoundsException
ciInstanceKlass java/lang/IndexOutOfBoundsException 0 0 49 10 100 12 1 1 1 10 12 1 100 1 10 8 1 10 12 1 1 10 12 1 10 12 1 1 10 12 1 100 1 1 1 1 5 0 1 1 1 1 1 1 1 1 1 1 1 1 1
ciInstanceKlass java/lang/foreign/MemorySegment 0 0 241 10 100 12 1 1 1 10 100 12 1 1 1 10 12 1 10 12 1 10 12 1 10 12 1 10 12 1 10 12 1 10 12 1 1 9 100 12 1 1 1 11 100 12 1 1 1 10 100 12 1 1 1 10 10 12 1 10 12 1 10 12 1 1 11 12 1 1 9 12 1 1 100 1 1 1 1 1 1 1 1 1 1 1 1 1 1 1 1 1 1 1 1 1 1 1 1 1 1 1 1 1 1 1 1 1 1 1 1 1 1 1 1 1 1 1 1 1 1 1 1 1 1 1 1 1 1 1 1 1 1 1 1 1 1 1 1 1 1 1 1 1 1 1 1 1 1 1 1 1 1 1 1 1 1 1 1 1 1 1 1 1 1 1 1 1 1 1 1 1 1 1 1 1 1 1 1 1 1 1 1 1 1 1 1 1 1 1 1 1 1 1 1 1 1 1 1 1 1 1 1 1 1 1 1 1 1 1 1 1 1 1 100 1 1 1 100 1 1 1 100 1 1 100 1 1 100 1 1 100 1 1 100 1 1 100 1 1 100 1 1
ciInstanceKlass application/DistrictTree 1 1 121 7 1 7 1 1 1 1 1 1 10 12 9 12 1 1 1 1 1 1 10 12 1 1 1 1 1 1 7 1 7 1 10 10 12 10 12 1 1 9 12 10 7 1 12 1 1 9 12 1 9 12 1 1 1 1 10 12 1 10 12 1 1 1 1 1 1 1 1 100 1 10 10 12 1 1 1 1 1 1 9 7 1 12 1 1 18 12 1 1 10 7 1 12 1 1 1 10 12 1 10 12 1 1 1 1 1 10 7 1 12 1 15 8 1 1 100 1 100 1 1
ciInstanceKlass application/DistrictTreeNode 1 1 31 7 1 7 1 1 1 1 1 1 1 1 1 1 1 10 12 9 12 9 12 1 1 1 1 9 12 9 12 1 1
ciMethodData java/lang/StringUTF16 putChar ([BII)V 2 5148 orig 80 0 0 0 0 0 0 0 0 0 0 0 0 0 0 0 0 0 0 0 0 0 0 0 0 0 0 0 0 0 0 0 0 0 0 0 0 0 0 0 0 0 0 0 0 0 0 0 0 0 0 0 0 0 0 0 0 0 0 0 0 0 0 0 0 0 0 0 0 0 0 0 0 0 0 0 0 0 0 0 0 data 27 0x30007 0x141d 0x80 0x0 0x70007 0x0 0x50 0x0 0xc0002 0x0 0xf0007 0x0 0x30 0x0 0x180002 0x0 0x0 0x0 0x0 0x0 0x0 0x0 0x9 0x3 0xffffffffffffffff 0x0 0x0 oops 0 methods 0
ciMethod sun/nio/cs/UTF_8$Encoder encodeArrayLoop (Ljava/nio/CharBuffer;Ljava/nio/ByteBuffer;)Ljava/nio/charset/CoderResult; 1024 0 4742 0 0
ciMethod sun/nio/cs/UTF_8$Encoder encodeArrayLoopSlow (Ljava/nio/CharBuffer;[CIILjava/nio/ByteBuffer;[BII)Ljava/nio/charset/CoderResult; 0 0 1 0 -1
ciMethod sun/nio/cs/UTF_8$Encoder encodeBufferLoop (Ljava/nio/CharBuffer;Ljava/nio/ByteBuffer;)Ljava/nio/charset/CoderResult; 0 0 1 0 -1
ciMethod sun/nio/cs/UTF_8$Encoder encodeLoop (Ljava/nio/CharBuffer;Ljava/nio/ByteBuffer;)Ljava/nio/charset/CoderResult; 1024 0 4742 0 0
ciMethodData java/lang/Object <init> ()V 2 175256 orig 80 0 0 0 0 0 0 0 0 0 0 0 0 0 0 0 0 0 0 0 0 0 0 0 0 0 0 0 0 0 0 0 0 0 0 0 0 0 0 0 0 0 0 0 0 0 0 0 0 0 0 0 0 0 0 0 0 0 0 0 0 0 0 0 0 0 0 0 0 0 0 0 0 0 0 0 0 0 0 0 0 data 4 0x0 0x9 0x1 0x0 oops 0 methods 0
ciMethodData java/lang/String isLatin1 ()Z 2 127271 orig 80 0 0 0 0 0 0 0 0 0 0 0 0 60 2 0 0 0 0 0 0 0 0 0 0 0 0 0 0 0 0 0 0 0 0 0 0 0 0 0 0 0 0 0 0 0 0 0 0 0 0 0 0 0 0 0 0 0 0 0 0 0 0 0 0 0 0 0 0 0 0 0 0 0 0 0 0 0 0 0 0 data 18 0x30007 0x0 0x58 0x1f127 0xa0007 0x1095 0x38 0x1e092 0xe0003 0x1e092 0x18 0x0 0x0 0x0 0x0 0x9 0x1 0x0 oops 0 methods 0
ciMethodData java/lang/StringUTF16 length ([B)I 2 13430 orig 80 0 0 0 0 0 0 0 0 0 0 0 0 0 0 0 0 0 0 0 0 0 0 0 0 0 0 0 0 0 0 0 0 0 0 0 0 0 0 0 0 0 0 0 0 0 0 0 0 0 0 0 0 0 0 0 0 0 0 0 0 0 0 0 0 0 0 0 0 0 0 0 0 0 0 0 0 0 0 0 0 data 6 0x0 0x0 0x0 0x9 0x1 0x0 oops 0 methods 0
ciMethodData java/lang/String coder ()B 2 285639 orig 80 0 0 0 0 0 0 0 0 0 0 0 0 0 0 0 0 0 0 0 0 0 0 0 0 0 0 0 0 0 0 0 0 0 0 0 0 0 0 0 0 0 0 0 0 0 0 0 0 0 0 0 0 0 0 0 0 0 0 0 0 0 0 0 0 0 0 0 0 0 0 0 0 0 0 0 0 0 0 0 0 data 14 0x30007 0x0 0x38 0x45bc8 0xa0003 0x45bc8 0x18 0x0 0x0 0x0 0x0 0x9 0x1 0x0 oops 0 methods 0
ciMethodData java/lang/String length ()I 2 211367 orig 80 0 0 0 0 0 0 0 0 0 0 0 0 0 0 0 0 0 0 0 0 0 0 0 0 0 0 0 0 0 0 0 0 0 0 0 0 0 0 0 0 0 0 0 0 0 0 0 0 0 0 0 0 0 0 0 0 0 0 0 0 0 0 0 0 0 0 0 0 0 0 0 0 0 0 0 0 0 0 0 0 data 15 0x60005 0x339a6 0x0 0x0 0x0 0x0 0x0 0x0 0x0 0x0 0x0 0x0 0x9 0x1 0x0 oops 0 methods 0
ciMethodData java/lang/String indexOf (II)I 2 16227 orig 80 0 0 0 0 0 0 0 0 0 0 0 0 0 0 0 0 0 0 0 0 0 0 0 0 0 0 0 0 0 0 0 0 0 0 0 0 0 0 0 0 0 0 0 0 0 0 0 0 0 0 0 0 0 0 0 0 0 0 0 0 0 0 0 0 0 0 0 0 0 0 0 0 0 0 0 0 0 0 0 0 data 40 0x10005 0x3f64 0x0 0x0 0x0 0x0 0x40007 0x38 0x78 0x3f2c 0xe0005 0x3f2c 0x0 0x0 0x0 0x0 0x110002 0x3f2c 0x140003 0x3f2c 0x58 0x1e0005 0x38 0x0 0x0 0x0 0x0 0x210002 0x38 0x0 0x0 0x0 0x0 0x0 0x0 0x9 0x3 0x0 0x0 0x0 oops 0 methods 0
ciMethodData java/lang/StringLatin1 canEncode (I)Z 2 18861 orig 80 0 0 0 0 0 0 0 0 0 0 0 0 0 0 0 0 0 0 0 0 0 0 0 0 0 0 0 0 0 0 0 0 0 0 0 0 0 0 0 0 0 0 0 0 0 0 0 0 0 0 0 0 0 0 0 0 0 0 0 0 0 0 0 0 0 0 0 0 0 0 0 0 0 0 0 0 0 0 0 0 data 15 0x10007 0x0 0x58 0x49ae 0x80007 0x63 0x38 0x494b 0xc0003 0x494b 0x18 0x0 0x9 0x1 0x0 oops 0 methods 0
ciMethodData java/lang/String indexOf (I)I 2 12351 orig 80 0 0 0 0 0 0 0 0 0 0 0 0 0 0 0 0 0 0 0 0 0 0 0 0 0 0 0 0 0 0 0 0 0 0 0 0 0 0 0 0 0 0 0 0 0 0 0 0 0 0 0 0 0 0 0 0 0 0 0 0 0 0 0 0 0 0 0 0 0 0 0 0 0 0 0 0 0 0 0 0 data 16 0x30005 0x3040 0x0 0x0 0x0 0x0 0x0 0x0 0x0 0x0 0x0 0x0 0x9 0x2 0x0 0x0 oops 0 methods 0
ciMethodData java/lang/StringLatin1 indexOf ([BIII)I 2 16161 orig 80 0 0 0 0 0 0 0 0 0 0 0 0 0 0 0 0 0 0 0 0 0 0 0 0 0 0 0 0 0 0 0 0 0 0 0 0 0 0 0 0 0 0 0 0 0 0 0 0 0 0 0 0 0 0 0 0 0 0 0 0 0 0 0 0 0 0 0 0 0 0 0 0 0 0 0 0 0 0 0 0 data 28 0x10002 0x3f22 0x40007 0x3ebf 0x20 0x63 0xb0002 0x3ebf 0x120002 0x3ebf 0x180007 0x3eba 0x20 0x5 0x210002 0x3eba 0x0 0x0 0x0 0x0 0x0 0x0 0x9 0x4 0x0 0x0 0x0 0x0 oops 0 methods 0
ciMethodData java/lang/StringUTF16 indexOf ([BIII)I 1 330 orig 80 0 0 0 0 0 0 0 0 0 0 0 0 60 2 0 0 0 0 0 0 0 0 0 0 0 0 0 0 0 0 0 0 0 0 0 0 0 0 0 0 0 0 0 0 0 0 0 0 0 0 0 0 0 0 0 0 0 0 0 0 0 0 0 0 0 0 0 0 0 0 0 0 0 0 0 0 0 0 0 0 data 28 0x20002 0x14a 0xb0002 0x14a 0x110007 0x146 0x20 0x4 0x190007 0x0 0x30 0x146 0x200002 0x146 0x280002 0x0 0x0 0x0 0x0 0x0 0x0 0x0 0x9 0x4 0x0 0x0 0x0 0x0 oops 0 methods 0
ciMethodData java/lang/String isEmpty ()Z 2 30417 orig 80 0 0 0 0 0 0 0 0 0 0 0 0 60 2 0 0 0 0 0 0 0 0 0 0 0 0 0 0 0 0 0 0 0 0 0 0 0 0 0 0 0 0 0 0 0 0 0 0 0 0 0 0 0 0 0 0 0 0 0 0 0 0 0 0 0 0 0 0 0 0 0 0 0 0 0 0 0 0 0 0 data 14 0x50007 0x6ff7 0x38 0x6da 0x90003 0x6da 0x18 0x0 0x0 0x0 0x0 0x9 0x1 0x0 oops 0 methods 0
ciMethodData java/lang/String getBytes ([BIB)V 2 6543 orig 80 0 0 0 0 0 0 0 0 0 0 0 0 60 2 0 0 0 0 0 0 0 0 0 0 0 0 0 0 0 0 0 0 0 0 0 0 0 0 0 0 0 0 0 0 0 0 0 0 0 0 0 0 0 0 0 0 0 0 0 0 0 0 0 0 0 0 0 0 0 0 0 0 0 0 0 0 0 0 0 0 data 29 0x10005 0x198f 0x0 0x0 0x0 0x0 0x50007 0x382 0x48 0x160d 0x160002 0x160d 0x190003 0x160d 0x28 0x280002 0x382 0x0 0x0 0x0 0x0 0x0 0x0 0x9 0x4 0x0 0xffffffffffffffff 0x0 0x0 oops 0 methods 0
ciMethodData java/lang/StringLatin1 inflate ([BI[BII)V 2 2005 orig 80 0 0 0 0 0 0 0 0 0 0 0 0 60 2 0 0 0 0 0 0 0 0 0 0 0 0 0 0 0 0 0 0 0 0 0 0 0 0 0 0 0 0 0 0 0 0 0 0 0 0 0 0 0 0 0 0 0 0 0 0 0 0 0 0 0 0 0 0 0 0 0 0 0 0 0 0 0 0 0 0 data 15 0x60002 0x7d5 0x0 0x0 0x0 0x0 0x0 0x0 0x9 0x5 0x0 0x0 0xffffffffffffffff 0x0 0x0 oops 0 methods 0
ciMethodData jdk/internal/util/Preconditions checkFromToIndex (IIILjava/util/function/BiFunction;)I 2 36126 orig 80 0 0 0 0 0 0 0 0 0 0 0 0 60 2 0 0 0 0 0 0 0 0 0 0 0 0 0 0 0 0 0 0 0 0 0 0 0 0 0 0 0 0 0 0 0 0 0 0 0 0 0 0 0 0 0 0 0 0 0 0 0 0 0 0 0 0 0 0 0 0 0 0 0 0 0 0 0 0 0 0 data 26 0x10007 0x0 0x60 0x8d1e 0x60007 0x0 0x40 0x8d1e 0xb0007 0x8d1e 0x30 0x0 0x120002 0x0 0x0 0x0 0x0 0x0 0x0 0x0 0x9 0x4 0x0 0x0 0x0 0x0 oops 0 methods 0
ciMethodData java/lang/String <init> ([BB)V 2 41418 orig 80 0 0 0 0 0 0 0 0 0 0 0 0 60 2 0 0 0 0 0 0 0 0 0 0 0 0 0 0 0 0 0 0 0 0 0 0 0 0 0 0 0 0 0 0 0 0 0 0 0 0 0 0 0 0 0 0 0 0 0 0 0 0 0 0 0 0 0 0 0 0 0 0 0 0 0 0 0 0 0 0 data 11 0x10002 0xa1ca 0x0 0x0 0x0 0x0 0x9 0x3 0xc 0x0 0x0 oops 0 methods 0
ciMethodData java/lang/StringConcatHelper newArray (J)[B 2 8363 orig 80 0 0 0 0 0 0 0 0 0 0 0 0 60 2 0 0 0 0 0 0 0 0 0 0 0 0 0 0 0 0 0 0 0 0 0 0 0 0 0 0 0 0 0 0 0 0 0 0 0 0 0 0 0 0 0 0 0 0 0 0 0 0 0 0 0 0 0 0 0 0 0 0 0 0 0 0 0 0 0 0 data 28 0xd0007 0x20ab 0x30 0x0 0x160002 0x0 0x210005 0x20ab 0x0 0x0 0x0 0x0 0x240004 0x0 0x23c3f5897e0 0x20ab 0x0 0x0 0x0 0x0 0x0 0x0 0x0 0x0 0x9 0x2 0x0 0x0 oops 1 14 [B methods 0
ciMethodData jdk/internal/misc/Unsafe allocateUninitializedArray (Ljava/lang/Class;I)Ljava/lang/Object; 2 6845 orig 80 1 0 0 0 0 0 0 0 0 0 0 0 60 2 0 0 0 0 0 0 4 0 0 0 0 0 0 0 0 0 0 0 0 0 0 0 0 0 0 0 0 0 0 0 0 0 0 0 0 0 0 0 0 0 0 0 0 0 0 0 0 0 0 0 0 0 0 0 0 0 0 0 0 0 0 0 0 0 0 0 data 41 0x10007 0x1abd 0x30 0x0 0xb0002 0x0 0x100005 0x1abd 0x0 0x0 0x0 0x0 0x130007 0x1abd 0x30 0x0 0x1d0002 0x0 0x220007 0x1abd 0x30 0x0 0x2c0002 0x0 0x8000000400330005 0x1ac1 0x0 0x0 0x0 0x0 0x0 0x0 0x0 0x0 0x0 0x0 0x9 0x3 0x0 0x0 0x0 oops 0 methods 0
ciMethodData java/lang/String checkBoundsBeginEnd (III)V 2 35759 orig 80 0 0 0 0 0 0 0 0 0 0 0 0 60 2 0 0 0 0 0 0 0 0 0 0 0 0 0 0 0 0 0 0 0 0 0 0 0 0 0 0 0 0 0 0 0 0 0 0 0 0 0 0 0 0 0 0 0 0 0 0 0 0 0 0 0 0 0 0 0 0 0 0 0 0 0 0 0 0 0 0 data 13 0x60002 0x8baf 0x0 0x0 0x0 0x0 0x0 0x0 0x9 0x3 0x0 0x0 0x0 oops 0 methods 0
ciMethodData jdk/internal/util/Preconditions checkFromIndexSize (IIILjava/util/function/BiFunction;)I 2 55788 orig 80 0 0 0 0 0 0 0 0 0 0 0 0 0 0 0 0 0 0 0 0 0 0 0 0 0 0 0 0 0 0 0 0 0 0 0 0 0 0 0 0 0 0 0 0 0 0 0 0 0 0 0 0 0 0 0 0 0 0 0 0 0 0 0 0 0 0 0 0 0 0 0 0 0 0 0 0 0 0 0 0 data 22 0x50007 0x0 0x40 0xd9ed 0xc0007 0xd9ed 0x30 0x0 0x130002 0x0 0x0 0x0 0x0 0x0 0x0 0x0 0x9 0x4 0x0 0x0 0x0 0x0 oops 0 methods 0
ciMethodData java/lang/String checkBoundsOffCount (III)I 2 14848 orig 80 0 0 0 0 0 0 0 0 0 0 0 0 0 0 0 0 0 0 0 0 0 0 0 0 0 0 0 0 0 0 0 0 0 0 0 0 0 0 0 0 0 0 0 0 0 0 0 0 0 0 0 0 0 0 0 0 0 0 0 0 0 0 0 0 0 0 0 0 0 0 0 0 0 0 0 0 0 0 0 0 data 13 0x60002 0x3a01 0x0 0x0 0x0 0x0 0x0 0x0 0x9 0x3 0x0 0x0 0x0 oops 0 methods 0
ciMethodData java/lang/StringUTF16 checkBoundsOffCount (II[B)V 2 2352 orig 80 0 0 0 0 0 0 0 0 0 0 0 0 0 0 0 0 0 0 0 0 0 0 0 0 0 0 0 0 0 0 0 0 0 0 0 0 0 0 0 0 0 0 0 0 0 0 0 0 0 0 0 0 0 0 0 0 0 0 0 0 0 0 0 0 0 0 0 0 0 0 0 0 0 0 0 0 0 0 0 0 data 15 0x30002 0x931 0x60002 0x931 0x0 0x0 0x0 0x0 0x0 0x0 0x9 0x3 0x0 0x0 0x0 oops 0 methods 0
ciMethodData java/nio/Buffer hasRemaining ()Z 2 6324 orig 80 0 0 0 0 0 0 0 0 0 0 0 0 60 2 0 0 0 0 0 0 0 0 0 0 0 0 0 0 0 0 0 0 0 0 0 0 0 0 0 0 0 0 0 0 0 0 0 0 0 0 0 0 0 0 0 0 0 0 0 0 0 0 0 0 0 0 0 0 0 0 0 0 0 0 0 0 0 0 0 0 data 14 0x80007 0x5b2 0x38 0x1301 0xc0003 0x1301 0x18 0x0 0x0 0x0 0x0 0x9 0x1 0x0 oops 0 methods 0
ciMethodData jdk/internal/misc/VM isBooted ()Z 2 5242 orig 80 0 0 0 0 0 0 0 0 0 0 0 0 60 2 0 0 0 0 0 0 0 0 0 0 0 0 0 0 0 0 0 0 0 0 0 0 0 0 0 0 0 0 0 0 0 0 0 0 0 0 0 0 0 0 0 0 0 0 0 0 0 0 0 0 0 0 0 0 0 0 0 0 0 0 0 0 0 0 0 0 data 11 0x40007 0x44 0x38 0x1436 0x80003 0x1436 0x18 0x0 0x0 0x9 0x0 oops 0 methods 0
ciMethodData jdk/internal/misc/Blocker begin ()J 2 5205 orig 80 0 0 0 0 0 0 0 0 0 0 0 0 60 2 0 0 0 0 0 0 0 0 0 0 0 0 0 0 0 0 0 0 0 0 0 0 0 0 0 0 0 0 0 0 0 0 0 0 0 0 0 0 0 0 0 0 0 0 0 0 0 0 0 0 0 0 0 0 0 0 0 0 0 0 0 0 0 0 0 0 data 90 0x2 0x1455 0x30007 0x31 0x270 0x1424 0x60002 0x1424 0xb0004 0x0 0x23c3f563558 0x141c 0x23c3f731500 0x8 0xe0007 0x1424 0x210 0x0 0x120004 0x0 0x0 0x0 0x0 0x0 0x170005 0x0 0x0 0x0 0x0 0x0 0x1a0007 0x0 0x190 0x0 0x1e0005 0x0 0x0 0x0 0x0 0x0 0x240005 0x0 0x0 0x0 0x0 0x0 0x270002 0x0 0x2e0007 0x0 0x60 0x0 0x310002 0x0 0x350007 0x0 0x30 0x0 0x3c0002 0x0 0x460007 0x0 0x50 0x0 0x4a0005 0x0 0x0 0x0 0x0 0x0 0x530007 0x0 0x50 0x0 0x570005 0x0 0x0 0x0 0x0 0x0 0x0 0x0 0x0 0x0 0x0 0x0 0x9 0x0 0x500001 0x500001 oops 2 10 java/lang/Thread 12 com/sun/glass/ui/InvokeLaterDispatcher methods 0
ciMethodData jdk/internal/misc/Blocker currentCarrierThread ()Ljava/lang/Thread; 2 5156 orig 80 0 0 0 0 0 0 0 0 0 0 0 0 60 2 0 0 0 0 0 0 0 0 0 0 0 0 0 0 0 0 0 0 0 0 0 0 0 0 0 0 0 0 0 0 0 0 0 0 0 0 0 0 0 0 0 0 0 0 0 0 0 0 0 0 0 0 0 0 0 0 0 0 0 0 0 0 0 0 0 0 data 14 0x30005 0x0 0x23c85150298 0x1424 0x0 0x0 0x0 0x0 0x0 0x0 0x0 0x0 0x9 0x0 oops 1 2 java/lang/System$2 methods 0
ciMethodData jdk/internal/misc/Blocker end (J)V 2 6147 orig 80 0 0 0 0 0 0 0 0 0 0 0 0 60 2 0 0 0 0 0 0 0 0 0 0 0 0 0 0 0 0 0 0 0 0 0 0 0 0 0 0 0 0 0 0 0 0 0 0 0 0 0 0 0 0 0 0 0 0 0 0 0 0 0 0 0 0 0 0 0 0 0 0 0 0 0 0 0 0 0 0 data 77 0x30007 0x1803 0x218 0x0 0x90007 0x0 0x148 0x0 0xc0002 0x0 0x110004 0x0 0x0 0x0 0x0 0x0 0x140007 0x0 0xb8 0x0 0x180004 0x0 0x0 0x0 0x0 0x0 0x1d0005 0x0 0x0 0x0 0x0 0x0 0x200007 0x0 0x38 0x0 0x240003 0x0 0x18 0x280007 0x0 0x30 0x0 0x2f0002 0x0 0x330002 0x0 0x360004 0x0 0x0 0x0 0x0 0x0 0x3b0005 0x0 0x0 0x0 0x0 0x0 0x3f0002 0x0 0x430005 0x0 0x0 0x0 0x0 0x0 0x0 0x0 0x0 0x0 0x0 0x0 0x9 0x2 0x0 0x0 oops 0 methods 0
ciMethod java/io/IOException <init> (Ljava/lang/String;)V 2 0 2 0 -1
ciMethodData java/lang/StringUTF16 inflate ([BI[BII)V 2 1764 orig 80 0 0 0 0 0 0 0 0 0 0 0 0 60 2 0 0 0 0 0 0 0 0 0 0 0 0 0 0 0 0 0 0 0 0 0 0 0 0 0 0 0 0 0 0 0 0 0 0 0 0 0 0 0 0 0 0 0 0 0 0 0 0 0 0 0 0 0 0 0 0 0 0 0 0 0 0 0 0 0 0 data 24 0x40002 0x6e4 0xe0007 0x6e4 0x48 0x1934 0x200002 0x18 0x260003 0x1934 0xffffffffffffffd0 0x0 0x0 0x0 0x0 0x0 0x0 0x9 0x5 0x0 0x0 0xffffffffffffffff 0x0 0x0 oops 0 methods 0
ciMethodData java/lang/String toString ()Ljava/lang/String; 2 14937 orig 80 0 0 0 0 0 0 0 0 0 0 0 0 60 2 0 0 0 0 0 0 0 0 0 0 0 0 0 0 0 0 0 0 0 0 0 0 0 0 0 0 0 0 0 0 0 0 0 0 0 0 0 0 0 0 0 0 0 0 0 0 0 0 0 0 0 0 0 0 0 0 0 0 0 0 0 0 0 0 0 0 data 5 0x0 0x0 0x9 0x1 0x0 oops 0 methods 0
ciMethodData java/util/concurrent/locks/ReentrantLock lock ()V 2 44158 orig 80 0 0 0 0 0 0 0 0 0 0 0 0 60 2 0 0 0 0 0 0 0 0 0 0 0 0 0 0 0 0 0 0 0 0 0 0 0 0 0 0 0 0 0 0 0 0 0 0 0 0 0 0 0 0 0 0 0 0 0 0 0 0 0 0 0 0 0 0 0 0 0 0 0 0 0 0 0 0 0 0 data 15 0x40005 0xac7f 0x0 0x0 0x0 0x0 0x0 0x0 0x0 0x0 0x0 0x0 0x9 0x1 0x0 oops 0 methods 0
ciMethodData java/util/concurrent/locks/ReentrantLock$Sync lock ()V 2 44223 orig 80 0 0 0 0 0 0 0 0 0 0 0 0 60 2 0 0 0 0 0 0 0 0 0 0 0 0 0 0 0 0 0 0 0 0 0 0 0 0 0 0 0 0 0 0 0 0 0 0 0 0 0 0 0 0 0 0 0 0 0 0 0 0 0 0 0 0 0 0 0 0 0 0 0 0 0 0 0 0 0 0 data 25 0x10005 0x0 0x23c3f83e860 0xacbe 0x0 0x0 0x40007 0xac48 0x50 0x77 0x90005 0x77 0x0 0x0 0x0 0x0 0x0 0x0 0x0 0x0 0x0 0x0 0x9 0x1 0x0 oops 1 2 java/util/concurrent/locks/ReentrantLock$NonfairSync methods 0
ciMethodData java/util/concurrent/locks/ReentrantLock unlock ()V 2 45489 orig 80 0 0 0 0 0 0 0 0 0 0 0 0 60 2 0 0 0 0 0 0 0 0 0 0 0 0 0 0 0 0 0 0 0 0 0 0 0 0 0 0 0 0 0 0 0 0 0 0 0 0 0 0 0 0 0 0 0 0 0 0 0 0 0 0 0 0 0 0 0 0 0 0 0 0 0 0 0 0 0 0 data 15 0x50005 0xb1ae 0x0 0x0 0x0 0x0 0x0 0x0 0x0 0x0 0x0 0x0 0x9 0x1 0x0 oops 0 methods 0
ciMethodData java/util/concurrent/locks/AbstractQueuedSynchronizer release (I)Z 2 45590 orig 80 0 0 0 0 0 0 0 0 0 0 0 0 60 2 0 0 0 0 0 0 0 0 0 0 0 0 0 0 0 0 0 0 0 0 0 0 0 0 0 0 0 0 0 0 0 0 0 0 0 0 0 0 0 0 0 0 0 0 0 0 0 0 0 0 0 0 0 0 0 0 0 0 0 0 0 0 0 0 0 0 data 22 0x20005 0x0 0x23c3f83e860 0xb210 0x23c85112be8 0x6 0x50007 0xc77 0x30 0xa59f 0xc0002 0xa59f 0x0 0x0 0x0 0x0 0x0 0x0 0x9 0x2 0x0 0x0 oops 2 2 java/util/concurrent/locks/ReentrantLock$NonfairSync 4 java/util/concurrent/ThreadPoolExecutor$Worker methods 0
ciMethodData java/util/concurrent/locks/ReentrantLock$Sync tryRelease (I)Z 2 13690 orig 80 1 0 0 0 0 0 0 0 0 0 0 0 60 2 0 0 0 0 0 0 0 0 0 0 0 0 0 0 0 0 0 0 0 0 0 0 0 0 0 1 0 0 0 0 0 0 0 0 0 0 0 0 0 0 0 0 0 0 0 0 0 0 0 0 0 0 0 0 0 0 0 0 0 0 0 0 0 0 0 0 data 53 0x10005 0x357a 0x0 0x0 0x0 0x0 0x80005 0x357a 0x0 0x0 0x0 0x0 0xb0002 0x357a 0xe0007 0x357a 0x30 0x0 0x150002 0x0 0x80000006001a0007 0x1ec 0x38 0x338f 0x1e0003 0x338f 0x18 0x240007 0x1ec 0x50 0x338f 0x290005 0x338f 0x0 0x0 0x0 0x0 0x2e0005 0x357b 0x0 0x0 0x0 0x0 0x0 0x0 0x0 0x0 0x0 0x0 0x9 0x2 0x0 0x0 oops 0 methods 0
ciMethodData java/util/concurrent/locks/AbstractQueuedSynchronizer signalNext (Ljava/util/concurrent/locks/AbstractQueuedSynchronizer$Node;)V 2 6417 orig 80 0 0 0 0 0 0 0 0 0 0 0 0 60 2 0 0 0 0 0 0 0 0 0 0 0 0 0 0 0 0 0 0 0 0 0 0 0 0 0 0 0 0 0 0 0 0 0 0 0 0 0 0 0 0 0 0 0 0 0 0 0 0 0 0 0 0 0 0 0 0 0 0 0 0 0 0 0 0 0 0 data 29 0x10007 0x17fa 0xa0 0x117 0xa0007 0xec 0x80 0x2b 0x110007 0x15 0x60 0x16 0x160005 0x16 0x0 0x0 0x0 0x0 0x1e0002 0x16 0x0 0x0 0x0 0x0 0x0 0x0 0x9 0x1 0x0 oops 0 methods 0
ciMethodData java/lang/StringConcatHelper stringOf (Ljava/lang/Object;)Ljava/lang/String; 2 11606 orig 80 0 0 0 0 0 0 0 0 0 0 0 0 60 2 0 0 0 0 0 0 0 0 0 0 0 0 0 0 0 0 0 0 0 0 0 0 0 0 0 0 0 0 0 0 0 0 0 0 0 0 0 0 0 0 0 0 0 0 0 0 0 0 0 0 0 0 0 0 0 0 0 0 0 0 0 0 0 0 0 0 data 26 0x10007 0x0 0x70 0x2d56 0x50005 0x28ee 0x23c3f5622a8 0x468 0x0 0x0 0xa0007 0x2d56 0x38 0x0 0xf0003 0x0 0x18 0x0 0x0 0x0 0x0 0x0 0x0 0x9 0x1 0x0 oops 1 6 java/lang/String methods 0
ciMethod java/lang/AssertionError <init> (Ljava/lang/Object;)V 0 0 1 0 -1
ciMethodData java/lang/String valueOf (Ljava/lang/Object;)Ljava/lang/String; 2 4173 orig 80 0 0 0 0 0 0 0 0 0 0 0 0 60 2 0 0 0 0 0 0 0 0 0 0 0 0 0 0 0 0 0 0 0 0 0 0 0 0 0 0 0 0 0 0 0 0 0 0 0 0 0 0 0 0 0 0 0 0 0 0 0 0 0 0 0 0 0 0 0 0 0 0 0 0 0 0 0 0 0 0 data 22 0x10007 0x104d 0x38 0x0 0x70003 0x0 0x48 0xb0005 0xf5c 0x23c8529ce70 0x2 0x23c3f5622a8 0xef 0x0 0x0 0x0 0x0 0x0 0x0 0x9 0x1 0x0 oops 2 9 java/net/URI 11 java/lang/String methods 0
ciMethodData java/lang/invoke/DirectMethodHandle internalMemberName (Ljava/lang/Object;)Ljava/lang/Object; 2 6212 orig 80 0 0 0 0 0 0 0 0 0 0 0 0 60 2 0 0 0 0 0 0 0 0 0 0 0 0 0 0 0 0 0 0 0 0 0 0 0 0 0 0 0 0 0 0 0 0 0 0 0 0 0 0 0 0 0 0 0 0 0 0 0 0 0 0 0 0 0 0 0 0 0 0 0 0 0 0 0 0 0 0 data 15 0x10004 0x0 0x23c3f564628 0x989 0x0 0x0 0x0 0x0 0x0 0x0 0x0 0x0 0x9 0x1 0x0 oops 1 2 java/lang/invoke/DirectMethodHandle methods 0
ciMethodData java/lang/StringConcatHelper mix (JLjava/lang/String;)J 2 6363 orig 80 0 0 0 0 0 0 0 0 0 0 0 0 60 2 0 0 0 0 0 0 0 0 0 0 0 0 0 0 0 0 0 0 0 0 0 0 0 0 0 0 0 0 0 0 0 0 0 0 0 0 0 0 0 0 0 0 0 0 0 0 0 0 0 0 0 0 0 0 0 0 0 0 0 0 0 0 0 0 0 0 data 29 0x20005 0x18db 0x0 0x0 0x0 0x0 0x90005 0x18db 0x0 0x0 0x0 0x0 0xd0007 0x18d8 0x20 0x3 0x170002 0x18db 0x0 0x0 0x0 0x0 0x0 0x0 0x9 0x3 0x0 0x0 0x0 oops 0 methods 0
ciMethodData java/lang/StringConcatHelper checkOverflow (J)J 2 6392 orig 80 0 0 0 0 0 0 0 0 0 0 0 0 60 2 0 0 0 0 0 0 0 0 0 0 0 0 0 0 0 0 0 0 0 0 0 0 0 0 0 0 0 0 0 0 0 0 0 0 0 0 0 0 0 0 0 0 0 0 0 0 0 0 0 0 0 0 0 0 0 0 0 0 0 0 0 0 0 0 0 0 data 14 0x20007 0x0 0x20 0x18f8 0xd0002 0x0 0x0 0x0 0x0 0x0 0x9 0x2 0x0 0x0 oops 0 methods 0
ciMethodData java/lang/StringConcatHelper prepend (J[BLjava/lang/String;)J 2 6341 orig 80 0 0 0 0 0 0 0 0 0 0 0 0 60 2 0 0 0 0 0 0 0 0 0 0 0 0 0 0 0 0 0 0 0 0 0 0 0 0 0 0 0 0 0 0 0 0 0 0 0 0 0 0 0 0 0 0 0 0 0 0 0 0 0 0 0 0 0 0 0 0 0 0 0 0 0 0 0 0 0 0 data 37 0x20005 0x18c5 0x0 0x0 0x0 0x0 0xd0007 0x8 0x68 0x18bd 0x150005 0x18bd 0x0 0x0 0x0 0x0 0x180003 0x18bd 0x48 0x200005 0x8 0x0 0x0 0x0 0x0 0x0 0x0 0x0 0x0 0x0 0x0 0x9 0x4 0x0 0x0 0x0 0x0 oops 0 methods 0
ciMethodData java/util/concurrent/locks/AbstractQueuedSynchronizer compareAndSetState (II)Z 2 1131 orig 80 0 0 0 0 0 0 0 0 0 0 0 0 60 2 0 0 0 0 0 0 0 0 0 0 0 0 0 0 0 0 0 0 0 0 0 0 0 0 0 0 0 0 0 0 0 0 0 0 0 0 0 0 0 0 0 0 0 0 0 0 0 0 0 0 0 0 0 0 0 0 0 0 0 0 0 0 0 0 0 0 data 17 0x90005 0x0 0x0 0x0 0x0 0x0 0x0 0x0 0x0 0x0 0x0 0x0 0x9 0x3 0xffffffffffffffff 0x0 0x0 oops 0 methods 0
ciMethodData java/util/concurrent/locks/AbstractQueuedSynchronizer$Node getAndUnsetStatus (I)I 1 49 orig 80 0 0 0 0 0 0 0 0 0 0 0 0 60 2 0 0 0 0 0 0 0 0 0 0 0 0 0 0 0 0 0 0 0 0 0 0 0 0 0 0 0 0 0 0 0 0 0 0 0 0 0 0 0 0 0 0 0 0 0 0 0 0 0 0 0 0 0 0 0 0 0 0 0 0 0 0 0 0 0 0 data 19 0xa000b 0x31 0x0 0x0 0x0 0x0 0x2 0x1 0x2 0x0 0x0 0x0 0x0 0x0 0x0 0x9 0x2 0xffffffffffffffff 0x0 oops 0 methods 0
ciMethodData java/util/concurrent/locks/LockSupport unpark (Ljava/lang/Thread;)V 1 33 orig 80 0 0 0 0 0 0 0 0 0 0 0 0 60 2 0 0 0 0 0 0 0 0 0 0 0 0 0 0 0 0 0 0 0 0 0 0 0 0 0 0 0 0 0 0 0 0 0 0 0 0 0 0 0 0 0 0 0 0 0 0 0 0 0 0 0 0 0 0 0 0 0 0 0 0 0 0 0 0 0 0 data 34 0x10007 0x0 0xc8 0x21 0x50005 0x21 0x0 0x0 0x0 0x0 0x80007 0x21 0x48 0x0 0xc0002 0x0 0xf0003 0x0 0x48 0x160005 0x21 0x0 0x0 0x0 0x0 0x0 0x0 0x0 0x0 0x0 0x0 0x9 0x1 0xffffffffffffffff oops 0 methods 0
ciMethodData java/lang/Thread isVirtual ()Z 1 113 orig 80 0 0 0 0 0 0 0 0 0 0 0 0 60 2 0 0 0 0 0 0 0 0 0 0 0 0 0 0 0 0 0 0 0 0 0 0 0 0 0 0 0 0 0 0 0 0 0 0 0 0 0 0 0 0 0 0 0 0 0 0 0 0 0 0 0 0 0 0 0 0 0 0 0 0 0 0 0 0 0 0 data 15 0x10004 0x1c 0x23c3f563558 0x40 0x23c3f731500 0x16 0x0 0x0 0x0 0x0 0x0 0x0 0x9 0x1 0x0 oops 2 2 java/lang/Thread 4 com/sun/glass/ui/InvokeLaterDispatcher methods 0
ciMethodData java/lang/StringConcatHelper newString ([BJ)Ljava/lang/String; 2 5810 orig 80 0 0 0 0 0 0 0 0 0 0 0 0 60 2 0 0 0 0 0 0 0 0 0 0 0 0 0 0 0 0 0 0 0 0 0 0 0 0 0 0 0 0 0 0 0 0 0 0 0 0 0 0 0 0 0 0 0 0 0 0 0 0 0 0 0 0 0 0 0 0 0 0 0 0 0 0 0 0 0 0 data 51 0x30007 0x3 0x30 0x16af 0xc0002 0x16af 0x150007 0x0 0x30 0x3 0x1e0002 0x3 0x2a0002 0x0 0x2f0005 0x0 0x0 0x0 0x0 0x0 0x340005 0x0 0x0 0x0 0x0 0x0 0x390005 0x0 0x0 0x0 0x0 0x0 0x3c0005 0x0 0x0 0x0 0x0 0x0 0x3f0002 0x0 0x0 0x0 0x0 0x0 0x0 0x0 0x9 0x3 0x0 0x0 0x0 oops 0 methods 0
ciMethodData java/lang/StringConcatHelper initialCoder ()J 2 5577 orig 80 0 0 0 0 0 0 0 0 0 0 0 0 60 2 0 0 0 0 0 0 0 0 0 0 0 0 0 0 0 0 0 0 0 0 0 0 0 0 0 0 0 0 0 0 0 0 0 0 0 0 0 0 0 0 0 0 0 0 0 0 0 0 0 0 0 0 0 0 0 0 0 0 0 0 0 0 0 0 0 0 data 12 0x30007 0x0 0x38 0x15c9 0x70003 0x15c9 0x18 0x0 0x0 0x0 0x9 0x0 oops 0 methods 0
ciMethodData java/lang/StringConcatHelper simpleConcat (Ljava/lang/Object;Ljava/lang/Object;)Ljava/lang/String; 2 5554 orig 80 0 0 0 0 0 0 0 0 0 0 0 0 60 2 0 0 0 0 0 0 0 0 0 0 0 0 0 0 0 0 0 0 0 0 0 0 0 0 0 0 0 0 0 0 0 0 0 0 0 0 0 0 0 0 0 0 0 0 0 0 0 0 0 0 0 0 0 0 0 0 0 0 0 0 0 0 0 0 0 0 data 52 0x10002 0x15b2 0x60002 0x15b2 0xb0005 0x15b2 0x0 0x0 0x0 0x0 0xe0007 0x15a9 0x30 0x9 0x160002 0x9 0x1b0005 0x15a9 0x0 0x0 0x0 0x0 0x1e0007 0x15a8 0x30 0x1 0x260002 0x1 0x2a0002 0x15a8 0x2e0002 0x15a8 0x360002 0x15a8 0x3d0002 0x15a8 0x470002 0x15a8 0x510002 0x15a8 0x5a0002 0x15a8 0x0 0x0 0x0 0x0 0x0 0x0 0x9 0x2 0x0 0x0 oops 0 methods 0
ciMethodData java/lang/String <init> (Ljava/lang/String;)V 1 10 orig 80 0 0 0 0 0 0 0 0 0 0 0 0 60 2 0 0 0 0 0 0 0 0 0 0 0 0 0 0 0 0 0 0 0 0 0 0 0 0 0 0 0 0 0 0 0 0 0 0 0 0 0 0 0 0 0 0 0 0 0 0 0 0 0 0 0 0 0 0 0 0 0 0 0 0 0 0 0 0 0 0 data 10 0x10002 0xa 0x0 0x0 0x0 0x0 0x9 0x2 0xe 0x0 oops 0 methods 0
ciMethodData java/nio/Buffer position (I)Ljava/nio/Buffer; 2 6353 orig 80 0 0 0 0 0 0 0 0 0 0 0 0 60 2 0 0 0 0 0 0 0 0 0 0 0 0 0 0 0 0 0 0 0 0 0 0 0 0 0 0 0 0 0 0 0 0 0 0 0 0 0 0 0 0 0 0 0 0 0 0 0 0 0 0 0 0 0 0 0 0 0 0 0 0 0 0 0 0 0 0 data 38 0x50007 0x18d1 0x38 0x0 0x90003 0x0 0x18 0xe0007 0x18d1 0x38 0x0 0x120003 0x0 0x18 0x170007 0x18d1 0x50 0x0 0x1c0005 0x0 0x0 0x0 0x0 0x0 0x250007 0x18ce 0x20 0x3 0x0 0x0 0x0 0x0 0x0 0x0 0x9 0x2 0xe 0x0 oops 0 methods 0
ciMethodData java/nio/Buffer createPositionException (I)Ljava/lang/IllegalArgumentException; 1 0 orig 80 0 0 0 0 0 0 0 0 0 0 0 0 60 2 0 0 0 0 0 0 0 0 0 0 0 0 0 0 0 0 0 0 0 0 0 0 0 0 0 0 0 0 0 0 0 0 0 0 0 0 0 0 0 0 0 0 0 0 0 0 0 0 0 0 0 0 0 0 0 0 0 0 0 0 0 0 0 0 0 0 data 93 0x70007 0x0 0x168 0x0 0xe0002 0x0 0x130005 0x0 0x0 0x0 0x0 0x0 0x170005 0x0 0x0 0x0 0x0 0x0 0x1c0005 0x0 0x0 0x0 0x0 0x0 0x230005 0x0 0x0 0x0 0x0 0x0 0x280005 0x0 0x0 0x0 0x0 0x0 0x2b0005 0x0 0x0 0x0 0x0 0x0 0x2f0003 0x0 0x138 0x350007 0x0 0x50 0x0 0x390007 0x0 0x30 0x0 0x420002 0x0 0x4a0002 0x0 0x4f0005 0x0 0x0 0x0 0x0 0x0 0x530005 0x0 0x0 0x0 0x0 0x0 0x580005 0x0 0x0 0x0 0x0 0x0 0x5b0005 0x0 0x0 0x0 0x0 0x0 0x640002 0x0 0x0 0x0 0x0 0x0 0x0 0x0 0x9 0x2 0x0 0x0 oops 0 methods 0
ciMethodData java/nio/Buffer limit (I)Ljava/nio/Buffer; 2 7469 orig 80 0 0 0 0 0 0 0 0 0 0 0 0 60 2 0 0 0 0 0 0 0 0 0 0 0 0 0 0 0 0 0 0 0 0 0 0 0 0 0 0 0 0 0 0 0 0 0 0 0 0 0 0 0 0 0 0 0 0 0 0 0 0 0 0 0 0 0 0 0 0 0 0 0 0 0 0 0 0 0 0 data 42 0x50007 0x1d2d 0x38 0x0 0x90003 0x0 0x18 0xe0007 0x1d2d 0x38 0x0 0x120003 0x0 0x18 0x170007 0x1d2d 0x50 0x0 0x1c0005 0x0 0x0 0x0 0x0 0x0 0x2a0007 0x1d2c 0x20 0x1 0x370007 0x1d2d 0x20 0x0 0x0 0x0 0x0 0x0 0x0 0x0 0x9 0x2 0x1e 0x0 oops 0 methods 0
ciMethodData java/nio/Buffer createLimitException (I)Ljava/lang/IllegalArgumentException; 1 0 orig 80 0 0 0 0 0 0 0 0 0 0 0 0 60 2 0 0 0 0 0 0 0 0 0 0 0 0 0 0 0 0 0 0 0 0 0 0 0 0 0 0 0 0 0 0 0 0 0 0 0 0 0 0 0 0 0 0 0 0 0 0 0 0 0 0 0 0 0 0 0 0 0 0 0 0 0 0 0 0 0 0 data 93 0x70007 0x0 0x168 0x0 0xe0002 0x0 0x130005 0x0 0x0 0x0 0x0 0x0 0x170005 0x0 0x0 0x0 0x0 0x0 0x1c0005 0x0 0x0 0x0 0x0 0x0 0x230005 0x0 0x0 0x0 0x0 0x0 0x280005 0x0 0x0 0x0 0x0 0x0 0x2b0005 0x0 0x0 0x0 0x0 0x0 0x2f0003 0x0 0x138 0x350007 0x0 0x50 0x0 0x390007 0x0 0x30 0x0 0x420002 0x0 0x4a0002 0x0 0x4f0005 0x0 0x0 0x0 0x0 0x0 0x530005 0x0 0x0 0x0 0x0 0x0 0x580005 0x0 0x0 0x0 0x0 0x0 0x5b0005 0x0 0x0 0x0 0x0 0x0 0x640002 0x0 0x0 0x0 0x0 0x0 0x0 0x0 0x9 0x2 0x0 0x0 oops 0 methods 0
ciMethodData java/nio/ByteBuffer position (I)Ljava/nio/ByteBuffer; 2 8576 orig 80 0 0 0 0 0 0 0 0 0 0 0 0 60 2 0 0 0 0 0 0 0 0 0 0 0 0 0 0 0 0 0 0 0 0 0 0 0 0 0 0 0 0 0 0 0 0 0 0 0 0 0 0 0 0 0 0 0 0 0 0 0 0 0 0 0 0 0 0 0 0 0 0 0 0 0 0 0 0 0 0 data 9 0x20002 0x2180 0x0 0x0 0x0 0x9 0x2 0xe 0x0 oops 0 methods 0
ciMethodData java/nio/Buffer <init> (IIIILjava/lang/foreign/MemorySegment;)V 2 6609 orig 80 0 0 0 0 0 0 0 0 0 0 0 0 60 2 0 0 0 0 0 0 0 0 0 0 0 0 0 0 0 0 0 0 0 0 0 0 0 0 0 0 0 0 0 0 0 0 0 0 0 0 0 0 0 0 0 0 0 0 0 0 0 0 0 0 0 0 0 0 0 0 0 0 0 0 0 0 0 0 0 0 data 82 0x10002 0x19d0 0x100007 0x19d0 0x30 0x0 0x150002 0x0 0x270005 0x14bd 0x23c3f930958 0x507 0x23c3f930a08 0xc 0x2d0005 0x14bd 0x23c3f930958 0x507 0x23c3f930a08 0xc 0x320007 0x19d0 0x180 0x0 0x370007 0x0 0x160 0x0 0x420002 0x0 0x470005 0x0 0x0 0x0 0x0 0x0 0x4b0005 0x0 0x0 0x0 0x0 0x0 0x500005 0x0 0x0 0x0 0x0 0x0 0x540005 0x0 0x0 0x0 0x0 0x0 0x590005 0x0 0x0 0x0 0x0 0x0 0x5c0005 0x0 0x0 0x0 0x0 0x0 0x5f0002 0x0 0x0 0x0 0x0 0x0 0x0 0x0 0x9 0x6 0xffffffffffffffff 0x0 0x0 0x0 0x0 0x0 oops 4 10 java/nio/HeapByteBuffer 12 java/nio/DirectByteBuffer 16 java/nio/HeapByteBuffer 18 java/nio/DirectByteBuffer methods 0
ciMethodData java/nio/ByteBuffer position (I)Ljava/nio/Buffer; 2 6205 orig 80 0 0 0 0 0 0 0 0 0 0 0 0 60 2 0 0 0 0 0 0 0 0 0 0 0 0 0 0 0 0 0 0 0 0 0 0 0 0 0 0 0 0 0 0 0 0 0 0 0 0 0 0 0 0 0 0 0 0 0 0 0 0 0 0 0 0 0 0 0 0 0 0 0 0 0 0 0 0 0 0 data 16 0x20005 0x0 0x23c3f930958 0x183d 0x0 0x0 0x0 0x0 0x0 0x0 0x0 0x0 0x9 0x2 0x0 0x0 oops 1 2 java/nio/HeapByteBuffer methods 0
ciMethodData java/nio/Buffer remaining ()I 2 12037 orig 80 0 0 0 0 0 0 0 0 0 0 0 0 60 2 0 0 0 0 0 0 0 0 0 0 0 0 0 0 0 0 0 0 0 0 0 0 0 0 0 0 0 0 0 0 0 0 0 0 0 0 0 0 0 0 0 0 0 0 0 0 0 0 0 0 0 0 0 0 0 0 0 0 0 0 0 0 0 0 0 0 data 14 0xb0007 0x120b 0x38 0x1cf8 0xf0003 0x1cf8 0x18 0x0 0x0 0x0 0x0 0x9 0x1 0x0 oops 0 methods 0
ciMethodData java/nio/ByteBuffer arrayOffset ()I 2 16901 orig 80 0 0 0 0 0 0 0 0 0 0 0 0 60 2 0 0 0 0 0 0 0 0 0 0 0 0 0 0 0 0 0 0 0 0 0 0 0 0 0 0 0 0 0 0 0 0 0 0 0 0 0 0 0 0 0 0 0 0 0 0 0 0 0 0 0 0 0 0 0 0 0 0 0 0 0 0 0 0 0 0 data 21 0x40007 0x4205 0x30 0x0 0xb0002 0x0 0x130007 0x4205 0x30 0x0 0x1a0002 0x0 0x0 0x0 0x0 0x0 0x0 0x0 0x9 0x1 0x0 oops 0 methods 0
ciMethodData java/nio/ByteBuffer hasArray ()Z 2 6047 orig 80 0 0 0 0 0 0 0 0 0 0 0 0 60 2 0 0 0 0 0 0 0 0 0 0 0 0 0 0 0 0 0 0 0 0 0 0 0 0 0 0 0 0 0 0 0 0 0 0 0 0 0 0 0 0 0 0 0 0 0 0 0 0 0 0 0 0 0 0 0 0 0 0 0 0 0 0 0 0 0 0 data 20 0x40007 0x30 0x58 0x176f 0xb0007 0x0 0x38 0x176f 0xf0003 0x176f 0x18 0x0 0x0 0x0 0x0 0x0 0x0 0x9 0x1 0x0 oops 0 methods 0
ciMethodData java/nio/ByteBuffer array ()[B 2 10895 orig 80 0 0 0 0 0 0 0 0 0 0 0 0 60 2 0 0 0 0 0 0 0 0 0 0 0 0 0 0 0 0 0 0 0 0 0 0 0 0 0 0 0 0 0 0 0 0 0 0 0 0 0 0 0 0 0 0 0 0 0 0 0 0 0 0 0 0 0 0 0 0 0 0 0 0 0 0 0 0 0 0 data 21 0x40007 0x2a8f 0x30 0x0 0xb0002 0x0 0x130007 0x2a8f 0x30 0x0 0x1a0002 0x0 0x0 0x0 0x0 0x0 0x0 0x0 0x9 0x1 0x0 oops 0 methods 0
ciMethodData java/util/concurrent/locks/ReentrantLock$NonfairSync initialTryLock ()Z 2 22253 orig 80 1 0 0 0 0 0 0 0 0 0 0 0 60 2 0 0 0 0 0 0 0 0 0 0 0 0 0 0 0 0 0 0 0 0 0 0 0 0 0 1 0 0 0 0 0 0 0 0 0 0 0 0 0 0 0 0 0 0 0 0 0 0 0 0 0 0 0 0 0 0 0 0 0 0 0 0 0 0 0 0 data 55 0x2 0x56ed 0x70005 0x56ed 0x0 0x0 0x0 0x0 0x80000006000a0007 0x21f 0x50 0x54cf 0xf0005 0x54cf 0x0 0x0 0x0 0x0 0x150005 0x21f 0x0 0x0 0x0 0x0 0x190007 0x0 0xb0 0x21f 0x1d0005 0x21f 0x0 0x0 0x0 0x0 0x240007 0x21f 0x30 0x0 0x2d0002 0x0 0x330005 0x21f 0x0 0x0 0x0 0x0 0x0 0x0 0x0 0x0 0x0 0x0 0x9 0x1 0x0 oops 0 methods 0
ciMethodData jdk/internal/misc/InternalLock lock ()V 2 43285 orig 80 0 0 0 0 0 0 0 0 0 0 0 0 0 0 0 0 0 0 0 0 0 0 0 0 0 0 0 0 0 0 0 0 0 0 0 0 0 0 0 0 0 0 0 0 0 0 0 0 0 0 0 0 0 0 0 0 0 0 0 0 0 0 0 0 0 0 0 0 0 0 0 0 0 0 0 0 0 0 0 0 data 15 0x40005 0x0 0x23c3f83c5a0 0xa916 0x0 0x0 0x0 0x0 0x0 0x0 0x0 0x0 0x9 0x1 0x0 oops 1 2 java/util/concurrent/locks/ReentrantLock methods 0
ciMethodData jdk/internal/misc/InternalLock unlock ()V 2 44624 orig 80 0 0 0 0 0 0 0 0 0 0 0 0 0 0 0 0 0 0 0 0 0 0 0 0 0 0 0 0 0 0 0 0 0 0 0 0 0 0 0 0 0 0 0 0 0 0 0 0 0 0 0 0 0 0 0 0 0 0 0 0 0 0 0 0 0 0 0 0 0 0 0 0 0 0 0 0 0 0 0 0 data 15 0x40005 0x0 0x23c3f83c5a0 0xae51 0x0 0x0 0x0 0x0 0x0 0x0 0x0 0x0 0x9 0x1 0x0 oops 1 2 java/util/concurrent/locks/ReentrantLock methods 0
ciMethodData java/lang/invoke/Invokers$Holder linkToTargetMethod (Ljava/lang/Object;Ljava/lang/Object;)Ljava/lang/Object; 2 4491 orig 80 0 0 0 0 0 0 0 0 0 0 0 0 60 2 0 0 0 0 0 0 0 0 0 0 0 0 0 0 0 0 0 0 0 0 0 0 0 0 0 0 0 0 0 0 0 0 0 0 0 0 0 0 0 0 0 0 0 0 0 0 0 0 0 0 0 0 0 0 0 0 0 0 0 0 0 0 0 0 0 0 data 32 0x10004 0xd 0x23c3f5dcd10 0x1b7 0x23c3f5dc310 0x10d 0x5000b 0x118b 0x0 0x0 0x0 0x0 0x3 0x1 0x2 0x2 0x0 0x0 0x0 0x0 0x0 0x0 0x9 0x2 0x0 0x0 0xc 0x4 0x0 0x2 0x1 0x2 oops 2 2 java/lang/invoke/DirectMethodHandle$Constructor 4 java/lang/invoke/BoundMethodHandle$Species_LL methods 0
ciMethodData java/nio/charset/CoderResult isUnderflow ()Z 2 9695 orig 80 0 0 0 0 0 0 0 0 0 0 0 0 60 2 0 0 0 0 0 0 0 0 0 0 0 0 0 0 0 0 0 0 0 0 0 0 0 0 0 0 0 0 0 0 0 0 0 0 0 0 0 0 0 0 0 0 0 0 0 0 0 0 0 0 0 0 0 0 0 0 0 0 0 0 0 0 0 0 0 0 data 13 0x40007 0x19 0x38 0x25c6 0x80003 0x25c6 0x18 0x0 0x0 0x0 0x9 0x1 0x0 oops 0 methods 0
ciMethodData java/nio/CharBuffer arrayOffset ()I 2 11259 orig 80 0 0 0 0 0 0 0 0 0 0 0 0 60 2 0 0 0 0 0 0 0 0 0 0 0 0 0 0 0 0 0 0 0 0 0 0 0 0 0 0 0 0 0 0 0 0 0 0 0 0 0 0 0 0 0 0 0 0 0 0 0 0 0 0 0 0 0 0 0 0 0 0 0 0 0 0 0 0 0 0 data 21 0x40007 0x2bfb 0x30 0x0 0xb0002 0x0 0x130007 0x2bfb 0x30 0x0 0x1a0002 0x0 0x0 0x0 0x0 0x0 0x0 0x0 0x9 0x1 0x0 oops 0 methods 0
ciMethodData java/nio/CharBuffer position (I)Ljava/nio/Buffer; 2 9000 orig 80 0 0 0 0 0 0 0 0 0 0 0 0 60 2 0 0 0 0 0 0 0 0 0 0 0 0 0 0 0 0 0 0 0 0 0 0 0 0 0 0 0 0 0 0 0 0 0 0 0 0 0 0 0 0 0 0 0 0 0 0 0 0 0 0 0 0 0 0 0 0 0 0 0 0 0 0 0 0 0 0 data 16 0x20005 0x2328 0x0 0x0 0x0 0x0 0x0 0x0 0x0 0x0 0x0 0x0 0x9 0x2 0x0 0x0 oops 0 methods 0
ciMethodData java/nio/CharBuffer position (I)Ljava/nio/CharBuffer; 2 9085 orig 80 0 0 0 0 0 0 0 0 0 0 0 0 60 2 0 0 0 0 0 0 0 0 0 0 0 0 0 0 0 0 0 0 0 0 0 0 0 0 0 0 0 0 0 0 0 0 0 0 0 0 0 0 0 0 0 0 0 0 0 0 0 0 0 0 0 0 0 0 0 0 0 0 0 0 0 0 0 0 0 0 data 9 0x20002 0x237d 0x0 0x0 0x0 0x9 0x2 0xe 0x0 oops 0 methods 0
ciMethodData java/lang/invoke/DirectMethodHandle$Holder invokeStatic (Ljava/lang/Object;Ljava/lang/Object;Ljava/lang/Object;)Ljava/lang/Object; 2 3803 orig 80 0 0 0 0 0 0 0 0 0 0 0 0 0 0 0 0 0 0 0 0 0 0 0 0 0 0 0 0 0 0 0 0 0 0 0 0 0 0 0 0 0 0 0 0 0 0 0 0 0 0 0 0 0 0 0 0 0 0 0 0 0 0 0 0 0 0 0 0 0 0 0 0 0 0 0 0 0 0 0 0 data 37 0x1000a 0xedb 0x3 0x0 0x23c3f564628 0x23c3f5647d8 0x80004 0x0 0x23c3f5647d8 0x21 0x0 0x0 0xb000a 0xedb 0x5 0x0 0x23c3f5622a8 0x1 0x23c3f5622a8 0x23c3f5622a8 0x0 0x0 0x0 0x0 0x0 0x0 0x9 0x3 0x0 0x0 0x0 0xc 0x4 0x0 0x23c3f564628 0x1 0x23c3f5622a8 oops 8 4 java/lang/invoke/DirectMethodHandle 5 java/lang/invoke/MemberName 8 java/lang/invoke/MemberName 16 java/lang/String 18 java/lang/String 19 java/lang/String 34 java/lang/invoke/DirectMethodHandle 36 java/lang/String methods 0
ciMethodData java/io/PrintStream print (Ljava/lang/String;)V 2 3952 orig 80 0 0 0 0 0 0 0 0 0 0 0 0 60 2 0 0 0 0 0 0 0 0 0 0 0 0 0 0 0 0 0 0 0 0 0 0 0 0 0 0 0 0 0 0 0 0 0 0 0 0 0 0 0 0 0 0 0 0 0 0 0 0 0 0 0 0 0 0 0 0 0 0 0 0 0 0 0 0 0 0 data 18 0x20002 0xf70 0x50005 0xf70 0x0 0x0 0x0 0x0 0x0 0x0 0x0 0x0 0x0 0x0 0x9 0x2 0x0 0x0 oops 0 methods 0
ciMethodData java/io/PrintStream write (Ljava/lang/String;)V 2 3968 orig 80 0 0 0 0 0 0 0 0 0 0 0 0 60 2 0 0 0 0 0 0 0 0 0 0 0 0 0 0 0 0 0 0 0 0 0 0 0 0 0 0 0 0 0 0 0 0 0 0 0 0 0 0 0 0 0 0 0 0 0 0 0 0 0 0 0 0 0 0 0 0 0 0 0 0 0 0 0 0 0 0 data 72 0x40007 0x0 0x110 0xf80 0xb0005 0x0 0x23c8529e688 0xf80 0x0 0x0 0x100005 0xf80 0x0 0x0 0x0 0x0 0x170005 0x0 0x23c8529e688 0xf80 0x0 0x0 0x1a0003 0xf80 0x48 0x220005 0x0 0x0 0x0 0x0 0x0 0x270003 0xf80 0x60 0x300005 0x0 0x0 0x0 0x0 0x0 0x350003 0x0 0x18 0x3d0003 0xf80 0x70 0x410002 0x0 0x440005 0x0 0x0 0x0 0x0 0x0 0x470003 0x0 0x18 0x0 0x0 0x0 0x0 0x0 0x0 0x9 0x2 0x0 0x0 0x1d0001 0x380001 0x380001 0x400001 0x4a0001 oops 2 6 jdk/internal/misc/InternalLock 18 jdk/internal/misc/InternalLock methods 0
ciMethodData java/io/BufferedWriter ensureOpen ()V 2 8084 orig 80 0 0 0 0 0 0 0 0 0 0 0 0 60 2 0 0 0 0 0 0 0 0 0 0 0 0 0 0 0 0 0 0 0 0 0 0 0 0 0 0 0 0 0 0 0 0 0 0 0 0 0 0 0 0 0 0 0 0 0 0 0 0 0 0 0 0 0 0 0 0 0 0 0 0 0 0 0 0 0 0 data 15 0x40007 0x1f94 0x30 0x0 0xd0002 0x0 0x0 0x0 0x0 0x0 0x0 0x0 0x9 0x1 0x0 oops 0 methods 0
ciMethodData java/io/PrintStream ensureOpen ()V 2 7970 orig 80 0 0 0 0 0 0 0 0 0 0 0 0 60 2 0 0 0 0 0 0 0 0 0 0 0 0 0 0 0 0 0 0 0 0 0 0 0 0 0 0 0 0 0 0 0 0 0 0 0 0 0 0 0 0 0 0 0 0 0 0 0 0 0 0 0 0 0 0 0 0 0 0 0 0 0 0 0 0 0 0 data 15 0x40007 0x1f22 0x30 0x0 0xd0002 0x0 0x0 0x0 0x0 0x0 0x0 0x0 0x9 0x1 0x0 oops 0 methods 0
ciMethodData java/nio/charset/CoderResult isOverflow ()Z 2 4597 orig 80 0 0 0 0 0 0 0 0 0 0 0 0 60 2 0 0 0 0 0 0 0 0 0 0 0 0 0 0 0 0 0 0 0 0 0 0 0 0 0 0 0 0 0 0 0 0 0 0 0 0 0 0 0 0 0 0 0 0 0 0 0 0 0 0 0 0 0 0 0 0 0 0 0 0 0 0 0 0 0 0 data 13 0x50007 0x11c7 0x38 0x2e 0x90003 0x2e 0x18 0x0 0x0 0x0 0x9 0x1 0x0 oops 0 methods 0
ciMethodData java/nio/CharBuffer limit (I)Ljava/nio/CharBuffer; 2 4892 orig 80 0 0 0 0 0 0 0 0 0 0 0 0 0 0 0 0 0 0 0 0 0 0 0 0 0 0 0 0 0 0 0 0 0 0 0 0 0 0 0 0 0 0 0 0 0 0 0 0 0 0 0 0 0 0 0 0 0 0 0 0 0 0 0 0 0 0 0 0 0 0 0 0 0 0 0 0 0 0 0 0 data 9 0x20002 0x131c 0x0 0x0 0x0 0x9 0x2 0x0 0x0 oops 0 methods 0
ciMethodData java/nio/Buffer flip ()Ljava/nio/Buffer; 2 4815 orig 80 0 0 0 0 0 0 0 0 0 0 0 0 60 2 0 0 0 0 0 0 0 0 0 0 0 0 0 0 0 0 0 0 0 0 0 0 0 0 0 0 0 0 0 0 0 0 0 0 0 0 0 0 0 0 0 0 0 0 0 0 0 0 0 0 0 0 0 0 0 0 0 0 0 0 0 0 0 0 0 0 data 7 0x0 0x0 0x0 0x0 0x9 0x1 0x0 oops 0 methods 0
ciMethodData java/nio/CharBuffer <init> (IIII[CILjava/lang/foreign/MemorySegment;)V 2 4768 orig 80 0 0 0 0 0 0 0 0 0 0 0 0 0 0 0 0 0 0 0 0 0 0 0 0 0 0 0 0 0 0 0 0 0 0 0 0 0 0 0 0 0 0 0 0 0 0 0 0 0 0 0 0 0 0 0 0 0 0 0 0 0 0 0 0 0 0 0 0 0 0 0 0 0 0 0 0 0 0 0 0 data 16 0x80002 0x12a1 0x0 0x0 0x0 0x0 0x9 0x8 0xffffffffffffffff 0x0 0x0 0x0 0x0 0x0 0x0 0x0 oops 0 methods 0
ciMethodData java/nio/CharBuffer limit (I)Ljava/nio/Buffer; 2 4805 orig 80 0 0 0 0 0 0 0 0 0 0 0 0 0 0 0 0 0 0 0 0 0 0 0 0 0 0 0 0 0 0 0 0 0 0 0 0 0 0 0 0 0 0 0 0 0 0 0 0 0 0 0 0 0 0 0 0 0 0 0 0 0 0 0 0 0 0 0 0 0 0 0 0 0 0 0 0 0 0 0 0 data 16 0x20005 0x12c6 0x0 0x0 0x0 0x0 0x0 0x0 0x0 0x0 0x0 0x0 0x9 0x2 0x0 0x0 oops 0 methods 0
ciMethodData java/lang/String getChars (II[CI)V 2 3880 orig 80 0 0 0 0 0 0 0 0 0 0 0 0 0 0 0 0 0 0 0 0 0 0 0 0 0 0 0 0 0 0 0 0 0 0 0 0 0 0 0 0 0 0 0 0 0 0 0 0 0 0 0 0 0 0 0 0 0 0 0 0 0 0 0 0 0 0 0 0 0 0 0 0 0 0 0 0 0 0 0 0 data 40 0x30005 0xf29 0x0 0x0 0x0 0x0 0x60002 0xf29 0x100002 0xf29 0x150005 0xf29 0x0 0x0 0x0 0x0 0x180007 0x0 0x48 0xf29 0x240002 0xf29 0x270003 0xf29 0x28 0x330002 0x0 0x0 0x0 0x0 0x0 0x0 0x0 0x9 0x5 0x0 0x0 0x0 0x0 0x0 oops 0 methods 0
ciMethodData java/nio/ByteBuffer flip ()Ljava/nio/ByteBuffer; 2 4752 orig 80 0 0 0 0 0 0 0 0 0 0 0 0 60 2 0 0 0 0 0 0 0 0 0 0 0 0 0 0 0 0 0 0 0 0 0 0 0 0 0 0 0 0 0 0 0 0 0 0 0 0 0 0 0 0 0 0 0 0 0 0 0 0 0 0 0 0 0 0 0 0 0 0 0 0 0 0 0 0 0 0 data 8 0x10002 0x1290 0x0 0x0 0x0 0x9 0x1 0x0 oops 0 methods 0
ciMethodData java/nio/Buffer clear ()Ljava/nio/Buffer; 2 5279 orig 80 0 0 0 0 0 0 0 0 0 0 0 0 0 0 0 0 0 0 0 0 0 0 0 0 0 0 0 0 0 0 0 0 0 0 0 0 0 0 0 0 0 0 0 0 0 0 0 0 0 0 0 0 0 0 0 0 0 0 0 0 0 0 0 0 0 0 0 0 0 0 0 0 0 0 0 0 0 0 0 0 data 7 0x0 0x0 0x0 0x0 0x9 0x1 0x0 oops 0 methods 0
ciMethodData java/nio/CharBuffer wrap ([CII)Ljava/nio/CharBuffer; 2 4106 orig 80 0 0 0 0 0 0 0 0 0 0 0 0 60 2 0 0 0 0 0 0 0 0 0 0 0 0 0 0 0 0 0 0 0 0 0 0 0 0 0 0 0 0 0 0 0 0 0 0 0 0 0 0 0 0 0 0 0 0 0 0 0 0 0 0 0 0 0 0 0 0 0 0 0 0 0 0 0 0 0 0 data 14 0x80002 0x100a 0x110002 0x0 0x0 0x0 0x0 0x0 0x9 0x3 0x0 0x0 0x0 0xc0001 oops 0 methods 0
ciMethodData java/nio/HeapCharBuffer <init> ([CIILjava/lang/foreign/MemorySegment;)V 2 4106 orig 80 0 0 0 0 0 0 0 0 0 0 0 0 60 2 0 0 0 0 0 0 0 0 0 0 0 0 0 0 0 0 0 0 0 0 0 0 0 0 0 0 0 0 0 0 0 0 0 0 0 0 0 0 0 0 0 0 0 0 0 0 0 0 0 0 0 0 0 0 0 0 0 0 0 0 0 0 0 0 0 0 data 13 0xc0002 0x100a 0x0 0x0 0x0 0x0 0x9 0x5 0x0 0x0 0x0 0x0 0x0 oops 0 methods 0
ciMethodData java/nio/CharBuffer array ()[C 2 4390 orig 80 0 0 0 0 0 0 0 0 0 0 0 0 60 2 0 0 0 0 0 0 0 0 0 0 0 0 0 0 0 0 0 0 0 0 0 0 0 0 0 0 0 0 0 0 0 0 0 0 0 0 0 0 0 0 0 0 0 0 0 0 0 0 0 0 0 0 0 0 0 0 0 0 0 0 0 0 0 0 0 0 data 21 0x40007 0x1126 0x30 0x0 0xb0002 0x0 0x130007 0x1126 0x30 0x0 0x1a0002 0x0 0x0 0x0 0x0 0x0 0x0 0x0 0x9 0x1 0x0 oops 0 methods 0
ciMethodData java/lang/StringLatin1 getChars ([BII[CI)V 2 3842 orig 80 0 0 0 0 0 0 0 0 0 0 0 0 0 0 0 0 0 0 0 0 0 0 0 0 0 0 0 0 0 0 0 0 0 0 0 0 0 0 0 0 0 0 0 0 0 0 0 0 0 0 0 0 0 0 0 0 0 0 0 0 0 0 0 0 0 0 0 0 0 0 0 0 0 0 0 0 0 0 0 0 data 15 0x80002 0xf03 0x0 0x0 0x0 0x0 0x0 0x0 0x9 0x5 0x0 0x0 0x0 0x0 0x0 oops 0 methods 0
ciMethodData java/nio/CharBuffer hasArray ()Z 2 4321 orig 80 0 0 0 0 0 0 0 0 0 0 0 0 0 0 0 0 0 0 0 0 0 0 0 0 0 0 0 0 0 0 0 0 0 0 0 0 0 0 0 0 0 0 0 0 0 0 0 0 0 0 0 0 0 0 0 0 0 0 0 0 0 0 0 0 0 0 0 0 0 0 0 0 0 0 0 0 0 0 0 0 data 20 0x40007 0x0 0x58 0x10e2 0xb0007 0x0 0x38 0x10e2 0xf0003 0x10e2 0x18 0x0 0x0 0x0 0x0 0x0 0x0 0x9 0x1 0x0 oops 0 methods 0
ciMethodData sun/nio/cs/UTF_8 updatePositions (Ljava/nio/Buffer;ILjava/nio/Buffer;I)V 2 4391 orig 80 0 0 0 0 0 0 0 0 0 0 0 0 0 0 0 0 0 0 0 0 0 0 0 0 0 0 0 0 0 0 0 0 0 0 0 0 0 0 0 0 0 0 0 0 0 0 0 0 0 0 0 0 0 0 0 0 0 0 0 0 0 0 0 0 0 0 0 0 0 0 0 0 0 0 0 0 0 0 0 0 data 36 0x30005 0x0 0x23c3f92bde8 0x110f 0x23c3f930958 0x19 0x70005 0x0 0x23c3f92bde8 0x110f 0x23c3f930958 0x19 0xe0005 0x0 0x23c3f930958 0x110f 0x23c3f92bde8 0x19 0x120005 0x0 0x23c3f930958 0x110f 0x23c3f92bde8 0x19 0x0 0x0 0x0 0x0 0x0 0x0 0x9 0x4 0x0 0x0 0x0 0x0 oops 8 2 java/nio/HeapCharBuffer 4 java/nio/HeapByteBuffer 8 java/nio/HeapCharBuffer 10 java/nio/HeapByteBuffer 14 java/nio/HeapByteBuffer 16 java/nio/HeapCharBuffer 20 java/nio/HeapByteBuffer 22 java/nio/HeapCharBuffer methods 0
ciMethodData java/nio/ByteBuffer clear ()Ljava/nio/ByteBuffer; 2 5183 orig 80 0 0 0 0 0 0 0 0 0 0 0 0 0 0 0 0 0 0 0 0 0 0 0 0 0 0 0 0 0 0 0 0 0 0 0 0 0 0 0 0 0 0 0 0 0 0 0 0 0 0 0 0 0 0 0 0 0 0 0 0 0 0 0 0 0 0 0 0 0 0 0 0 0 0 0 0 0 0 0 0 data 8 0x10002 0x1440 0x0 0x0 0x0 0x9 0x1 0x0 oops 0 methods 0
ciMethodData java/io/PrintStream implWrite (Ljava/lang/String;)V 2 3718 orig 80 0 0 0 0 0 0 0 0 0 0 0 0 0 0 0 0 0 0 0 0 0 0 0 0 0 0 0 0 0 0 0 0 0 0 0 0 0 0 0 0 0 0 0 0 0 0 0 0 0 0 0 0 0 0 0 0 0 0 0 0 0 0 0 0 0 0 0 0 0 0 0 0 0 0 0 0 0 0 0 0 data 54 0x10005 0xe87 0x0 0x0 0x0 0x0 0x90005 0x0 0x23c3f8e07c8 0xe87 0x0 0x0 0x100005 0x0 0x23c3f8e07c8 0xe87 0x0 0x0 0x170005 0x0 0x23c3f8e0ce8 0xe87 0x0 0x0 0x1e0007 0x0 0xa0 0xe87 0x240005 0xe87 0x0 0x0 0x0 0x0 0x270007 0xe87 0x50 0x0 0x2e0005 0x0 0x0 0x0 0x0 0x0 0x0 0x0 0x0 0x0 0x0 0x0 0x9 0x2 0x0 0x0 oops 3 8 java/io/BufferedWriter 14 java/io/BufferedWriter 20 java/io/OutputStreamWriter methods 0
ciMethodData java/io/Writer write (Ljava/lang/String;)V 2 3734 orig 80 0 0 0 0 0 0 0 0 0 0 0 0 0 0 0 0 0 0 0 0 0 0 0 0 0 0 0 0 0 0 0 0 0 0 0 0 0 0 0 0 0 0 0 0 0 0 0 0 0 0 0 0 0 0 0 0 0 0 0 0 0 0 0 0 0 0 0 0 0 0 0 0 0 0 0 0 0 0 0 0 data 22 0x40005 0xe97 0x0 0x0 0x0 0x0 0x70005 0x0 0x23c3f8e07c8 0xe97 0x0 0x0 0x0 0x0 0x0 0x0 0x0 0x0 0x9 0x2 0x0 0x0 oops 1 8 java/io/BufferedWriter methods 0
ciMethodData java/io/BufferedWriter write (Ljava/lang/String;II)V 2 3750 orig 80 0 0 0 0 0 0 0 0 0 0 0 0 0 0 0 0 0 0 0 0 0 0 0 0 0 0 0 0 0 0 0 0 0 0 0 0 0 0 0 0 0 0 0 0 0 0 0 0 0 0 0 0 0 0 0 0 0 0 0 0 0 0 0 0 0 0 0 0 0 0 0 0 0 0 0 0 0 0 0 0 data 71 0x80004 0x0 0x23c8529e688 0xea7 0x0 0x0 0xb0007 0x0 0x140 0xea7 0x100004 0x0 0x23c8529e688 0xea7 0x0 0x0 0x170005 0x0 0x23c8529e688 0xea7 0x0 0x0 0x1e0005 0xea7 0x0 0x0 0x0 0x0 0x230005 0x0 0x23c8529e688 0xea7 0x0 0x0 0x260003 0xea7 0x48 0x2d0005 0x0 0x0 0x0 0x0 0x0 0x330003 0xea7 0x60 0x400005 0x0 0x0 0x0 0x0 0x0 0x460003 0x0 0x18 0x0 0x0 0x0 0x0 0x0 0x0 0x9 0x4 0x0 0x0 0x0 0x0 0x290001 0x290001 0x490001 0x490001 oops 4 2 jdk/internal/misc/InternalLock 12 jdk/internal/misc/InternalLock 18 jdk/internal/misc/InternalLock 30 jdk/internal/misc/InternalLock methods 0
ciMethodData java/io/BufferedWriter implWrite (Ljava/lang/String;II)V 2 3766 orig 80 0 0 0 0 0 0 0 0 0 0 0 0 0 0 0 0 0 0 0 0 0 0 0 0 0 0 0 0 0 0 0 0 0 0 0 0 0 0 0 0 0 0 0 0 0 0 0 0 0 0 0 0 0 0 0 0 0 0 0 0 0 0 0 0 0 0 0 0 0 0 0 0 0 0 0 0 0 0 0 0 data 53 0x10005 0xeb7 0x0 0x0 0x0 0x0 0x60005 0xeb7 0x0 0x0 0x0 0x0 0x150007 0xeb7 0xe8 0xeb7 0x270005 0xeb7 0x0 0x0 0x0 0x0 0x3c0005 0xeb7 0x0 0x0 0x0 0x0 0x590007 0xeb7 0x50 0x0 0x5d0005 0x0 0x0 0x0 0x0 0x0 0x600003 0xeb7 0xffffffffffffff30 0x0 0x0 0x0 0x0 0x0 0x0 0x9 0x4 0x0 0x0 0x0 0x0 oops 0 methods 0
ciMethodData java/io/BufferedWriter growIfNeeded (I)V 2 3766 orig 80 0 0 0 0 0 0 0 0 0 0 0 0 0 0 0 0 0 0 0 0 0 0 0 0 0 0 0 0 0 0 0 0 0 0 0 0 0 0 0 0 0 0 0 0 0 0 0 0 0 0 0 0 0 0 0 0 0 0 0 0 0 0 0 0 0 0 0 0 0 0 0 0 0 0 0 0 0 0 0 0 data 30 0xa0007 0xeb7 0x20 0x0 0x150007 0xeb7 0x80 0x0 0x200007 0x0 0x60 0x0 0x290005 0x0 0x0 0x0 0x0 0x0 0x330002 0x0 0x0 0x0 0x0 0x0 0x0 0x0 0x9 0x2 0x0 0x0 oops 0 methods 0
ciMethodData java/io/BufferedWriter min (II)I 2 3766 orig 80 0 0 0 0 0 0 0 0 0 0 0 0 0 0 0 0 0 0 0 0 0 0 0 0 0 0 0 0 0 0 0 0 0 0 0 0 0 0 0 0 0 0 0 0 0 0 0 0 0 0 0 0 0 0 0 0 0 0 0 0 0 0 0 0 0 0 0 0 0 0 0 0 0 0 0 0 0 0 0 0 data 11 0x20007 0xeb7 0x20 0x0 0x0 0x0 0x9 0x3 0x0 0x0 0x0 oops 0 methods 0
ciMethodData java/io/BufferedWriter flushBuffer ()V 2 3862 orig 80 0 0 0 0 0 0 0 0 0 0 0 0 0 0 0 0 0 0 0 0 0 0 0 0 0 0 0 0 0 0 0 0 0 0 0 0 0 0 0 0 0 0 0 0 0 0 0 0 0 0 0 0 0 0 0 0 0 0 0 0 0 0 0 0 0 0 0 0 0 0 0 0 0 0 0 0 0 0 0 0 data 67 0x60004 0x0 0x23c8529e688 0xf17 0x0 0x0 0x90007 0x0 0x140 0xf17 0xd0004 0x0 0x23c8529e688 0xf17 0x0 0x0 0x120005 0x0 0x23c8529e688 0xf17 0x0 0x0 0x160005 0xf17 0x0 0x0 0x0 0x0 0x1a0005 0x0 0x23c8529e688 0xf17 0x0 0x0 0x1d0003 0xf17 0x48 0x220005 0x0 0x0 0x0 0x0 0x0 0x270003 0xf17 0x60 0x2f0005 0x0 0x0 0x0 0x0 0x0 0x340003 0x0 0x18 0x0 0x0 0x0 0x0 0x0 0x0 0x9 0x1 0x0 0x200001 0x370001 0x370001 oops 4 2 jdk/internal/misc/InternalLock 12 jdk/internal/misc/InternalLock 18 jdk/internal/misc/InternalLock 30 jdk/internal/misc/InternalLock methods 0
ciMethodData java/io/BufferedWriter implFlushBuffer ()V 2 3911 orig 80 0 0 0 0 0 0 0 0 0 0 0 0 0 0 0 0 0 0 0 0 0 0 0 0 0 0 0 0 0 0 0 0 0 0 0 0 0 0 0 0 0 0 0 0 0 0 0 0 0 0 0 0 0 0 0 0 0 0 0 0 0 0 0 0 0 0 0 0 0 0 0 0 0 0 0 0 0 0 0 0 data 25 0x10005 0xf48 0x0 0x0 0x0 0x0 0x80007 0xf48 0x20 0x0 0x190005 0x0 0x23c3f8e0ce8 0xf48 0x0 0x0 0x0 0x0 0x0 0x0 0x0 0x0 0x9 0x1 0x8 oops 1 12 java/io/OutputStreamWriter methods 0
ciMethodData java/io/OutputStreamWriter write ([CII)V 2 3942 orig 80 0 0 0 0 0 0 0 0 0 0 0 0 0 0 0 0 0 0 0 0 0 0 0 0 0 0 0 0 0 0 0 0 0 0 0 0 0 0 0 0 0 0 0 0 0 0 0 0 0 0 0 0 0 0 0 0 0 0 0 0 0 0 0 0 0 0 0 0 0 0 0 0 0 0 0 0 0 0 0 0 data 18 0x70005 0xf67 0x0 0x0 0x0 0x0 0x0 0x0 0x0 0x0 0x0 0x0 0x9 0x4 0x0 0x0 0x0 0x0 oops 0 methods 0
ciMethodData sun/nio/cs/StreamEncoder write ([CII)V 2 3942 orig 80 0 0 0 0 0 0 0 0 0 0 0 0 0 0 0 0 0 0 0 0 0 0 0 0 0 0 0 0 0 0 0 0 0 0 0 0 0 0 0 0 0 0 0 0 0 0 0 0 0 0 0 0 0 0 0 0 0 0 0 0 0 0 0 0 0 0 0 0 0 0 0 0 0 0 0 0 0 0 0 0 data 71 0x80004 0x0 0x23c8529e688 0xf67 0x0 0x0 0xb0007 0x0 0x140 0xf67 0x100004 0x0 0x23c8529e688 0xf67 0x0 0x0 0x170005 0x0 0x23c8529e688 0xf67 0x0 0x0 0x1e0005 0xf67 0x0 0x0 0x0 0x0 0x230005 0x0 0x23c8529e688 0xf67 0x0 0x0 0x260003 0xf67 0x48 0x2d0005 0x0 0x0 0x0 0x0 0x0 0x330003 0xf67 0x60 0x400005 0x0 0x0 0x0 0x0 0x0 0x460003 0x0 0x18 0x0 0x0 0x0 0x0 0x0 0x0 0x9 0x4 0x0 0x0 0x0 0x0 0x290001 0x290001 0x490001 0x490001 oops 4 2 jdk/internal/misc/InternalLock 12 jdk/internal/misc/InternalLock 18 jdk/internal/misc/InternalLock 30 jdk/internal/misc/InternalLock methods 0
ciMethodData sun/nio/cs/StreamEncoder lockedWrite ([CII)V 2 3990 orig 80 0 0 0 0 0 0 0 0 0 0 0 0 0 0 0 0 0 0 0 0 0 0 0 0 0 0 0 0 0 0 0 0 0 0 0 0 0 0 0 0 0 0 0 0 0 0 0 0 0 0 0 0 0 0 0 0 0 0 0 0 0 0 0 0 0 0 0 0 0 0 0 0 0 0 0 0 0 0 0 0 data 50 0x10005 0xf97 0x0 0x0 0x0 0x0 0x50007 0x0 0xa0 0xf97 0xb0007 0x0 0x80 0xf97 0xf0007 0x0 0x60 0xf97 0x170007 0x0 0x40 0xf97 0x1d0007 0xf97 0x30 0x0 0x240002 0x0 0x290007 0xf97 0x20 0x0 0x310005 0xf97 0x0 0x0 0x0 0x0 0x0 0x0 0x0 0x0 0x0 0x0 0x9 0x4 0x0 0x0 0x0 0x0 oops 0 methods 0
ciMethodData sun/nio/cs/StreamEncoder ensureOpen ()V 2 3990 orig 80 0 0 0 0 0 0 0 0 0 0 0 0 0 0 0 0 0 0 0 0 0 0 0 0 0 0 0 0 0 0 0 0 0 0 0 0 0 0 0 0 0 0 0 0 0 0 0 0 0 0 0 0 0 0 0 0 0 0 0 0 0 0 0 0 0 0 0 0 0 0 0 0 0 0 0 0 0 0 0 0 data 13 0x40007 0xf97 0x30 0x0 0xd0002 0x0 0x0 0x0 0x0 0x0 0x9 0x1 0x0 oops 0 methods 0
ciMethodData sun/nio/cs/StreamEncoder implWrite ([CII)V 2 3996 orig 80 0 0 0 0 0 0 0 0 0 0 0 0 0 0 0 0 0 0 0 0 0 0 0 0 0 0 0 0 0 0 0 0 0 0 0 0 0 0 0 0 0 0 0 0 0 0 0 0 0 0 0 0 0 0 0 0 0 0 0 0 0 0 0 0 0 0 0 0 0 0 0 0 0 0 0 0 0 0 0 0 data 20 0x30002 0xf9d 0xb0005 0xf9d 0x0 0x0 0x0 0x0 0x0 0x0 0x0 0x0 0x0 0x0 0x9 0x4 0x0 0x0 0x0 0x0 oops 0 methods 0
ciMethodData sun/nio/cs/StreamEncoder implWrite (Ljava/nio/CharBuffer;)V 2 4086 orig 80 0 0 0 0 0 0 0 0 0 0 0 0 0 0 0 0 0 0 0 0 0 0 0 0 0 0 0 0 0 0 0 0 0 0 0 0 0 0 0 0 0 0 0 0 0 0 0 0 0 0 0 0 0 0 0 0 0 0 0 0 0 0 0 0 0 0 0 0 0 0 0 0 0 0 0 0 0 0 0 0 data 143 0x40007 0xff7 0x50 0x0 0xa0005 0x0 0x0 0x0 0x0 0x0 0xf0005 0xff7 0x0 0x0 0x0 0x0 0x120005 0xff7 0x0 0x0 0x0 0x0 0x160005 0xff7 0x0 0x0 0x0 0x0 0x190007 0x0 0x348 0xff7 0x260005 0xff7 0x0 0x0 0x0 0x0 0x2b0005 0x0 0x23c8513af18 0xff7 0x0 0x0 0x2e0007 0x0 0x168 0xff7 0x340007 0xff7 0xb0 0x0 0x380005 0x0 0x0 0x0 0x0 0x0 0x3c0007 0x0 0x60 0x0 0x440005 0x0 0x0 0x0 0x0 0x0 0x470002 0x0 0x4c0005 0xff7 0x0 0x0 0x0 0x0 0x500007 0xff7 0x1c8 0x0 0x5a0005 0x0 0x0 0x0 0x0 0x0 0x600003 0x0 0x178 0x640005 0x0 0x0 0x0 0x0 0x0 0x670007 0x0 0xe8 0x0 0x6d0007 0x0 0x80 0x0 0x740005 0x0 0x0 0x0 0x0 0x0 0x770007 0x0 0x30 0x0 0x7e0002 0x0 0x830005 0x0 0x0 0x0 0x0 0x0 0x860003 0x0 0xfffffffffffffce8 0x8a0005 0x0 0x0 0x0 0x0 0x0 0x8d0003 0x0 0xfffffffffffffca0 0x0 0x0 0x0 0x0 0x0 0x0 0x9 0x2 0x0 0x0 oops 1 40 java/nio/charset/CoderResult methods 0
ciMethodData sun/nio/cs/StreamEncoder growByteBufferIfNeeded (I)V 2 4102 orig 80 0 0 0 0 0 0 0 0 0 0 0 0 0 0 0 0 0 0 0 0 0 0 0 0 0 0 0 0 0 0 0 0 0 0 0 0 0 0 0 0 0 0 0 0 0 0 0 0 0 0 0 0 0 0 0 0 0 0 0 0 0 0 0 0 0 0 0 0 0 0 0 0 0 0 0 0 0 0 0 0 data 42 0x40005 0x1007 0x0 0x0 0x0 0x0 0xd0007 0x0 0xd0 0x1007 0x150005 0x1007 0x0 0x0 0x0 0x0 0x180002 0x1007 0x220002 0x1007 0x2a0007 0x1007 0x60 0x0 0x2e0005 0x0 0x0 0x0 0x0 0x0 0x340002 0x0 0x0 0x0 0x0 0x0 0x0 0x0 0x9 0x2 0x0 0x0 oops 0 methods 0
ciMethodData java/nio/charset/CharsetEncoder encode (Ljava/nio/CharBuffer;Ljava/nio/ByteBuffer;Z)Ljava/nio/charset/CoderResult; 2 4214 orig 80 0 0 0 0 0 0 0 0 0 0 0 0 0 0 0 0 0 0 0 0 0 0 0 0 0 0 0 0 0 0 0 0 0 0 0 0 0 0 0 0 0 0 0 0 0 0 0 0 0 0 0 0 0 0 0 0 0 0 0 0 0 0 0 0 0 0 0 0 0 0 0 0 0 0 0 0 0 0 0 0 data 203 0x10007 0x1077 0x38 0x0 0x50003 0x0 0x18 0xf0007 0x0 0xb0 0x1077 0x170007 0x1077 0x90 0x0 0x1b0007 0x0 0x40 0x0 0x230007 0x0 0x50 0x0 0x2d0005 0x0 0x0 0x0 0x0 0x0 0x390005 0x0 0x23c853e53d8 0x1077 0x0 0x0 0x3e0003 0x1077 0x28 0x490002 0x0 0x4f0005 0x0 0x23c8513af18 0x1077 0x0 0x0 0x520007 0x1077 0x20 0x0 0x5a0005 0x0 0x23c8513af18 0x1077 0x0 0x0 0x5d0007 0x0 0xe8 0x1077 0x610007 0x1077 0xc8 0x0 0x650005 0x0 0x0 0x0 0x0 0x0 0x680007 0x0 0x78 0x0 0x6c0005 0x0 0x0 0x0 0x0 0x0 0x6f0002 0x0 0x740003 0x0 0x18 0x7f0005 0x0 0x0 0x0 0x0 0x0 0x820007 0x0 0x38 0x0 0x8b0003 0x0 0xe0 0x900005 0x0 0x0 0x0 0x0 0x0 0x930007 0x0 0x38 0x0 0x9c0003 0x0 0x78 0xa20007 0x0 0x60 0x0 0xab0005 0x0 0x0 0x0 0x0 0x0 0xae0002 0x0 0xb70007 0x0 0x20 0x0 0xc20007 0x0 0xa0 0x0 0xc60005 0x0 0x0 0x0 0x0 0x0 0xce0007 0x0 0x20 0x0 0xda0005 0x0 0x0 0x0 0x0 0x0 0xe30007 0x0 0x40 0x0 0xeb0007 0x0 0xc8 0x0 0xf00005 0x0 0x0 0x0 0x0 0x0 0xf50005 0x0 0x0 0x0 0x0 0x0 0xf90005 0x0 0x0 0x0 0x0 0x0 0xfd0003 0x0 0xfffffffffffffb80 0x1030007 0x0 0x30 0x0 0x10a0002 0x0 0x10e0003 0x0 0xfffffffffffffb38 0x0 0x0 0x0 0x0 0x0 0x0 0x0 0x0 0x0 0x0 0x0 0x9 0x4 0x0 0x0 0x0 0x0 0x410001 oops 3 31 sun/nio/cs/UTF_8$Encoder 42 java/nio/charset/CoderResult 52 java/nio/charset/CoderResult methods 0
ciMethodData sun/nio/cs/UTF_8$Encoder encodeLoop (Ljava/nio/CharBuffer;Ljava/nio/ByteBuffer;)Ljava/nio/charset/CoderResult; 2 4238 orig 80 0 0 0 0 0 0 0 0 0 0 0 0 0 0 0 0 0 0 0 0 0 0 0 0 0 0 0 0 0 0 0 0 0 0 0 0 0 0 0 0 0 0 0 0 0 0 0 0 0 0 0 0 0 0 0 0 0 0 0 0 0 0 0 0 0 0 0 0 0 0 0 0 0 0 0 0 0 0 0 0 data 43 0x10005 0x108f 0x0 0x0 0x0 0x0 0x40007 0x0 0xa0 0x108f 0x80005 0x108f 0x0 0x0 0x0 0x0 0xb0007 0x0 0x50 0x108f 0x110005 0x108f 0x0 0x0 0x0 0x0 0x180005 0x0 0x0 0x0 0x0 0x0 0x0 0x0 0x0 0x0 0x0 0x0 0x9 0x3 0x0 0x0 0x0 oops 0 methods 0
ciMethodData sun/nio/cs/UTF_8$Encoder encodeArrayLoop (Ljava/nio/CharBuffer;Ljava/nio/ByteBuffer;)Ljava/nio/charset/CoderResult; 2 4262 orig 80 0 0 0 0 0 0 0 0 0 0 0 0 0 0 0 0 0 0 0 0 0 0 0 0 0 0 0 0 0 0 0 0 0 0 0 0 0 0 0 0 0 0 0 0 0 0 0 0 0 0 0 0 0 0 0 0 0 0 0 0 0 0 0 0 0 0 0 0 0 0 0 0 0 0 0 0 0 0 0 0 data 91 0x10005 0x10a7 0x0 0x0 0x0 0x0 0x60005 0x10a7 0x0 0x0 0x0 0x0 0xa0005 0x10a7 0x0 0x0 0x0 0x0 0x110005 0x10a7 0x0 0x0 0x0 0x0 0x150005 0x10a7 0x0 0x0 0x0 0x0 0x1c0005 0x10a7 0x0 0x0 0x0 0x0 0x220005 0x10a7 0x0 0x0 0x0 0x0 0x260005 0x10a7 0x0 0x0 0x0 0x0 0x2d0005 0x10a7 0x0 0x0 0x0 0x0 0x310005 0x10a7 0x0 0x0 0x0 0x0 0x4b0002 0x10a7 0x4e0005 0x0 0x23c85150298 0x10a7 0x0 0x0 0x670007 0x10a7 0x50 0x0 0x780005 0x0 0x0 0x0 0x0 0x0 0x820002 0x10a7 0x0 0x0 0x0 0x0 0x0 0x0 0x9 0x3 0x0 0x0 0x0 oops 1 64 java/lang/System$2 methods 0
ciMethodData java/lang/System$2 encodeASCII ([CI[BII)I 2 4337 orig 80 0 0 0 0 0 0 0 0 0 0 0 0 0 0 0 0 0 0 0 0 0 0 0 0 0 0 0 0 0 0 0 0 0 0 0 0 0 0 0 0 0 0 0 0 0 0 0 0 0 0 0 0 0 0 0 0 0 0 0 0 0 0 0 0 0 0 0 0 0 0 0 0 0 0 0 0 0 0 0 0 data 16 0x70002 0x10f2 0x0 0x0 0x0 0x0 0x0 0x0 0x9 0x6 0x0 0x0 0x0 0x0 0x0 0x0 oops 0 methods 0
ciMethodData java/io/OutputStreamWriter flushBuffer ()V 2 4535 orig 80 0 0 0 0 0 0 0 0 0 0 0 0 0 0 0 0 0 0 0 0 0 0 0 0 0 0 0 0 0 0 0 0 0 0 0 0 0 0 0 0 0 0 0 0 0 0 0 0 0 0 0 0 0 0 0 0 0 0 0 0 0 0 0 0 0 0 0 0 0 0 0 0 0 0 0 0 0 0 0 0 data 15 0x40005 0x11b8 0x0 0x0 0x0 0x0 0x0 0x0 0x0 0x0 0x0 0x0 0x9 0x1 0x0 oops 0 methods 0
ciMethodData sun/nio/cs/StreamEncoder flushBuffer ()V 2 4549 orig 80 0 0 0 0 0 0 0 0 0 0 0 0 0 0 0 0 0 0 0 0 0 0 0 0 0 0 0 0 0 0 0 0 0 0 0 0 0 0 0 0 0 0 0 0 0 0 0 0 0 0 0 0 0 0 0 0 0 0 0 0 0 0 0 0 0 0 0 0 0 0 0 0 0 0 0 0 0 0 0 0 data 67 0x60004 0x0 0x23c8529e688 0x11c6 0x0 0x0 0x90007 0x0 0x140 0x11c6 0xd0004 0x0 0x23c8529e688 0x11c6 0x0 0x0 0x120005 0x0 0x23c8529e688 0x11c6 0x0 0x0 0x160005 0x11c6 0x0 0x0 0x0 0x0 0x1a0005 0x0 0x23c8529e688 0x11c5 0x0 0x0 0x1d0003 0x11c5 0x48 0x220005 0x0 0x0 0x0 0x0 0x0 0x270003 0x11c5 0x60 0x2f0005 0x0 0x0 0x0 0x0 0x0 0x340003 0x0 0x18 0x0 0x0 0x0 0x0 0x0 0x0 0x9 0x1 0x0 0x200001 0x370001 0x370001 oops 4 2 jdk/internal/misc/InternalLock 12 jdk/internal/misc/InternalLock 18 jdk/internal/misc/InternalLock 30 jdk/internal/misc/InternalLock methods 0
ciMethodData sun/nio/cs/StreamEncoder lockedFlushBuffer ()V 2 4608 orig 80 0 0 0 0 0 0 0 0 0 0 0 0 0 0 0 0 0 0 0 0 0 0 0 0 0 0 0 0 0 0 0 0 0 0 0 0 0 0 0 0 0 0 0 0 0 0 0 0 0 0 0 0 0 0 0 0 0 0 0 0 0 0 0 0 0 0 0 0 0 0 0 0 0 0 0 0 0 0 0 0 data 30 0x10005 0x1200 0x0 0x0 0x0 0x0 0x40007 0x0 0x68 0x1200 0x80005 0x1200 0x0 0x0 0x0 0x0 0xb0003 0x11ff 0x28 0x140002 0x0 0x0 0x0 0x0 0x0 0x0 0x0 0x9 0x1 0x0 oops 0 methods 0
ciMethodData sun/nio/cs/StreamEncoder isOpen ()Z 2 4614 orig 80 0 0 0 0 0 0 0 0 0 0 0 0 0 0 0 0 0 0 0 0 0 0 0 0 0 0 0 0 0 0 0 0 0 0 0 0 0 0 0 0 0 0 0 0 0 0 0 0 0 0 0 0 0 0 0 0 0 0 0 0 0 0 0 0 0 0 0 0 0 0 0 0 0 0 0 0 0 0 0 0 data 13 0x40007 0x0 0x38 0x1207 0x80003 0x1207 0x18 0x0 0x0 0x0 0x9 0x1 0x0 oops 0 methods 0
ciMethodData sun/nio/cs/StreamEncoder implFlushBuffer ()V 2 4614 orig 80 0 0 0 0 0 0 0 0 0 0 0 0 0 0 0 0 0 0 0 0 0 0 0 0 0 0 0 0 0 0 0 0 0 0 0 0 0 0 0 0 0 0 0 0 0 0 0 0 0 0 0 0 0 0 0 0 0 0 0 0 0 0 0 0 0 0 0 0 0 0 0 0 0 0 0 0 0 0 0 0 data 25 0x40005 0x1207 0x0 0x0 0x0 0x0 0x70007 0x0 0x50 0x1207 0xb0005 0x1207 0x0 0x0 0x0 0x0 0x0 0x0 0x0 0x0 0x0 0x0 0x9 0x1 0x0 oops 0 methods 0
ciMethodData sun/nio/cs/StreamEncoder writeBytes ()V 2 4630 orig 80 0 0 0 0 0 0 0 0 0 0 0 0 0 0 0 0 0 0 0 0 0 0 0 0 0 0 0 0 0 0 0 0 0 0 0 0 0 0 0 0 0 0 0 0 0 0 0 0 0 0 0 0 0 0 0 0 0 0 0 0 0 0 0 0 0 0 0 0 0 0 0 0 0 0 0 0 0 0 0 0 data 72 0x40005 0x0 0x23c3f930958 0x1217 0x0 0x0 0xc0005 0x1217 0x0 0x0 0x0 0x0 0x140005 0x1217 0x0 0x0 0x0 0x0 0x1b0007 0x1217 0x50 0x0 0x200007 0x0 0x30 0x0 0x270002 0x0 0x2d0007 0x0 0x38 0x1217 0x330003 0x1217 0x18 0x390007 0x0 0xb0 0x1217 0x440005 0x1217 0x0 0x0 0x0 0x0 0x4b0005 0x1217 0x0 0x0 0x0 0x0 0x510005 0x0 0x23c3f5d9648 0x1217 0x0 0x0 0x580005 0x0 0x23c3f930958 0x1217 0x0 0x0 0x0 0x0 0x0 0x0 0x0 0x0 0x9 0x1 0x0 oops 3 2 java/nio/HeapByteBuffer 53 java/io/PrintStream 59 java/nio/HeapByteBuffer methods 0
ciMethodData java/io/PrintStream write ([BII)V 2 4678 orig 80 0 0 0 0 0 0 0 0 0 0 0 0 0 0 0 0 0 0 0 0 0 0 0 0 0 0 0 0 0 0 0 0 0 0 0 0 0 0 0 0 0 0 0 0 0 0 0 0 0 0 0 0 0 0 0 0 0 0 0 0 0 0 0 0 0 0 0 0 0 0 0 0 0 0 0 0 0 0 0 0 data 75 0x40007 0x0 0x110 0x1247 0xb0005 0x0 0x23c8529e688 0x1247 0x0 0x0 0x120005 0x1247 0x0 0x0 0x0 0x0 0x190005 0x0 0x23c8529e688 0x1247 0x0 0x0 0x1c0003 0x1247 0x48 0x250005 0x0 0x0 0x0 0x0 0x0 0x2b0003 0x1247 0x60 0x370005 0x0 0x0 0x0 0x0 0x0 0x3d0003 0x0 0x18 0x480003 0x1247 0x70 0x4d0002 0x0 0x500005 0x0 0x0 0x0 0x0 0x0 0x530003 0x0 0x18 0x0 0x0 0x0 0x0 0x0 0x0 0x9 0x4 0x0 0x0 0x0 0x0 0x1f0001 0x1f0001 0x400001 0x400001 0x4b0001 0x560001 oops 2 6 jdk/internal/misc/InternalLock 18 jdk/internal/misc/InternalLock methods 0
ciMethodData java/io/PrintStream implWrite ([BII)V 2 4730 orig 80 0 0 0 0 0 0 0 0 0 0 0 0 0 0 0 0 0 0 0 0 0 0 0 0 0 0 0 0 0 0 0 0 0 0 0 0 0 0 0 0 0 0 0 0 0 0 0 0 0 0 0 0 0 0 0 0 0 0 0 0 0 0 0 0 0 0 0 0 0 0 0 0 0 0 0 0 0 0 0 0 data 34 0x10005 0x127b 0x0 0x0 0x0 0x0 0xb0005 0x0 0x23c89dc43c0 0x127b 0x0 0x0 0x120007 0x0 0x50 0x127b 0x190005 0x0 0x23c89dc43c0 0x127b 0x0 0x0 0x0 0x0 0x0 0x0 0x0 0x0 0x9 0x4 0x0 0x0 0x0 0x0 oops 2 8 java/io/BufferedOutputStream 18 java/io/BufferedOutputStream methods 0
ciMethodData java/io/BufferedOutputStream write ([BII)V 2 4745 orig 80 0 0 0 0 0 0 0 0 0 0 0 0 0 0 0 0 0 0 0 0 0 0 0 0 0 0 0 0 0 0 0 0 0 0 0 0 0 0 0 0 0 0 0 0 0 0 0 0 0 0 0 0 0 0 0 0 0 0 0 0 0 0 0 0 0 0 0 0 0 0 0 0 0 0 0 0 0 0 0 0 data 59 0x40007 0x0 0x110 0x128a 0xb0005 0x0 0x23c8529e688 0x128a 0x0 0x0 0x120005 0x128a 0x0 0x0 0x0 0x0 0x190005 0x0 0x23c8529e688 0x128a 0x0 0x0 0x1c0003 0x128a 0x48 0x250005 0x0 0x0 0x0 0x0 0x0 0x2b0003 0x128a 0x60 0x370005 0x0 0x0 0x0 0x0 0x0 0x3d0003 0x0 0x18 0x0 0x0 0x0 0x0 0x0 0x0 0x9 0x4 0x0 0x0 0x0 0x0 0x1f0001 0x1f0001 0x400001 0x400001 oops 2 6 jdk/internal/misc/InternalLock 18 jdk/internal/misc/InternalLock methods 0
ciMethodData java/io/BufferedOutputStream implWrite ([BII)V 2 4790 orig 80 0 0 0 0 0 0 0 0 0 0 0 0 0 0 0 0 0 0 0 0 0 0 0 0 0 0 0 0 0 0 0 0 0 0 0 0 0 0 0 0 0 0 0 0 0 0 0 0 0 0 0 0 0 0 0 0 0 0 0 0 0 0 0 0 0 0 0 0 0 0 0 0 0 0 0 0 0 0 0 0 data 46 0x50007 0x12b7 0x80 0x0 0x90005 0x0 0x0 0x0 0x0 0x0 0x130005 0x0 0x0 0x0 0x0 0x0 0x190005 0x12b7 0x0 0x0 0x0 0x0 0x270007 0x12b7 0x50 0x0 0x2b0005 0x0 0x0 0x0 0x0 0x0 0x390002 0x12b7 0x0 0x0 0x0 0x0 0x0 0x0 0x9 0x4 0x0 0x0 0x0 0x0 oops 0 methods 0
ciMethodData java/io/BufferedOutputStream growIfNeeded (I)V 2 4790 orig 80 0 0 0 0 0 0 0 0 0 0 0 0 0 0 0 0 0 0 0 0 0 0 0 0 0 0 0 0 0 0 0 0 0 0 0 0 0 0 0 0 0 0 0 0 0 0 0 0 0 0 0 0 0 0 0 0 0 0 0 0 0 0 0 0 0 0 0 0 0 0 0 0 0 0 0 0 0 0 0 0 data 26 0xa0007 0x12b7 0x20 0x0 0x180007 0x12b7 0x60 0x0 0x200007 0x0 0x40 0x0 0x280002 0x0 0x340002 0x0 0x0 0x0 0x0 0x0 0x0 0x0 0x9 0x2 0x0 0x0 oops 0 methods 0
ciMethodData java/io/BufferedOutputStream flush ()V 2 4886 orig 80 0 0 0 0 0 0 0 0 0 0 0 0 0 0 0 0 0 0 0 0 0 0 0 0 0 0 0 0 0 0 0 0 0 0 0 0 0 0 0 0 0 0 0 0 0 0 0 0 0 0 0 0 0 0 0 0 0 0 0 0 0 0 0 0 0 0 0 0 0 0 0 0 0 0 0 0 0 0 0 0 data 55 0x40007 0x0 0x110 0x1317 0xb0005 0x0 0x23c8529e688 0x1317 0x0 0x0 0xf0005 0x1317 0x0 0x0 0x0 0x0 0x160005 0x0 0x23c8529e688 0x1317 0x0 0x0 0x190003 0x1317 0x48 0x210005 0x0 0x0 0x0 0x0 0x0 0x260003 0x1317 0x60 0x2e0005 0x0 0x0 0x0 0x0 0x0 0x330003 0x0 0x18 0x0 0x0 0x0 0x0 0x0 0x0 0x9 0x1 0x0 0x1c0001 0x360001 0x360001 oops 2 6 jdk/internal/misc/InternalLock 18 jdk/internal/misc/InternalLock methods 0
ciMethodData java/io/BufferedOutputStream implFlush ()V 2 4950 orig 80 0 0 0 0 0 0 0 0 0 0 0 0 0 0 0 0 0 0 0 0 0 0 0 0 0 0 0 0 0 0 0 0 0 0 0 0 0 0 0 0 0 0 0 0 0 0 0 0 0 0 0 0 0 0 0 0 0 0 0 0 0 0 0 0 0 0 0 0 0 0 0 0 0 0 0 0 0 0 0 0 data 21 0x10005 0x1357 0x0 0x0 0x0 0x0 0x80005 0x0 0x23c89e617d0 0x1357 0x0 0x0 0x0 0x0 0x0 0x0 0x0 0x0 0x9 0x1 0x0 oops 1 8 java/io/FileOutputStream methods 0
ciMethodData java/io/BufferedOutputStream flushBuffer ()V 2 4952 orig 80 0 0 0 0 0 0 0 0 0 0 0 0 0 0 0 0 0 0 0 0 0 0 0 0 0 0 0 0 0 0 0 0 0 0 0 0 0 0 0 0 0 0 0 0 0 0 0 0 0 0 0 0 0 0 0 0 0 0 0 0 0 0 0 0 0 0 0 0 0 0 0 0 0 0 0 0 0 0 0 0 data 19 0x40007 0x0 0x50 0x1359 0x140005 0x0 0x23c89e617d0 0x1359 0x0 0x0 0x0 0x0 0x0 0x0 0x0 0x0 0x9 0x1 0x0 oops 1 6 java/io/FileOutputStream methods 0
ciMethodData java/io/FileOutputStream write ([BII)V 2 4966 orig 80 0 0 0 0 0 0 0 0 0 0 0 0 0 0 0 0 0 0 0 0 0 0 0 0 0 0 0 0 0 0 0 0 0 0 0 0 0 0 0 0 0 0 0 0 0 0 0 0 0 0 0 0 0 0 0 0 0 0 0 0 0 0 0 0 0 0 0 0 0 0 0 0 0 0 0 0 0 0 0 0 data 35 0x70005 0x0 0x23c89e64be0 0x1367 0x0 0x0 0xe0002 0x1367 0x190005 0x1367 0x0 0x0 0x0 0x0 0x1e0002 0x1367 0x210003 0x1367 0x28 0x280002 0x0 0x0 0x0 0x0 0x0 0x0 0x0 0x9 0x4 0x0 0x0 0x0 0x0 0x240001 0x240001 oops 1 2 java/io/FileDescriptor$1 methods 0
ciMethodData java/io/FileDescriptor$1 getAppend (Ljava/io/FileDescriptor;)Z 2 4973 orig 80 0 0 0 0 0 0 0 0 0 0 0 0 0 0 0 0 0 0 0 0 0 0 0 0 0 0 0 0 0 0 0 0 0 0 0 0 0 0 0 0 0 0 0 0 0 0 0 0 0 0 0 0 0 0 0 0 0 0 0 0 0 0 0 0 0 0 0 0 0 0 0 0 0 0 0 0 0 0 0 0 data 6 0x0 0x0 0x9 0x2 0x0 0x0 oops 0 methods 0
ciMethodData java/io/OutputStream flush ()V 2 1049 orig 80 0 0 0 0 0 0 0 0 0 0 0 0 0 0 0 0 0 0 0 0 0 0 0 0 0 0 0 0 0 0 0 0 0 0 0 0 0 0 0 0 0 0 0 0 0 0 0 0 0 0 0 0 0 0 0 0 0 0 0 0 0 0 0 0 0 0 0 0 0 0 0 0 0 0 0 0 0 0 0 0 data 4 0x0 0x9 0x1 0x0 oops 0 methods 0
ciMethod  @bci com/sun/marlin/TransformingPathConsumer2D$PathTracer <init> (Ljava/lang/String;)V 6 <appendix> form vmentry <vmtarget> ; invoke (Ljava/lang/Object;Ljava/lang/Object;)Ljava/lang/Object; 516 0 4062 0 -1
ciMethodData  @bci com/sun/marlin/TransformingPathConsumer2D$PathTracer <init> (Ljava/lang/String;)V 6 <appendix> form vmentry <vmtarget> ; invoke (Ljava/lang/Object;Ljava/lang/Object;)Ljava/lang/Object; 2 3804 orig 80 0 0 0 0 0 0 0 0 0 0 0 0 0 0 0 0 0 0 0 0 0 0 0 0 0 0 0 0 0 0 0 0 0 0 0 0 0 0 0 0 0 0 0 0 0 0 0 0 0 0 0 0 0 0 0 0 0 0 0 0 0 0 0 0 0 0 0 0 0 0 0 0 0 0 0 0 0 0 0 0 data 40 0x10004 0x0 0x23c3f5dc310 0x22 0x0 0x0 0x100004 0x0 0x23c3f564628 0x22 0x0 0x0 0x15000b 0xedc 0x0 0x0 0x0 0x0 0x5 0x1 0x23c3f5622a8 0x2 0x23c3f5622a8 0x23c3f5622a8 0x0 0x0 0x0 0x0 0x0 0x0 0x9 0x2 0x0 0x0 0xc 0x4 0x0 0x23c3f5dc310 0x1 0x23c3f5622a8 oops 7 2 java/lang/invoke/BoundMethodHandle$Species_LL 8 java/lang/invoke/DirectMethodHandle 20 java/lang/String 22 java/lang/String 23 java/lang/String 37 java/lang/invoke/BoundMethodHandle$Species_LL 39 java/lang/String methods 0
ciMethod application/DistrictTree printTreeInorder (Lapplication/DistrictTreeNode;)V 856 0 8287 0 0
ciMethodData application/DistrictTree printTreeInorder (Lapplication/DistrictTreeNode;)V 2 7859 orig 80 0 0 0 0 0 0 0 0 0 0 0 0 60 2 0 0 0 0 0 0 0 0 0 0 0 0 0 0 0 0 0 0 0 0 0 0 0 0 0 0 0 0 0 0 0 0 0 0 0 0 0 0 0 0 0 0 0 0 0 0 0 0 0 0 0 0 0 0 0 0 0 0 0 0 0 0 0 0 0 0 data 38 0x10007 0xfe3 0xe0 0xed0 0x90005 0xed0 0x0 0x0 0x0 0x0 0x13000a 0xed0 0x3 0x0 0x23c3f5622a8 0x23c3f5622a8 0x180005 0x0 0x23c3f5d9648 0xed0 0x0 0x0 0x200005 0xed0 0x0 0x0 0x0 0x0 0x0 0x0 0x0 0x0 0x0 0x0 0x9 0x2 0x0 0x0 oops 3 14 java/lang/String 15 java/lang/String 18 java/io/PrintStream methods 0
compile application/DistrictTree printTreeInorder (Lapplication/DistrictTreeNode;)V -1 4 inline 385 0 -1 0 application/DistrictTree printTreeInorder (Lapplication/DistrictTreeNode;)V 1 9 0 application/DistrictTree printTreeInorder (Lapplication/DistrictTreeNode;)V 2 19 0 java/lang/invoke/Invokers$Holder linkToTargetMethod (Ljava/lang/Object;Ljava/lang/Object;)Ljava/lang/Object; 3 5 0  @bci com/sun/marlin/TransformingPathConsumer2D$PathTracer <init> (Ljava/lang/String;)V 6 <appendix> form vmentry <vmtarget> ; invoke (Ljava/lang/Object;Ljava/lang/Object;)Ljava/lang/Object; 4 21 0 java/lang/invoke/DirectMethodHandle$Holder invokeStatic (Ljava/lang/Object;Ljava/lang/Object;Ljava/lang/Object;)Ljava/lang/Object; 5 1 0 java/lang/invoke/DirectMethodHandle internalMemberName (Ljava/lang/Object;)Ljava/lang/Object; 5 11 0 java/lang/StringConcatHelper simpleConcat (Ljava/lang/Object;Ljava/lang/Object;)Ljava/lang/String; 6 1 0 java/lang/StringConcatHelper stringOf (Ljava/lang/Object;)Ljava/lang/String; 7 5 0 java/lang/String toString ()Ljava/lang/String; 6 6 0 java/lang/StringConcatHelper stringOf (Ljava/lang/Object;)Ljava/lang/String; 7 5 0 java/lang/String toString ()Ljava/lang/String; 6 11 0 java/lang/String isEmpty ()Z 6 22 0 java/lang/String <init> (Ljava/lang/String;)V 7 1 0 java/lang/Object <init> ()V 6 27 0 java/lang/String isEmpty ()Z 6 42 0 java/lang/StringConcatHelper initialCoder ()J 6 46 0 java/lang/StringConcatHelper mix (JLjava/lang/String;)J 7 2 0 java/lang/String length ()I 8 6 0 java/lang/String coder ()B 7 9 0 java/lang/String coder ()B 7 23 0 java/lang/StringConcatHelper checkOverflow (J)J 6 54 0 java/lang/StringConcatHelper mix (JLjava/lang/String;)J 7 2 0 java/lang/String length ()I 8 6 0 java/lang/String coder ()B 7 9 0 java/lang/String coder ()B 7 23 0 java/lang/StringConcatHelper checkOverflow (J)J 6 61 0 java/lang/StringConcatHelper newArray (J)[B 7 33 0 jdk/internal/misc/Unsafe allocateUninitializedArray (Ljava/lang/Class;I)Ljava/lang/Object; 6 71 0 java/lang/StringConcatHelper prepend (J[BLjava/lang/String;)J 7 2 0 java/lang/String length ()I 8 6 0 java/lang/String coder ()B 7 21 0 java/lang/String getBytes ([BIB)V 8 1 0 java/lang/String coder ()B 6 81 0 java/lang/StringConcatHelper prepend (J[BLjava/lang/String;)J 7 2 0 java/lang/String length ()I 8 6 0 java/lang/String coder ()B 7 21 0 java/lang/String getBytes ([BIB)V 8 1 0 java/lang/String coder ()B 6 90 0 java/lang/StringConcatHelper newString ([BJ)Ljava/lang/String; 7 12 0 java/lang/String <init> ([BB)V 8 1 0 java/lang/Object <init> ()V 7 30 0 java/lang/String <init> ([BB)V 8 1 0 java/lang/Object <init> ()V 2 24 0 java/io/PrintStream print (Ljava/lang/String;)V 3 2 0 java/lang/String valueOf (Ljava/lang/Object;)Ljava/lang/String; 4 11 0 java/lang/String toString ()Ljava/lang/String; 3 5 0 java/io/PrintStream write (Ljava/lang/String;)V 4 11 0 jdk/internal/misc/InternalLock lock ()V 5 4 0 java/util/concurrent/locks/ReentrantLock lock ()V 6 4 0 java/util/concurrent/locks/ReentrantLock$Sync lock ()V 7 1 0 java/util/concurrent/locks/ReentrantLock$NonfairSync initialTryLock ()Z 8 7 0 java/util/concurrent/locks/AbstractQueuedSynchronizer compareAndSetState (II)Z 8 15 0 java/util/concurrent/locks/AbstractOwnableSynchronizer setExclusiveOwnerThread (Ljava/lang/Thread;)V 8 21 0 java/util/concurrent/locks/AbstractOwnableSynchronizer getExclusiveOwnerThread ()Ljava/lang/Thread; 8 29 0 java/util/concurrent/locks/AbstractQueuedSynchronizer getState ()I 8 51 0 java/util/concurrent/locks/AbstractQueuedSynchronizer setState (I)V 4 16 0 java/io/PrintStream implWrite (Ljava/lang/String;)V 5 1 0 java/io/PrintStream ensureOpen ()V 5 9 0 java/io/Writer write (Ljava/lang/String;)V 6 4 0 java/lang/String length ()I 7 6 0 java/lang/String coder ()B 6 7 0 java/io/BufferedWriter write (Ljava/lang/String;II)V 7 23 0 jdk/internal/misc/InternalLock lock ()V 8 4 0 java/util/concurrent/locks/ReentrantLock lock ()V 9 4 0 java/util/concurrent/locks/ReentrantLock$Sync lock ()V 10 1 0 java/util/concurrent/locks/ReentrantLock$NonfairSync initialTryLock ()Z 11 7 0 java/util/concurrent/locks/AbstractQueuedSynchronizer compareAndSetState (II)Z 11 15 0 java/util/concurrent/locks/AbstractOwnableSynchronizer setExclusiveOwnerThread (Ljava/lang/Thread;)V 11 21 0 java/util/concurrent/locks/AbstractOwnableSynchronizer getExclusiveOwnerThread ()Ljava/lang/Thread; 11 29 0 java/util/concurrent/locks/AbstractQueuedSynchronizer getState ()I 11 51 0 java/util/concurrent/locks/AbstractQueuedSynchronizer setState (I)V 7 30 0 java/io/BufferedWriter implWrite (Ljava/lang/String;II)V 8 1 0 java/io/BufferedWriter ensureOpen ()V 8 6 0 java/io/BufferedWriter growIfNeeded (I)V 8 39 0 java/io/BufferedWriter min (II)I 8 60 0 java/lang/String getChars (II[CI)V 9 3 0 java/lang/String length ()I 10 6 0 java/lang/String coder ()B 9 6 0 java/lang/String checkBoundsBeginEnd (III)V 10 6 0 jdk/internal/util/Preconditions checkFromToIndex (IIILjava/util/function/BiFunction;)I 9 16 0 java/lang/String checkBoundsOffCount (III)I 10 6 0 jdk/internal/util/Preconditions checkFromIndexSize (IIILjava/util/function/BiFunction;)I 9 21 0 java/lang/String isLatin1 ()Z 9 36 0 java/lang/StringLatin1 getChars ([BII[CI)V 7 35 0 jdk/internal/misc/InternalLock unlock ()V 8 4 0 java/util/concurrent/locks/ReentrantLock unlock ()V 9 5 0 java/util/concurrent/locks/AbstractQueuedSynchronizer release (I)Z 10 2 0 java/util/concurrent/locks/ReentrantLock$Sync tryRelease (I)Z 11 1 0 java/util/concurrent/locks/AbstractQueuedSynchronizer getState ()I 11 8 0 java/util/concurrent/locks/AbstractOwnableSynchronizer getExclusiveOwnerThread ()Ljava/lang/Thread; 11 41 0 java/util/concurrent/locks/AbstractOwnableSynchronizer setExclusiveOwnerThread (Ljava/lang/Thread;)V 11 46 0 java/util/concurrent/locks/AbstractQueuedSynchronizer setState (I)V 10 12 0 java/util/concurrent/locks/AbstractQueuedSynchronizer signalNext (Ljava/util/concurrent/locks/AbstractQueuedSynchronizer$Node;)V 5 16 0 java/io/BufferedWriter flushBuffer ()V 6 18 0 jdk/internal/misc/InternalLock lock ()V 7 4 0 java/util/concurrent/locks/ReentrantLock lock ()V 8 4 0 java/util/concurrent/locks/ReentrantLock$Sync lock ()V 9 1 0 java/util/concurrent/locks/ReentrantLock$NonfairSync initialTryLock ()Z 10 7 0 java/util/concurrent/locks/AbstractQueuedSynchronizer compareAndSetState (II)Z 10 15 0 java/util/concurrent/locks/AbstractOwnableSynchronizer setExclusiveOwnerThread (Ljava/lang/Thread;)V 10 21 0 java/util/concurrent/locks/AbstractOwnableSynchronizer getExclusiveOwnerThread ()Ljava/lang/Thread; 10 29 0 java/util/concurrent/locks/AbstractQueuedSynchronizer getState ()I 10 51 0 java/util/concurrent/locks/AbstractQueuedSynchronizer setState (I)V 6 22 0 java/io/BufferedWriter implFlushBuffer ()V 7 1 0 java/io/BufferedWriter ensureOpen ()V 7 25 0 java/io/OutputStreamWriter write ([CII)V 8 7 0 sun/nio/cs/StreamEncoder write ([CII)V 9 23 0 jdk/internal/misc/InternalLock lock ()V 10 4 0 java/util/concurrent/locks/ReentrantLock lock ()V 11 4 0 java/util/concurrent/locks/ReentrantLock$Sync lock ()V 12 1 0 java/util/concurrent/locks/ReentrantLock$NonfairSync initialTryLock ()Z 13 7 0 java/util/concurrent/locks/AbstractQueuedSynchronizer compareAndSetState (II)Z 13 15 0 java/util/concurrent/locks/AbstractOwnableSynchronizer setExclusiveOwnerThread (Ljava/lang/Thread;)V 13 21 0 java/util/concurrent/locks/AbstractOwnableSynchronizer getExclusiveOwnerThread ()Ljava/lang/Thread; 13 29 0 java/util/concurrent/locks/AbstractQueuedSynchronizer getState ()I 13 51 0 java/util/concurrent/locks/AbstractQueuedSynchronizer setState (I)V 9 30 0 sun/nio/cs/StreamEncoder lockedWrite ([CII)V 10 1 0 sun/nio/cs/StreamEncoder ensureOpen ()V 10 49 0 sun/nio/cs/StreamEncoder implWrite ([CII)V 11 3 0 java/nio/CharBuffer wrap ([CII)Ljava/nio/CharBuffer; 12 8 0 java/nio/HeapCharBuffer <init> ([CIILjava/lang/foreign/MemorySegment;)V 13 12 0 java/nio/CharBuffer <init> (IIII[CILjava/lang/foreign/MemorySegment;)V 14 8 0 java/nio/Buffer <init> (IIIILjava/lang/foreign/MemorySegment;)V 15 1 0 java/lang/Object <init> ()V 15 39 0 java/nio/CharBuffer limit (I)Ljava/nio/Buffer; 16 2 0 java/nio/CharBuffer limit (I)Ljava/nio/CharBuffer; 15 45 0 java/nio/CharBuffer position (I)Ljava/nio/Buffer; 16 2 0 java/nio/CharBuffer position (I)Ljava/nio/CharBuffer; 11 11 0 sun/nio/cs/StreamEncoder implWrite (Ljava/nio/CharBuffer;)V 12 15 0 java/nio/Buffer remaining ()I 12 18 0 sun/nio/cs/StreamEncoder growByteBufferIfNeeded (I)V 13 4 0 java/nio/Buffer capacity ()I 13 21 0 java/nio/charset/CharsetEncoder maxBytesPerChar ()F 12 22 0 java/nio/Buffer hasRemaining ()Z 12 38 0 java/nio/charset/CharsetEncoder encode (Ljava/nio/CharBuffer;Ljava/nio/ByteBuffer;Z)Ljava/nio/charset/CoderResult; 13 57 0 sun/nio/cs/UTF_8$Encoder encodeLoop (Ljava/nio/CharBuffer;Ljava/nio/ByteBuffer;)Ljava/nio/charset/CoderResult; 14 1 0 java/nio/CharBuffer hasArray ()Z 14 8 0 java/nio/ByteBuffer hasArray ()Z 14 17 0 sun/nio/cs/UTF_8$Encoder encodeArrayLoop (Ljava/nio/CharBuffer;Ljava/nio/ByteBuffer;)Ljava/nio/charset/CoderResult; 15 1 0 java/nio/CharBuffer array ()[C 15 6 0 java/nio/CharBuffer arrayOffset ()I 15 10 0 java/nio/Buffer position ()I 15 17 0 java/nio/CharBuffer arrayOffset ()I 15 21 0 java/nio/Buffer limit ()I 15 28 0 java/nio/ByteBuffer array ()[B 15 34 0 java/nio/ByteBuffer arrayOffset ()I 15 38 0 java/nio/Buffer position ()I 15 45 0 java/nio/ByteBuffer arrayOffset ()I 15 49 0 java/nio/Buffer limit ()I 15 78 0 java/lang/System$2 encodeASCII ([CI[BII)I 15 130 0 sun/nio/cs/UTF_8 updatePositions (Ljava/nio/Buffer;ILjava/nio/Buffer;I)V 16 3 0 java/nio/CharBuffer arrayOffset ()I 16 7 0 java/nio/CharBuffer position (I)Ljava/nio/Buffer; 16 14 0 java/nio/ByteBuffer arrayOffset ()I 16 18 0 java/nio/ByteBuffer position (I)Ljava/nio/Buffer; 16 18 0 java/nio/CharBuffer position (I)Ljava/nio/Buffer; 13 79 0 java/nio/charset/CoderResult isOverflow ()Z 13 90 0 java/nio/charset/CoderResult isUnderflow ()Z 12 43 0 java/nio/charset/CoderResult isUnderflow ()Z 12 76 0 java/nio/Buffer remaining ()I 9 35 0 jdk/internal/misc/InternalLock unlock ()V 10 4 0 java/util/concurrent/locks/ReentrantLock unlock ()V 11 5 0 java/util/concurrent/locks/AbstractQueuedSynchronizer release (I)Z 12 2 0 java/util/concurrent/locks/ReentrantLock$Sync tryRelease (I)Z 13 1 0 java/util/concurrent/locks/AbstractQueuedSynchronizer getState ()I 13 8 0 java/util/concurrent/locks/AbstractOwnableSynchronizer getExclusiveOwnerThread ()Ljava/lang/Thread; 13 41 0 java/util/concurrent/locks/AbstractOwnableSynchronizer setExclusiveOwnerThread (Ljava/lang/Thread;)V 13 46 0 java/util/concurrent/locks/AbstractQueuedSynchronizer setState (I)V 12 12 0 java/util/concurrent/locks/AbstractQueuedSynchronizer signalNext (Ljava/util/concurrent/locks/AbstractQueuedSynchronizer$Node;)V 6 26 0 jdk/internal/misc/InternalLock unlock ()V 7 4 0 java/util/concurrent/locks/ReentrantLock unlock ()V 8 5 0 java/util/concurrent/locks/AbstractQueuedSynchronizer release (I)Z 9 2 0 java/util/concurrent/locks/ReentrantLock$Sync tryRelease (I)Z 10 1 0 java/util/concurrent/locks/AbstractQueuedSynchronizer getState ()I 10 8 0 java/util/concurrent/locks/AbstractOwnableSynchronizer getExclusiveOwnerThread ()Ljava/lang/Thread; 10 41 0 java/util/concurrent/locks/AbstractOwnableSynchronizer setExclusiveOwnerThread (Ljava/lang/Thread;)V 10 46 0 java/util/concurrent/locks/AbstractQueuedSynchronizer setState (I)V 9 12 0 java/util/concurrent/locks/AbstractQueuedSynchronizer signalNext (Ljava/util/concurrent/locks/AbstractQueuedSynchronizer$Node;)V 5 23 0 java/io/OutputStreamWriter flushBuffer ()V 6 4 0 sun/nio/cs/StreamEncoder flushBuffer ()V 7 18 0 jdk/internal/misc/InternalLock lock ()V 8 4 0 java/util/concurrent/locks/ReentrantLock lock ()V 9 4 0 java/util/concurrent/locks/ReentrantLock$Sync lock ()V 10 1 0 java/util/concurrent/locks/ReentrantLock$NonfairSync initialTryLock ()Z 11 7 0 java/util/concurrent/locks/AbstractQueuedSynchronizer compareAndSetState (II)Z 11 15 0 java/util/concurrent/locks/AbstractOwnableSynchronizer setExclusiveOwnerThread (Ljava/lang/Thread;)V 11 21 0 java/util/concurrent/locks/AbstractOwnableSynchronizer getExclusiveOwnerThread ()Ljava/lang/Thread; 11 29 0 java/util/concurrent/locks/AbstractQueuedSynchronizer getState ()I 11 51 0 java/util/concurrent/locks/AbstractQueuedSynchronizer setState (I)V 7 22 0 sun/nio/cs/StreamEncoder lockedFlushBuffer ()V 8 1 0 sun/nio/cs/StreamEncoder isOpen ()Z 8 8 0 sun/nio/cs/StreamEncoder implFlushBuffer ()V 9 4 0 java/nio/Buffer position ()I 9 11 0 sun/nio/cs/StreamEncoder writeBytes ()V 10 4 0 java/nio/ByteBuffer flip ()Ljava/nio/ByteBuffer; 11 1 0 java/nio/Buffer flip ()Ljava/nio/Buffer; 10 12 0 java/nio/Buffer limit ()I 10 20 0 java/nio/Buffer position ()I 10 68 0 java/nio/ByteBuffer array ()[B 10 75 0 java/nio/ByteBuffer arrayOffset ()I 10 81 0 java/io/PrintStream write ([BII)V 11 11 0 jdk/internal/misc/InternalLock lock ()V 12 4 0 java/util/concurrent/locks/ReentrantLock lock ()V 13 4 0 java/util/concurrent/locks/ReentrantLock$Sync lock ()V 14 1 0 java/util/concurrent/locks/ReentrantLock$NonfairSync initialTryLock ()Z 15 7 0 java/util/concurrent/locks/AbstractQueuedSynchronizer compareAndSetState (II)Z 15 15 0 java/util/concurrent/locks/AbstractOwnableSynchronizer setExclusiveOwnerThread (Ljava/lang/Thread;)V 15 21 0 java/util/concurrent/locks/AbstractOwnableSynchronizer getExclusiveOwnerThread ()Ljava/lang/Thread; 15 29 0 java/util/concurrent/locks/AbstractQueuedSynchronizer getState ()I 15 51 0 java/util/concurrent/locks/AbstractQueuedSynchronizer setState (I)V 11 18 0 java/io/PrintStream implWrite ([BII)V 12 1 0 java/io/PrintStream ensureOpen ()V 12 11 0 java/io/BufferedOutputStream write ([BII)V 13 11 0 jdk/internal/misc/InternalLock lock ()V 14 4 0 java/util/concurrent/locks/ReentrantLock lock ()V 15 4 0 java/util/concurrent/locks/ReentrantLock$Sync lock ()V 16 1 0 java/util/concurrent/locks/ReentrantLock$NonfairSync initialTryLock ()Z 17 15 0 java/util/concurrent/locks/AbstractOwnableSynchronizer setExclusiveOwnerThread (Ljava/lang/Thread;)V 17 21 0 java/util/concurrent/locks/AbstractOwnableSynchronizer getExclusiveOwnerThread ()Ljava/lang/Thread; 17 29 0 java/util/concurrent/locks/AbstractQueuedSynchronizer getState ()I 17 51 0 java/util/concurrent/locks/AbstractQueuedSynchronizer setState (I)V 13 18 0 java/io/BufferedOutputStream implWrite ([BII)V 14 25 0 java/io/BufferedOutputStream growIfNeeded (I)V 13 25 0 jdk/internal/misc/InternalLock unlock ()V 14 4 0 java/util/concurrent/locks/ReentrantLock unlock ()V 15 5 0 java/util/concurrent/locks/AbstractQueuedSynchronizer release (I)Z 16 2 0 java/util/concurrent/locks/ReentrantLock$Sync tryRelease (I)Z 17 1 0 java/util/concurrent/locks/AbstractQueuedSynchronizer getState ()I 17 8 0 java/util/concurrent/locks/AbstractOwnableSynchronizer getExclusiveOwnerThread ()Ljava/lang/Thread; 17 41 0 java/util/concurrent/locks/AbstractOwnableSynchronizer setExclusiveOwnerThread (Ljava/lang/Thread;)V 17 46 0 java/util/concurrent/locks/AbstractQueuedSynchronizer setState (I)V 16 12 0 java/util/concurrent/locks/AbstractQueuedSynchronizer signalNext (Ljava/util/concurrent/locks/AbstractQueuedSynchronizer$Node;)V 12 25 0 java/io/BufferedOutputStream flush ()V 13 11 0 jdk/internal/misc/InternalLock lock ()V 14 4 0 java/util/concurrent/locks/ReentrantLock lock ()V 15 4 0 java/util/concurrent/locks/ReentrantLock$Sync lock ()V 16 1 0 java/util/concurrent/locks/ReentrantLock$NonfairSync initialTryLock ()Z 17 15 0 java/util/concurrent/locks/AbstractOwnableSynchronizer setExclusiveOwnerThread (Ljava/lang/Thread;)V 17 21 0 java/util/concurrent/locks/AbstractOwnableSynchronizer getExclusiveOwnerThread ()Ljava/lang/Thread; 17 29 0 java/util/concurrent/locks/AbstractQueuedSynchronizer getState ()I 17 51 0 java/util/concurrent/locks/AbstractQueuedSynchronizer setState (I)V 13 15 0 java/io/BufferedOutputStream implFlush ()V 14 1 0 java/io/BufferedOutputStream flushBuffer ()V 15 20 0 java/io/FileOutputStream write ([BII)V 16 7 0 java/io/FileDescriptor$1 getAppend (Ljava/io/FileDescriptor;)Z 16 14 0 jdk/internal/misc/Blocker begin ()J 16 30 0 jdk/internal/misc/Blocker end (J)V 14 8 0 java/io/OutputStream flush ()V 13 22 0 jdk/internal/misc/InternalLock unlock ()V 14 4 0 java/util/concurrent/locks/ReentrantLock unlock ()V 15 5 0 java/util/concurrent/locks/AbstractQueuedSynchronizer release (I)Z 16 2 0 java/util/concurrent/locks/ReentrantLock$Sync tryRelease (I)Z 17 1 0 java/util/concurrent/locks/AbstractQueuedSynchronizer getState ()I 17 8 0 java/util/concurrent/locks/AbstractOwnableSynchronizer getExclusiveOwnerThread ()Ljava/lang/Thread; 17 41 0 java/util/concurrent/locks/AbstractOwnableSynchronizer setExclusiveOwnerThread (Ljava/lang/Thread;)V 17 46 0 java/util/concurrent/locks/AbstractQueuedSynchronizer setState (I)V 16 12 0 java/util/concurrent/locks/AbstractQueuedSynchronizer signalNext (Ljava/util/concurrent/locks/AbstractQueuedSynchronizer$Node;)V 11 25 0 jdk/internal/misc/InternalLock unlock ()V 12 4 0 java/util/concurrent/locks/ReentrantLock unlock ()V 13 5 0 java/util/concurrent/locks/AbstractQueuedSynchronizer release (I)Z 14 2 0 java/util/concurrent/locks/ReentrantLock$Sync tryRelease (I)Z 15 1 0 java/util/concurrent/locks/AbstractQueuedSynchronizer getState ()I 15 8 0 java/util/concurrent/locks/AbstractOwnableSynchronizer getExclusiveOwnerThread ()Ljava/lang/Thread; 15 41 0 java/util/concurrent/locks/AbstractOwnableSynchronizer setExclusiveOwnerThread (Ljava/lang/Thread;)V 15 46 0 java/util/concurrent/locks/AbstractQueuedSynchronizer setState (I)V 14 12 0 java/util/concurrent/locks/AbstractQueuedSynchronizer signalNext (Ljava/util/concurrent/locks/AbstractQueuedSynchronizer$Node;)V 10 88 0 java/nio/ByteBuffer clear ()Ljava/nio/ByteBuffer; 11 1 0 java/nio/Buffer clear ()Ljava/nio/Buffer; 7 26 0 jdk/internal/misc/InternalLock unlock ()V 8 4 0 java/util/concurrent/locks/ReentrantLock unlock ()V 9 5 0 java/util/concurrent/locks/AbstractQueuedSynchronizer release (I)Z 10 2 0 java/util/concurrent/locks/ReentrantLock$Sync tryRelease (I)Z 11 1 0 java/util/concurrent/locks/AbstractQueuedSynchronizer getState ()I 11 8 0 java/util/concurrent/locks/AbstractOwnableSynchronizer getExclusiveOwnerThread ()Ljava/lang/Thread; 11 41 0 java/util/concurrent/locks/AbstractOwnableSynchronizer setExclusiveOwnerThread (Ljava/lang/Thread;)V 11 46 0 java/util/concurrent/locks/AbstractQueuedSynchronizer setState (I)V 10 12 0 java/util/concurrent/locks/AbstractQueuedSynchronizer signalNext (Ljava/util/concurrent/locks/AbstractQueuedSynchronizer$Node;)V 5 36 0 java/lang/String indexOf (I)I 6 3 0 java/lang/String indexOf (II)I 7 1 0 java/lang/String isLatin1 ()Z 7 14 0 java/lang/String length ()I 8 6 0 java/lang/String coder ()B 7 17 0 java/lang/StringLatin1 indexOf ([BIII)I 8 1 0 java/lang/StringLatin1 canEncode (I)Z 4 23 0 jdk/internal/misc/InternalLock unlock ()V 5 4 0 java/util/concurrent/locks/ReentrantLock unlock ()V 6 5 0 java/util/concurrent/locks/AbstractQueuedSynchronizer release (I)Z 7 2 0 java/util/concurrent/locks/ReentrantLock$Sync tryRelease (I)Z 8 1 0 java/util/concurrent/locks/AbstractQueuedSynchronizer getState ()I 8 8 0 java/util/concurrent/locks/AbstractOwnableSynchronizer getExclusiveOwnerThread ()Ljava/lang/Thread; 8 41 0 java/util/concurrent/locks/AbstractOwnableSynchronizer setExclusiveOwnerThread (Ljava/lang/Thread;)V 8 46 0 java/util/concurrent/locks/AbstractQueuedSynchronizer setState (I)V 7 12 0 java/util/concurrent/locks/AbstractQueuedSynchronizer signalNext (Ljava/util/concurrent/locks/AbstractQueuedSynchronizer$Node;)V 1 19 0 java/lang/invoke/Invokers$Holder linkToTargetMethod (Ljava/lang/Object;Ljava/lang/Object;)Ljava/lang/Object; 2 5 0  @bci com/sun/marlin/TransformingPathConsumer2D$PathTracer <init> (Ljava/lang/String;)V 6 <appendix> form vmentry <vmtarget> ; invoke (Ljava/lang/Object;Ljava/lang/Object;)Ljava/lang/Object; 3 21 0 java/lang/invoke/DirectMethodHandle$Holder invokeStatic (Ljava/lang/Object;Ljava/lang/Object;Ljava/lang/Object;)Ljava/lang/Object; 4 1 0 java/lang/invoke/DirectMethodHandle internalMemberName (Ljava/lang/Object;)Ljava/lang/Object; 4 11 0 java/lang/StringConcatHelper simpleConcat (Ljava/lang/Object;Ljava/lang/Object;)Ljava/lang/String; 5 1 0 java/lang/StringConcatHelper stringOf (Ljava/lang/Object;)Ljava/lang/String; 6 5 0 java/lang/String toString ()Ljava/lang/String; 5 6 0 java/lang/StringConcatHelper stringOf (Ljava/lang/Object;)Ljava/lang/String; 6 5 0 java/lang/String toString ()Ljava/lang/String; 5 11 0 java/lang/String isEmpty ()Z 5 22 0 java/lang/String <init> (Ljava/lang/String;)V 6 1 0 java/lang/Object <init> ()V 5 27 0 java/lang/String isEmpty ()Z 5 42 0 java/lang/StringConcatHelper initialCoder ()J 5 46 0 java/lang/StringConcatHelper mix (JLjava/lang/String;)J 6 2 0 java/lang/String length ()I 7 6 0 java/lang/String coder ()B 6 9 0 java/lang/String coder ()B 6 23 0 java/lang/StringConcatHelper checkOverflow (J)J 5 54 0 java/lang/StringConcatHelper mix (JLjava/lang/String;)J 6 2 0 java/lang/String length ()I 7 6 0 java/lang/String coder ()B 6 9 0 java/lang/String coder ()B 6 23 0 java/lang/StringConcatHelper checkOverflow (J)J 5 61 0 java/lang/StringConcatHelper newArray (J)[B 6 33 0 jdk/internal/misc/Unsafe allocateUninitializedArray (Ljava/lang/Class;I)Ljava/lang/Object; 5 71 0 java/lang/StringConcatHelper prepend (J[BLjava/lang/String;)J 6 2 0 java/lang/String length ()I 7 6 0 java/lang/String coder ()B 6 21 0 java/lang/String getBytes ([BIB)V 7 1 0 java/lang/String coder ()B 5 81 0 java/lang/StringConcatHelper prepend (J[BLjava/lang/String;)J 6 2 0 java/lang/String length ()I 7 6 0 java/lang/String coder ()B 6 21 0 java/lang/String getBytes ([BIB)V 7 1 0 java/lang/String coder ()B 5 90 0 java/lang/StringConcatHelper newString ([BJ)Ljava/lang/String; 6 12 0 java/lang/String <init> ([BB)V 7 1 0 java/lang/Object <init> ()V 6 30 0 java/lang/String <init> ([BB)V 7 1 0 java/lang/Object <init> ()V 1 24 0 java/io/PrintStream print (Ljava/lang/String;)V 2 2 0 java/lang/String valueOf (Ljava/lang/Object;)Ljava/lang/String; 3 11 0 java/lang/String toString ()Ljava/lang/String; 2 5 0 java/io/PrintStream write (Ljava/lang/String;)V 3 11 0 jdk/internal/misc/InternalLock lock ()V 4 4 0 java/util/concurrent/locks/ReentrantLock lock ()V 5 4 0 java/util/concurrent/locks/ReentrantLock$Sync lock ()V 6 1 0 java/util/concurrent/locks/ReentrantLock$NonfairSync initialTryLock ()Z 7 7 0 java/util/concurrent/locks/AbstractQueuedSynchronizer compareAndSetState (II)Z 7 15 0 java/util/concurrent/locks/AbstractOwnableSynchronizer setExclusiveOwnerThread (Ljava/lang/Thread;)V 7 21 0 java/util/concurrent/locks/AbstractOwnableSynchronizer getExclusiveOwnerThread ()Ljava/lang/Thread; 7 29 0 java/util/concurrent/locks/AbstractQueuedSynchronizer getState ()I 7 51 0 java/util/concurrent/locks/AbstractQueuedSynchronizer setState (I)V 3 16 0 java/io/PrintStream implWrite (Ljava/lang/String;)V 4 1 0 java/io/PrintStream ensureOpen ()V 4 9 0 java/io/Writer write (Ljava/lang/String;)V 5 4 0 java/lang/String length ()I 6 6 0 java/lang/String coder ()B 5 7 0 java/io/BufferedWriter write (Ljava/lang/String;II)V 6 23 0 jdk/internal/misc/InternalLock lock ()V 7 4 0 java/util/concurrent/locks/ReentrantLock lock ()V 8 4 0 java/util/concurrent/locks/ReentrantLock$Sync lock ()V 9 1 0 java/util/concurrent/locks/ReentrantLock$NonfairSync initialTryLock ()Z 10 7 0 java/util/concurrent/locks/AbstractQueuedSynchronizer compareAndSetState (II)Z 10 15 0 java/util/concurrent/locks/AbstractOwnableSynchronizer setExclusiveOwnerThread (Ljava/lang/Thread;)V 10 21 0 java/util/concurrent/locks/AbstractOwnableSynchronizer getExclusiveOwnerThread ()Ljava/lang/Thread; 10 29 0 java/util/concurrent/locks/AbstractQueuedSynchronizer getState ()I 10 51 0 java/util/concurrent/locks/AbstractQueuedSynchronizer setState (I)V 6 30 0 java/io/BufferedWriter implWrite (Ljava/lang/String;II)V 7 1 0 java/io/BufferedWriter ensureOpen ()V 7 6 0 java/io/BufferedWriter growIfNeeded (I)V 7 39 0 java/io/BufferedWriter min (II)I 7 60 0 java/lang/String getChars (II[CI)V 8 3 0 java/lang/String length ()I 9 6 0 java/lang/String coder ()B 8 6 0 java/lang/String checkBoundsBeginEnd (III)V 9 6 0 jdk/internal/util/Preconditions checkFromToIndex (IIILjava/util/function/BiFunction;)I 8 16 0 java/lang/String checkBoundsOffCount (III)I 9 6 0 jdk/internal/util/Preconditions checkFromIndexSize (IIILjava/util/function/BiFunction;)I 8 21 0 java/lang/String isLatin1 ()Z 8 36 0 java/lang/StringLatin1 getChars ([BII[CI)V 6 35 0 jdk/internal/misc/InternalLock unlock ()V 7 4 0 java/util/concurrent/locks/ReentrantLock unlock ()V 8 5 0 java/util/concurrent/locks/AbstractQueuedSynchronizer release (I)Z 9 2 0 java/util/concurrent/locks/ReentrantLock$Sync tryRelease (I)Z 10 1 0 java/util/concurrent/locks/AbstractQueuedSynchronizer getState ()I 10 8 0 java/util/concurrent/locks/AbstractOwnableSynchronizer getExclusiveOwnerThread ()Ljava/lang/Thread; 10 41 0 java/util/concurrent/locks/AbstractOwnableSynchronizer setExclusiveOwnerThread (Ljava/lang/Thread;)V 10 46 0 java/util/concurrent/locks/AbstractQueuedSynchronizer setState (I)V 9 12 0 java/util/concurrent/locks/AbstractQueuedSynchronizer signalNext (Ljava/util/concurrent/locks/AbstractQueuedSynchronizer$Node;)V 4 16 0 java/io/BufferedWriter flushBuffer ()V
